,Crop_Protection_Application_Doses,Soil_Organic_Matter,Yield_kg_per_Ha,Total_N,Total_P,Total_K
0,14.0,2.5,3049.333333333333,205.5,48.0,48.0
1,18.0,2.5,3575.055555555556,492.0,216.0,216.0
2,13.0,2.5,3116.2,198.0,60.0,60.0
3,9.0,2.5,7678.888888888889,202.4,95.2,96.0
4,9.0,2.5,7756.363636363636,179.4,95.2,90.0
5,10.0,2.5,8235.2,179.4,95.2,102.0
6,9.0,2.5,8178.0,207.85000000000002,122.6,138.0
7,10.0,2.5,7470.315789473684,179.95000000000002,97.8,102.0
8,17.0,2.5,8674.7,177.5,75.0,140.0
9,9.0,2.5,5015.5,135.0,0.0,0.0
10,15.0,2.5,11978.28125,99.55,119.6,0.0
11,15.0,2.5,8771.363636363636,206.0,104.0,120.0
12,17.0,2.5,7753.2692307692305,196.8,104.0,120.0
13,20.0,2.5,8737.058823529413,209.8,85.0,90.0
14,19.0,2.5,8637.333333333334,196.8,104.0,120.0
15,16.0,2.5,5898.333333333333,229.0,104.0,108.0
16,23.0,2.5,6616.829268292683,217.0,156.0,90.0
17,19.0,2.5,5581.979166666667,214.7,156.0,108.0
18,19.0,2.5,5845.0,212.4,156.0,90.0
19,14.0,2.5,6613.846153846154,99.55,119.6,0.0
20,15.0,2.5,6687.857142857143,16.5,78.0,0.0
21,13.0,2.5,4854.146341463415,209.3,119.6,132.0
22,13.0,2.5,4907.093023255814,209.3,119.6,132.0
23,15.0,2.5,3373.333333333333,0.0,0.0,90.0
24,10.0,2.5,4364.0,220.0,108.0,150.0
25,16.0,2.5,7129.333333333333,220.0,108.0,270.0
26,18.0,2.5,7101.0,25.3,119.6,120.0
27,19.0,2.5,6639.666666666667,25.3,119.6,120.0
28,15.0,2.5,6489.5,25.3,119.6,120.0
29,21.0,2.5,8330.0,25.3,119.6,120.0
30,16.0,2.5,6873.333333333333,25.3,119.6,120.0
31,13.0,2.5,7185.0,25.3,119.6,120.0
32,15.0,2.5,8398.99096068951,17.93,84.76,69.6
33,15.0,2.5,8854.282990603295,25.52,120.64,117.6
34,15.0,2.5,8654.46682839363,13.75,65.0,123.6
35,15.0,2.5,7692.449156209434,15.84,74.88,121.8
36,15.0,2.5,9146.819955700876,108.1306,97.9992,105.0
37,15.0,2.5,8609.218436873747,20.5183,96.9956,111.6
38,15.0,2.5,8957.34126984127,23.87,112.84,82.8
39,15.0,2.5,9069.224137931034,100.60000000000001,62.4,84.0
40,15.0,2.5,9911.151736745886,100.60000000000001,62.4,145.99800000000002
41,15.0,2.5,7140.826446280992,22.0,104.0,0.0
42,15.0,2.5,8248.023952095808,22.0,104.0,0.0
43,16.0,2.5,9297.166666666666,186.3,119.6,120.0
44,15.0,2.5,8500.70588235294,94.3,119.6,120.0
45,15.0,2.5,4653.882352941177,201.38,82.16,102.0
46,19.0,2.5,6022.033898305085,214.52,79.04,111.0
47,21.0,2.5,7221.714285714285,200.72,79.04,117.0
48,21.0,2.5,2361.45447983398,209.3,119.6,0.0
49,22.0,2.5,4633.441383036196,209.3,119.6,0.0
50,13.0,2.5,4860.881277660189,163.3,119.6,0.0
51,13.0,2.5,4996.134483998562,209.3,119.6,120.0
52,20.0,2.5,5461.153846153846,188.26000000000002,107.12,120.0
53,20.0,2.5,6461.785714285715,197.13,105.56,90.0
54,18.0,2.5,7190.566037735849,187.93,105.56,120.0
55,15.0,2.5,7512.5,22.0,104.0,72.0
56,15.0,2.5,8578.942307692309,114.0,104.0,72.0
57,15.0,2.5,7708.988764044944,204.0,104.0,72.0
58,20.0,2.5,8712.75,201.6,83.2,108.0
59,16.0,2.5,8740.93023255814,201.6,83.2,102.0
60,16.0,2.5,6153.333333333333,208.3,104.0,120.0
61,13.0,2.5,7102.875,207.28,114.4,108.0
62,15.0,2.5,9339.53846153846,206.35999999999999,114.4,108.0
63,15.0,2.5,9348.25,203.7,104.0,108.0
64,12.0,2.5,5494.769230769231,205.89999999999998,114.4,108.0
65,15.0,2.5,8804.222222222223,208.2,114.4,90.0
66,8.0,2.5,8261.25,174.8,0.0,120.0
67,13.0,2.5,7737.6,174.8,0.0,120.0
68,11.0,2.5,8530.0,174.8,0.0,120.0
69,12.0,2.5,8271.533333333333,192.2,104.0,0.0
70,12.0,2.5,8546.5625,192.2,104.0,0.0
71,11.0,2.5,7845.057471264367,187.6,104.0,0.0
72,21.0,2.5,4886.357142857143,0.44,2.08,0.0
73,19.0,2.5,8715.555555555555,210.0,119.6,120.0
74,19.0,2.5,8331.743119266055,145.6,119.6,240.0
75,18.0,2.5,8048.495575221239,85.8,119.6,120.0
76,16.0,2.5,8352.192982456141,59.8,0.0,120.0
77,17.0,2.5,8712.521739130434,26.0,119.6,120.0
78,15.0,2.5,6688.068181818182,33.0,99.0,105.0
79,15.0,2.5,7028.653846153846,206.0,78.0,90.0
80,15.0,2.5,5214.333333333333,35.0,105.0,97.8
81,15.0,2.5,6849.423076923077,33.0,99.0,96.0
82,15.0,2.5,6524.180327868852,33.0,99.0,96.0
83,15.0,2.5,7230.178571428572,33.0,99.0,0.0
84,15.0,2.5,5972.533333333334,33.0,99.0,106.2
85,23.0,2.5,3991.285714285714,120.6,135.2,90.0
86,20.0,2.5,9939.23076923077,199.6,115.44,108.0
87,16.0,2.5,8619.411764705883,215.2,230.88,216.0
88,22.0,2.5,7023.560209424084,148.5,104.0,120.0
89,14.0,2.5,4494.579439252337,149.88,104.0,120.0
90,15.0,2.5,4455.333333333333,150.8,104.0,120.0
91,46.0,2.5,4699.090909090909,299.0,239.2,240.0
92,18.0,2.5,6549.430894308943,153.0,114.4,120.0
93,15.0,2.5,6563.369565217391,192.00000000000003,124.8,0.0
94,15.0,2.5,5513.484848484848,192.00000000000003,124.8,0.0
95,10.0,2.5,6532.359550561798,199.0,90.0,132.0
96,14.0,2.5,7361.186440677966,199.0,90.0,120.0
97,14.0,2.5,6310.833333333333,197.3,79.8,125.6
98,13.0,2.5,4554.6875,81.5,130.0,120.0
99,11.0,2.5,4720.0,54.0,0.0,120.0
100,12.0,2.5,5190.5,54.0,0.0,120.0
101,15.0,2.5,5149.032258064516,54.0,0.0,120.0
102,15.0,2.5,3658.707482993197,22.0,104.0,0.0
103,17.0,2.5,2904.9333333333334,206.66,107.12,120.0
104,18.0,2.5,6827.5,208.86,117.52,120.0
105,17.0,2.5,6970.333333333333,208.86,117.52,120.0
106,14.0,2.5,7955.7,170.4,0.0,108.0
107,18.0,2.5,8902.285714285714,176.4,0.0,114.0
108,20.0,2.5,7622.285714285715,170.4,0.0,108.0
109,21.0,2.5,6999.6,100.87,85.04,112.2
110,25.0,2.5,4735.714285714285,101.19999999999999,86.60000000000001,123.6
111,21.0,2.5,3013.333333333333,114.25999999999999,84.52000000000001,125.4
112,21.0,2.5,3551.1428571428573,114.25999999999999,84.52000000000001,124.8
113,25.0,2.5,2687.872340425532,103.75999999999999,106.72,118.8
114,25.0,2.5,2283.913043478261,101.19999999999999,86.60000000000001,125.4
115,13.0,2.5,6178.769230769231,186.3,119.6,132.0
116,15.0,2.5,6447.166666666667,169.5,0.0,0.0
117,13.0,2.5,7114.615384615385,169.5,0.0,0.0
118,15.0,2.5,10225.818181818182,169.5,0.0,0.0
119,16.0,2.5,7836.022727272727,169.5,0.0,0.0
120,16.0,2.5,7288.921568627451,169.5,0.0,0.0
121,13.0,2.5,8016.542056074766,169.5,0.0,0.0
122,20.0,2.5,8445.285714285714,274.6,119.6,132.0
123,17.0,2.5,7234.375,192.9,124.8,132.0
124,18.0,2.5,5850.181818181818,192.9,124.8,132.0
125,15.0,2.5,7211.111111111111,96.5,56.0,128.0
126,15.0,2.5,6667.222222222223,96.5,56.0,128.0
127,15.0,2.5,8070.4,96.5,56.0,128.0
128,10.0,2.5,7160.8,137.0,56.0,128.0
129,15.0,2.5,7914.827586206897,96.5,56.0,128.0
130,15.0,2.5,8120.0,96.5,56.0,128.0
131,11.0,2.5,8572.242804217725,312.7,56.0,128.0
132,9.0,2.5,9321.6,206.9,56.0,128.0
133,12.0,2.5,9471.111111111111,206.9,56.0,128.0
134,15.0,2.5,7827.222222222223,96.5,56.0,128.0
135,15.0,2.5,6494.736842105263,96.5,56.0,128.0
136,8.0,2.5,7858.780487804878,96.5,56.0,128.0
137,15.0,2.5,8167.5,96.5,56.0,128.0
138,15.0,2.5,7499.68,107.5,114.7,114.0
139,15.0,2.5,7410.72,107.5,114.7,114.0
140,15.0,2.5,8659.25,218.65,163.8,120.0
141,9.0,2.5,8139.75,200.25,120.25,120.0
142,8.0,2.5,6956.631578947368,199.5,114.7,114.0
143,10.0,2.5,8805.4,224.0,120.0,138.0
144,15.0,2.5,6583.0,224.0,120.0,138.0
145,15.0,2.5,7691.6,160.0,104.0,180.0
146,16.0,2.5,8151.509433962264,160.0,104.0,120.0
147,14.0,2.5,4222.916666666667,116.2,114.4,0.0
148,11.0,2.5,5948.166666666667,115.0,0.0,0.0
149,13.0,2.5,3638.769230769231,208.2,114.4,0.0
150,13.0,2.5,5611.589743589743,85.4,0.0,0.0
151,16.0,2.5,3926.5,108.8,110.4,85.2
152,11.0,2.5,7088.0,202.0,108.0,150.0
153,10.0,2.5,6863.368421052632,202.0,108.0,150.0
154,15.0,2.5,12122.0,186.65,127.8,139.8
155,15.0,2.5,2010.1333333333332,186.65,127.8,139.8
156,14.0,2.5,6679.384615384615,115.3,119.6,120.0
157,13.0,2.5,7030.571428571428,138.0,0.0,0.0
158,12.0,2.5,6781.041666666667,138.0,0.0,0.0
159,18.0,2.5,6947.452830188679,138.0,0.0,0.0
160,16.0,2.5,6234.054054054054,199.0,111.0,132.0
161,13.0,2.5,7783.466666666666,199.0,111.0,132.0
162,19.0,2.5,6045.238095238095,199.0,111.0,132.0
163,22.0,2.5,6463.9,292.5,78.0,108.0
164,22.0,2.5,7839.1,194.0,70.0,128.0
165,17.0,2.5,6208.125,217.66,73.12,128.0
166,21.0,2.5,11079.56043956044,171.0,70.0,128.0
167,16.0,2.5,7862.777777777777,220.0,108.0,150.0
168,17.0,2.5,7277.407407407408,220.0,108.0,150.0
169,17.0,2.5,6498.360655737705,220.0,108.0,150.0
170,15.0,2.5,3659.020979020979,16.5,78.0,108.0
171,12.0,2.5,5920.865994774169,200.32,117.24,120.0
172,15.0,2.5,5585.280080381814,198.55,106.19999999999999,120.0
173,16.0,2.5,6939.067378386544,198.275,104.89999999999999,120.0
174,20.0,2.5,6337.936154417224,200.49,119.38,120.0
175,16.0,2.5,6838.920900995286,200.105,117.56,120.0
176,18.0,2.5,6835.833333333333,198.66,106.72,120.0
177,14.0,2.5,4542.794117647059,186.3,119.6,132.0
178,11.0,2.5,4341.0,186.3,119.6,0.0
179,23.0,2.5,7416.722222222223,212.1,83.2,100.2
180,21.0,2.5,4730.902377105931,211.5,130.0,150.0
181,21.0,2.5,4390.595009596929,211.5,130.0,150.0
182,21.0,2.5,7440.571428571428,211.5,130.0,150.0
183,22.0,2.5,6708.032128514056,211.5,130.0,150.0
184,8.0,2.5,9276.57142857143,297.12,99.84,97.2
185,8.0,2.5,8748.695652173914,297.23,100.36,97.2
186,13.0,2.5,8759.0,297.01,99.32,108.0
187,13.0,2.5,7341.111111111111,297.45,101.4,111.0
188,15.0,2.5,7038.75,297.56,101.92,111.0
189,15.0,2.5,8870.0,228.34,100.88,97.8
190,10.0,2.5,10769.454545454546,185.2,120.0,130.0
191,19.0,2.5,7521.25,197.9,109.2,69.0
192,18.0,2.5,7253.0,213.3,182.0,75.0
193,17.0,2.5,10580.588235294115,209.3,119.6,120.0
194,14.0,2.5,11482.658227848102,209.3,119.6,120.0
195,12.0,2.5,9292.307692307691,209.3,119.6,120.0
196,24.0,2.5,6757.086614173229,200.28,76.96,103.2
197,24.0,2.5,6328.676470588235,200.28,76.96,105.0
198,24.0,2.5,7115.833333333333,203.57999999999998,92.56,103.2
199,24.0,2.5,7462.317073170731,199.18,71.76,103.2
200,21.0,2.5,7727.701149425287,199.18,71.76,82.2
201,23.0,2.5,8327.8,200.17000000000002,76.44,100.2
202,10.0,2.5,7509.6,155.7,0.0,120.0
203,15.0,2.5,7468.571428571428,124.2,0.0,132.0
204,10.0,2.5,5949.333333333333,155.7,0.0,120.0
205,10.0,2.5,8927.565217391304,31.5,0.0,120.0
206,22.0,2.5,7112.815533980583,206.0,104.0,102.0
207,18.0,2.5,8368.155339805826,206.0,104.0,105.0
208,19.0,2.5,3772.127659574468,212.6,135.2,132.0
209,14.0,2.5,8632.333333333334,109.8,101.2,0.0
210,14.0,2.5,7972.0,202.0,110.0,0.0
211,15.0,2.5,8078.8,199.8,101.2,0.0
212,13.0,2.5,9496.0,109.8,101.2,0.0
213,22.0,2.5,4527.25,285.8,0.0,114.0
214,23.0,2.5,4091.84,185.6,108.0,122.0
215,19.0,2.5,6277.76,224.0,108.0,122.0
216,24.0,2.5,6291.6,224.0,108.0,122.0
217,24.0,2.5,6391.44,250.0,108.0,122.0
218,22.0,2.5,8513.84,204.0,108.0,122.0
219,19.0,2.5,7780.261437908497,141.4,124.8,132.0
220,21.0,2.5,8623.225806451614,201.6,83.2,100.2
221,15.0,2.5,10497.584745762711,200.28,76.96,100.2
222,18.0,2.5,7712.051282051282,162.275,1.3,115.8
223,15.0,2.5,6163.571428571428,191.675,113.3,115.8
224,16.0,2.5,6139.166666666667,192.2,127.6,115.8
225,20.0,2.5,7598.818181818182,162.0,0.0,115.8
226,8.0,2.5,6052.8,154.4,255.2,0.0
227,16.0,2.5,6679.238095238095,199.4,112.0,115.8
228,22.0,2.5,7915.142857142857,177.0,0.0,115.8
229,24.0,2.5,7722.0,171.5,73.5,96.0
230,21.0,2.5,6595.576923076923,171.5,73.5,96.0
231,14.0,2.5,5946.145833333333,104.86,86.64,77.07
232,17.0,2.5,3980.8547008547007,172.0,0.0,80.0
233,22.0,2.5,4981.4,146.0,0.0,133.8
234,15.0,2.5,4029.2473118279568,172.0,0.0,80.0
235,15.0,2.5,4163.870967741936,172.0,0.0,80.0
236,24.0,2.5,3058.333333333333,210.84,126.88,105.0
237,21.0,2.5,2771.078431372549,215.24,147.68,120.0
238,22.0,2.5,3144.879518072289,216.34,152.88000000000002,120.0
239,26.0,2.5,2507.4,198.94,109.38,120.0
240,22.0,2.5,2162.8571428571427,215.24,147.68,120.0
241,8.0,2.5,5387.460317460317,186.3,0.0,120.0
242,15.0,2.5,7557.058823529412,200.2,119.88,132.0
243,20.0,2.5,6034.857142857143,201.16,81.12,80.4
244,20.0,2.5,7116.666666666667,200.72,79.04,96.0
245,20.0,2.5,2645.266666666667,216.34,152.88000000000002,120.0
246,19.0,2.5,2991.969696969697,215.24,147.68,120.0
247,23.0,2.5,2490.851063829787,206.44,106.08,105.0
248,15.0,2.5,5822.153846153846,0.0,0.0,120.0
249,12.0,2.5,11270.5,161.0,120.0,122.0
250,15.0,2.5,5327.111111111111,25.3,119.6,0.0
251,9.0,2.5,10953.25,185.2,120.0,70.0
252,12.0,2.5,5955.416666666667,235.04000000000002,145.6,130.2
253,15.0,2.5,9202.135922330095,132.6,83.2,96.0
254,21.0,2.5,8292.0,212.6,135.2,90.0
255,16.0,2.5,7427.25,236.0,93.6,102.0
256,16.0,2.5,7566.5,220.3,143.6,152.0
257,15.0,2.5,6394.0,236.0,93.6,102.0
258,13.0,2.5,7467.254901960784,186.3,0.0,120.0
259,9.0,2.5,9647.333333333334,185.2,120.0,130.0
260,26.0,2.5,7742.875,171.5,73.5,96.0
261,26.0,2.5,6551.066666666667,172.0,77.0,192.0
262,12.0,2.5,4734.444444444444,208.2,114.4,0.0
263,12.0,2.72,4734.25,24.2,114.4,0.0
264,20.0,3.950561797752809,6921.797752808989,157.45,80.6,111.0
265,20.0,3.2,6345.0,137.53500000000003,77.22,109.98
266,22.0,3.4,5768.148148148148,97.878,79.976,98.16
267,23.0,3.0,5385.4098360655735,133.9,88.4,100.2
268,20.0,2.459999918937683,7526.341463414634,204.9,98.8,108.0
269,25.0,2.837500015894572,7687.6,111.8,93.6,108.0
270,20.0,3.4375,7526.354166666667,19.8,93.6,120.0
271,21.0,3.0125,1434.888888888889,244.5,286.0,0.0
272,13.0,2.230769230769231,5278.0,244.5,286.0,0.0
273,15.0,3.330000000000003,6480.0,213.7,140.4,138.0
274,21.0,2.9875,9095.272595544286,210.4,124.8,150.0
275,21.0,3.1,8130.11063011063,190.8,249.6,0.0
276,15.0,3.0355140186915888,3024.769230769231,15.0,90.0,120.0
277,15.0,3.318181818181818,2710.3076923076924,15.0,90.0,120.0
278,15.0,3.0355140186915888,3024.8571428571427,15.0,90.0,120.0
279,15.0,3.1419354838709674,3266.830065359477,15.0,90.0,120.0
280,15.0,2.67,6736.851851851852,34.4,120.4,68.8
281,15.0,2.66,6363.333333333333,34.4,120.4,68.8
282,15.0,2.66,3400.0,34.4,120.4,68.8
283,15.0,2.76,7722.5,34.4,120.4,68.8
284,15.0,2.62,4736.5,34.4,120.4,68.8
285,15.0,2.8,6221.428571428572,34.4,120.4,68.8
286,15.0,2.22,4187.666666666667,34.4,120.4,68.8
287,15.0,2.2394736842105263,3097.375,204.6,130.0,130.2
288,15.0,2.4363636363636365,2185.0,204.6,130.0,130.2
289,24.0,2.6045454545454545,1858.9166666666667,204.6,130.0,130.2
290,15.0,3.525,4175.988023952096,130.20000000000002,93.6,120.0
291,15.0,2.3200000000000003,7972.954545454545,0.0,0.0,120.0
292,9.0,3.595,4123.609467455622,19.8,93.6,120.0
293,9.0,3.365,6385.785123966943,185.95000000000002,96.2,120.0
294,15.0,2.407264,8170.533333333334,0.0,0.0,120.0
295,15.0,2.5,7342.524916943521,247.0,120.0,160.0
296,15.0,2.5,7342.532467532467,247.0,120.0,160.0
297,12.0,2.95,7889.0625,184.0,0.0,0.0
298,12.0,2.9,7350.1984126984125,184.0,0.0,0.0
299,14.0,3.2,8663.257670241956,184.0,0.0,0.0
300,13.0,2.9,7879.950083194675,184.0,0.0,0.0
301,21.0,3.8,6652.177246243484,187.76,135.2,120.0
302,21.0,3.4,7674.285714285715,189.14,135.2,111.0
303,24.0,3.6,7704.150943396226,179.88,93.6,103.8
304,23.0,2.6153846153846154,5666.153846153846,14.0,152.0,0.0
305,18.0,2.3625,5678.461538461538,14.0,152.0,0.0
306,17.0,3.4,9272.75,210.98,88.4,114.0
307,22.0,1.662,4491.777777777777,19.8,93.6,114.0
308,20.0,3.7,6625.538461538462,111.8,93.6,90.0
309,15.0,2.5,6030.0,213.0,93.6,108.0
310,21.0,3.6,6828.0,201.6,83.2,108.0
311,17.0,3.5,6522.888888888889,200.39999999999998,88.4,108.0
312,19.0,2.0926829268292684,6377.125,232.5,98.8,108.0
313,16.0,3.5,9417.692307692309,208.4,93.6,90.0
314,17.0,1.825,7513.461538461538,20.9,98.8,108.0
315,17.0,1.5182795698924731,7513.406593406594,19.8,93.6,90.0
316,20.0,3.362285714285714,10312.378048780489,187.60000000000002,104.0,0.0
317,13.0,3.445714285714285,8392.413793103447,179.4,0.0,0.0
318,18.0,3.524375,8814.133333333333,201.4,104.0,0.0
319,14.0,3.546875,8181.142857142857,187.60000000000002,104.0,132.0
320,14.0,2.5,8424.9,201.4,104.0,0.0
321,15.0,3.1,7688.625,206.0,104.0,108.0
322,15.0,2.5,7189.28,232.0,120.0,120.0
323,17.0,2.5,4777.294117647059,280.0,240.0,210.0
324,15.0,2.845833333333333,6207.2,237.5,105.0,120.0
325,15.0,3.0529411764705885,6363.365384615385,242.0,105.0,155.0
326,15.0,2.5821428571428573,6517.666666666667,242.0,105.0,35.0
327,15.0,3.1923076923076925,6207.295081967213,242.0,105.0,0.0
328,15.0,2.6923076923076925,5389.886363636364,242.0,105.0,120.0
329,22.0,2.988888889,7723.823529411765,217.22,157.04,120.0
330,17.0,1.982222222,6000.0,263.0,156.0,139.8
331,15.0,3.2851851850000005,5861.634615384615,217.0,156.0,138.0
332,17.0,2.23,3918.362068965517,221.6,156.0,120.0
333,24.0,2.66,4545.245901639344,204.5,128.0,56.0
334,23.0,2.25,4856.724137931034,137.0,128.0,56.0
335,20.0,2.45,5207.6,56.0,128.0,56.0
336,20.0,2.74,3466.0,96.5,128.0,56.0
337,20.0,2.88,4227.5,96.5,128.0,56.0
338,19.0,2.45,5207.831325301205,204.5,56.0,128.0
339,23.0,2.41,5899.36507936508,204.5,128.0,56.0
340,21.0,2.45,5208.181818181818,204.5,56.0,128.0
341,20.0,2.5,3395.714285714286,137.0,128.0,56.0
342,19.0,2.6,1768.4552845528456,150.8,104.0,108.0
343,21.0,2.7,2084.205607476636,150.8,104.0,108.0
344,19.0,3.4,1578.9528795811518,150.8,104.0,108.0
345,20.0,2.9,947.4545454545456,150.8,104.0,108.0
346,20.0,3.1,3600.0,150.8,104.0,108.0
347,17.0,2.5,4048.0434782608695,230.1,129.5,18.5
348,10.0,2.293846153846154,5682.247191011236,198.17000000000002,92.6,120.0
349,13.0,3.785454545454545,7694.444444444444,184.37,92.6,120.0
350,12.0,3.2555555555555555,3540.0,184.59,93.64,168.0
351,15.0,3.01,2775.0714285714284,55.2,0.0,0.0
352,24.0,2.7826666666666666,6588.4,206.44,106.08,90.0
353,11.0,2.33,8965.0,175.6,0.0,173.6
354,15.0,2.1,7992.5,83.6,0.0,173.6
355,23.0,2.2,5438.200582687275,207.04000000000002,102.68,132.6
356,20.0,3.1,5404.768583450211,207.04000000000002,102.68,132.0
357,21.0,2.6,5404.920913884007,207.04000000000002,102.68,132.0
358,15.0,2.5,4800.0,121.7,140.4,138.0
359,19.0,2.5,3721.794871794872,252.8,112.0,64.0
360,20.0,2.8705882352941177,8468.058252427185,228.51999999999998,120.64,132.0
361,14.0,3.2375,7712.058823529412,144.72,105.04,120.0
362,18.0,2.803125,8516.31067961165,228.85,122.2,120.0
363,20.0,2.34375,8629.801980198019,228.85,122.2,132.0
364,17.0,2.771875,8148.333333333333,227.2,114.4,120.0
365,15.0,2.8657142857142857,7712.115384615385,147.8,119.6,120.0
366,19.0,2.9611111111111112,8784.857142857143,228.74,121.68,132.0
367,18.0,2.1638888888888888,7712.056074766355,228.51999999999998,120.64,120.0
368,16.0,3.203333333333333,5810.606060606061,228.51999999999998,120.64,120.0
369,19.0,3.55625,8856.9,228.51999999999998,120.64,132.0
370,21.0,3.17,7118.876404494382,228.51999999999998,120.64,132.0
371,11.0,3.6208333333333336,5672.526315789473,200.0,118.4,120.0
372,14.0,3.6583333333333337,4480.0,200.0,118.4,120.0
373,11.0,3.6125,9096.666666666666,200.0,118.4,120.0
374,11.0,3.201639344262295,5672.583333333333,200.0,118.4,120.0
375,14.0,3.778688524590164,4582.8,200.0,118.4,120.0
376,13.0,3.756666666666667,4080.0,200.0,118.4,120.0
377,13.0,2.55,4734.420500873616,204.5,56.0,128.0
378,15.0,2.55,5089.285714285715,204.5,56.0,132.8
379,15.0,2.46,5089.423648247178,204.5,56.0,128.0
380,15.0,2.43,5088.96551724138,204.5,56.0,128.0
381,9.0,2.375,4941.2855377008655,204.5,56.0,128.0
382,15.0,3.648484848484848,6571.985294117647,159.3,114.4,114.0
383,15.0,3.574647887323944,7423.928571428572,159.3,112.2,114.0
384,15.0,2.5,11529.833333333334,116.2,114.4,0.0
385,15.0,2.5,8623.333333333334,125.4,114.4,0.0
386,9.0,2.275294117647059,7384.7,42.0,0.0,99.0
387,15.0,2.132941176470588,2945.75,40.0,0.0,30.0
388,15.0,3.245,8827.368421052632,0.0,0.0,99.0
389,16.0,1.8857142857142857,6600.0,209.0,70.0,97.0
390,15.0,1.7,1578.8709677419354,209.0,70.0,97.0
391,15.0,2.20625,3538.695652173913,196.65,70.84,72.0
392,11.0,1.586111111111111,5800.0,196.65,93.61,72.0
393,17.0,1.9933333333333332,6600.0,209.0,70.0,97.0
394,12.0,2.225,2210.5333333333333,209.0,70.0,97.0
395,21.0,2.5,8348.22966507177,198.33,105.16,120.0
396,19.0,2.5,8765.66037735849,109.22,103.6,120.0
397,8.0,2.750270276456266,4613.4,0.22,1.04,0.0
398,12.0,1.5,2210.531914893617,209.0,70.0,97.0
399,19.0,3.1,9223.606557377048,210.8,108.0,162.0
400,18.0,3.1,8970.555555555555,220.0,108.0,162.0
401,15.0,2.5,3266.7832167832166,0.0,0.0,90.0
402,23.0,2.1875,7070.7019967349,196.41,90.07000000000001,0.0
403,21.0,1.8125,7070.6731367425655,196.41,90.07000000000001,0.0
404,21.0,2.24,5328.645833333333,226.26,106.72,0.0
405,22.0,1.988888888888889,7513.445462785779,196.41,90.07000000000001,0.0
406,21.0,1.776923076923077,7871.1952487008175,210.21,90.07000000000001,0.0
407,21.0,1.6933333333333334,7871.193765961626,225.59,100.88,0.0
408,22.0,2.5,5861.645569620253,206.44,106.08,120.0
409,23.0,2.5,4806.588235294118,206.44,106.08,120.0
410,20.0,2.5,4806.538461538462,206.44,106.08,120.0
411,23.0,4.9,7952.4,209.63,121.16,120.0
412,21.0,5.746666666666667,6542.461538461538,209.63,121.16,120.0
413,23.0,5.63,7501.692307692308,209.63,121.16,120.0
414,22.0,5.58,4867.6,209.63,121.16,120.0
415,18.0,5.46,6006.75,209.63,121.16,120.0
416,21.0,5.430769230769231,5895.826086956522,209.63,121.16,120.0
417,13.0,3.725806160860284,8669.655172413793,125.30000000000001,78.0,84.0
418,22.0,3.641414141414141,5040.0,128.5,78.0,66.0
419,13.0,2.5,7920.0,131.7,78.0,84.0
420,27.0,2.8,4800.0,171.5,77.7,90.0
421,27.0,3.5,4680.0,171.5,77.7,120.0
422,15.0,2.5,5190.0,92.0,0.0,0.0
423,15.0,3.0,1608.6046511627908,208.2,114.4,0.0
424,23.0,1.6800000000000002,9207.592592592591,145.0,104.0,120.0
425,17.0,1.5666666666666669,9349.444444444443,145.0,104.0,120.0
426,26.0,2.4511111111111115,7070.72,145.0,104.0,120.0
427,24.0,2.542222222222222,5280.0,143.0,92.0,120.0
428,25.0,1.551923076923077,7871.192052980133,145.0,104.0,120.0
429,19.0,2.7,5519.069767441861,92.0,0.0,0.0
430,12.0,2.69875,4573.619047619048,194.0,94.0,90.0
431,19.0,2.89,7602.166666666667,194.0,94.0,90.0
432,18.0,2.635,6183.238095238095,194.0,94.0,90.0
433,17.0,2.7625,7874.272727272727,194.0,94.0,90.0
434,17.0,2.38,6634.102564102564,194.0,94.0,90.0
435,15.0,4.4,2324.6,10.0,94.0,90.0
436,15.0,2.93,2324.5238095238096,10.0,94.0,90.0
437,17.0,3.3,4800.0,180.7,77.7,102.0
438,29.0,3.1,3792.9,171.5,77.7,78.0
439,27.0,3.35,3612.1951219512193,171.5,77.7,78.0
440,30.0,3.05,3612.1917808219177,171.5,77.7,78.0
441,15.0,2.8,9984.857142857143,38.0,91.2,38.0
442,14.0,3.4595238095238097,4648.488372093023,211.7,109.2,0.0
443,15.0,3.905769230769231,4648.431372549019,423.4,218.4,204.0
444,20.0,3.325,6837.65306122449,115.1,109.2,102.0
445,16.0,3.4477611940298507,8205.151515151516,211.7,109.2,0.0
446,25.0,3.1818181818181817,8205.166666666666,207.1,109.2,0.0
447,12.0,2.7125,6477.0,207.65,111.8,120.0
448,11.0,2.2285714285714286,4453.0,207.65,111.8,120.0
449,16.0,2.18125,3628.0,207.65,111.8,120.0
450,14.0,2.1707317073170733,2670.75,207.65,111.8,120.0
451,17.0,0.4,2225.0,199.4,72.8,120.0
452,17.0,2.7564102564102564,5091.914893617021,153.8,93.6,120.0
453,23.0,2.5,7201.851851851852,210.0,104.0,120.0
454,13.0,2.661904761904762,5091.964285714285,153.8,93.6,108.0
455,16.0,2.6166666666666667,5092.0,153.8,93.6,90.0
456,25.0,2.5,7029.069767441861,108.1,83.2,120.0
457,25.0,2.7564102564102564,6981.276595744681,210.0,104.0,120.0
458,14.0,2.5708333333333333,4054.7619047619046,206.4,78.4,134.8
459,16.0,2.5278260869565217,4054.7619047619046,153.8,93.6,120.0
460,15.0,3.2,5927.894736842105,206.4,112.0,120.0
461,15.0,4.2,7680.0,203.2,96.0,108.0
462,15.0,3.5,6623.958333333333,203.2,96.0,108.0
463,15.0,3.6,8280.0,203.2,96.0,108.0
464,15.0,4.4,7668.0,203.2,96.0,108.0
465,15.0,2.3,7668.0,203.2,96.0,108.0
466,22.0,2.7071428571428573,6399.72972972973,203.2,96.0,90.0
467,19.0,2.4,5748.035714285715,203.2,96.0,90.0
468,17.0,3.046875,4054.754098360656,156.4,78.4,164.8
469,15.0,2.5,4650.769230769231,215.4,108.0,168.0
470,15.0,3.1,6298.125,220.0,108.0,162.0
471,15.0,3.1,8210.882352941177,220.0,108.0,174.0
472,9.0,3.540625,11689.75,191.34,121.68,138.0
473,10.0,2.8833333333333333,9552.08695652174,191.34,121.68,138.0
474,12.0,2.940625,10369.565217391304,177.32000000000002,120.64,138.0
475,19.0,2.5,4670.967741935484,218.5,119.6,0.0
476,25.0,2.43,11398.984771573603,200.28,76.96,0.0
477,20.0,2.59,11261.478260869566,203.57999999999998,92.56,102.0
478,21.0,2.0,9490.78073089701,200.28,76.96,0.0
479,20.0,2.68625,4299.875,215.24,147.68,90.0
480,24.0,3.8146874999999993,8516.307692307691,215.79,150.28,90.0
481,20.0,3.5370000000000004,4299.8,215.24,147.68,90.0
482,19.0,3.5775,6908.25,215.24,147.68,120.0
483,24.0,1.5891891891891892,10182.933333333332,271.55,132.6,108.0
484,21.0,1.5192307692307692,11515.6,271.77,133.64,108.0
485,20.0,2.1115384615384616,8252.4,258.05,132.6,108.0
486,24.0,1.4675675675675677,8504.8,271.55,132.6,108.0
487,15.0,2.7,5498.266666666666,112.0,86.4,78.0
488,15.0,2.66,5880.0,128.0,86.4,36.0
489,25.0,2.5,9267.777777777776,208.0,136.0,168.0
490,15.0,2.8,5392.731741573034,44.1,0.0,120.0
491,19.0,3.333333333333333,5610.5,208.10000000000002,98.8,90.0
492,21.0,3.2583333333333337,5610.416666666667,208.10000000000002,98.8,90.0
493,22.0,2.89375,5610.540540540541,210.4,98.8,90.0
494,21.0,3.18125,8378.648648648648,170.3,98.8,90.0
495,19.0,2.812903225806452,5610.5970149253735,173.5,98.8,90.0
496,18.0,4.16,5955.0,242.0,0.0,100.0
497,21.0,2.5,6707.4,265.0,0.0,100.0
498,22.0,2.91,3566.6129032258063,265.0,0.0,100.0
499,18.0,3.3466666666666667,6105.581395348837,265.0,0.0,100.0
500,15.0,2.597850968320494,4073.493975903615,92.0,0.0,0.0
501,17.0,3.12,6969.677419354839,184.0,0.0,0.0
502,19.0,2.93,6969.636363636364,92.0,0.0,0.0
503,17.0,3.2400000000000007,7954.666666666667,207.0,0.0,0.0
504,18.0,4.25,6392.846153846154,184.0,0.0,0.0
