,Field_Name,CO2_kg_per_Ha,Crop_Protection_Application_Doses,Soil_Organic_Matter,Yield_kg_per_Ha,N_total_kg_per_ha,P_total_kg_per_ha,K_total_kg_per_ha
0,M6I2035,-220.35,14.0,2.5,3049.333333333333,205.5,48.0,48.0
1,M6I2036,3847.21,18.0,2.5,3575.055555555556,492.0,216.0,216.0
2,M6I2037,415.52,13.0,2.5,3116.2,198.0,60.0,60.0
3,M6I2009,724.51,9.0,2.5,7678.888888888889,202.4,95.2,96.0
4,M6I2010,502.1,9.0,2.5,7756.363636363636,179.4,95.2,90.0
5,M6I2011,539.27,10.0,2.5,8235.2,179.4,95.2,102.0
6,M6I20175,814.34,9.0,2.5,8178.0,207.85000000000002,122.6,138.0
7,M6I2022,549.46,10.0,2.5,7470.315789473684,179.95000000000002,97.8,102.0
8,M6I20134,730.99,17.0,2.5,8674.7,177.5,75.0,140.0
9,M6I2015,407.45,9.0,2.5,5015.5,135.0,0.0,0.0
10,M6I2016,314.58,15.0,2.5,11978.28125,99.55,119.6,0.0
11,M7I2030,1048.51,15.0,2.5,8771.363636363636,206.0,104.0,120.0
12,M7I2031,965.63,17.0,2.5,7753.2692307692305,196.8,104.0,120.0
13,M7I2032,1019.04,20.0,2.5,8737.058823529413,209.8,85.0,90.0
14,M7I2033,1034.53,19.0,2.5,8637.333333333334,196.8,104.0,120.0
15,M7I2034,1211.95,16.0,2.5,5898.333333333333,229.0,104.0,108.0
16,M7I2027,1238.38,23.0,2.5,6616.829268292683,217.0,156.0,90.0
17,M7I2028,1107.38,19.0,2.5,5581.979166666667,214.7,156.0,108.0
18,M7I2029,1084.94,19.0,2.5,5845.0,212.4,156.0,90.0
19,M6I2017,124.6,14.0,2.5,6613.846153846154,99.55,119.6,0.0
20,M6I2049,-653.39,15.0,2.5,6687.857142857143,16.5,78.0,0.0
21,M6I20151,920.28,13.0,2.5,4854.146341463415,209.3,119.6,132.0
22,M6I2069,922.04,13.0,2.5,4907.093023255814,209.3,119.6,132.0
23,M6I2052,-841.28,15.0,2.5,3373.333333333333,0.0,0.0,90.0
24,M6I20167,791.93,10.0,2.5,4364.0,220.0,108.0,150.0
25,M6I20168,1052.09,16.0,2.5,7129.333333333333,220.0,108.0,270.0
26,M6I2093,280.04,18.0,2.5,7101.0,25.3,119.6,120.0
27,M6I2094,286.06,19.0,2.5,6639.666666666667,25.3,119.6,120.0
28,M6I2095,1077.33,15.0,2.5,6489.5,25.3,119.6,120.0
29,M6I2096,1258.23,21.0,2.5,8330.0,25.3,119.6,120.0
30,M6I2097,1109.83,16.0,2.5,6873.333333333333,25.3,119.6,120.0
31,M6I2098,1058.22,13.0,2.5,7185.0,25.3,119.6,120.0
32,M6I2038,-559.76,15.0,2.5,8398.99096068951,17.93,84.76,69.6
33,M6I2041,-469.93,15.0,2.5,8854.282990603295,25.52,120.64,117.6
34,M6I2042,-559.94,15.0,2.5,8654.46682839363,13.75,65.0,123.6
35,M6I2043,-576.1,15.0,2.5,7692.449156209434,15.84,74.88,121.8
36,M6I2044,167.25,15.0,2.5,9146.819955700876,108.1306,97.9992,105.0
37,M6I2045,-517.03,15.0,2.5,8609.218436873747,20.5183,96.9956,111.6
38,M6I2046,-492.96,15.0,2.5,8957.34126984127,23.87,112.84,82.8
39,M6I2047,94.93,15.0,2.5,9069.224137931034,100.60000000000001,62.4,84.0
40,M6I2048,147.03,15.0,2.5,9911.151736745886,100.60000000000001,62.4,145.99800000000002
41,M2I2036,-598.51,15.0,2.5,7140.826446280992,22.0,104.0,0.0
42,M2I2037,-563.55,15.0,2.5,8248.023952095808,22.0,104.0,0.0
43,M6I20130,890.3,16.0,2.5,9297.166666666666,186.3,119.6,120.0
44,M6I20131,40.85,15.0,2.5,8500.70588235294,94.3,119.6,120.0
45,M7I2076,866.61,15.0,2.5,4653.882352941177,201.38,82.16,102.0
46,M7I2077,1129.61,19.0,2.5,6022.033898305085,214.52,79.04,111.0
47,M7I2078,1070.73,21.0,2.5,7221.714285714285,200.72,79.04,117.0
48,M6I20152,950.98,21.0,2.5,2361.45447983398,209.3,119.6,0.0
49,M6I20153,1043.16,22.0,2.5,4633.441383036196,209.3,119.6,0.0
50,M6I20154,423.63,13.0,2.5,4860.881277660189,163.3,119.6,0.0
51,M6I20155,919.91,13.0,2.5,4996.134483998562,209.3,119.6,120.0
52,M7I2024,870.74,20.0,2.5,5461.153846153846,188.26000000000002,107.12,120.0
53,M7I2025,976.89,20.0,2.5,6461.785714285715,197.13,105.56,90.0
54,M7I2026,881.41,18.0,2.5,7190.566037735849,187.93,105.56,120.0
55,M6I2012,-577.94,15.0,2.5,7512.5,22.0,104.0,72.0
56,M6I2013,163.09,15.0,2.5,8578.942307692309,114.0,104.0,72.0
57,M6I2014,496.51,15.0,2.5,7708.988764044944,204.0,104.0,72.0
58,M7I2012,1102.21,20.0,2.5,8712.75,201.6,83.2,108.0
59,M7I2013,1018.44,16.0,2.5,8740.93023255814,201.6,83.2,102.0
60,M7I2014,1009.29,16.0,2.5,6153.333333333333,208.3,104.0,120.0
61,M7I2015,961.43,13.0,2.5,7102.875,207.28,114.4,108.0
62,M7I2016,1064.11,15.0,2.5,9339.53846153846,206.35999999999999,114.4,108.0
63,M7I2017,1038.79,15.0,2.5,9348.25,203.7,104.0,108.0
64,M7I2018,876.16,12.0,2.5,5494.769230769231,205.89999999999998,114.4,108.0
65,M7I2035,1058.31,15.0,2.5,8804.222222222223,208.2,114.4,90.0
66,M2I2029,592.87,8.0,2.5,8261.25,174.8,0.0,120.0
67,M2I2030,678.78,13.0,2.5,7737.6,174.8,0.0,120.0
68,M2I2031,662.85,11.0,2.5,8530.0,174.8,0.0,120.0
69,M2I2021,786.73,12.0,2.5,8271.533333333333,192.2,104.0,0.0
70,M2I2023,793.47,12.0,2.5,8546.5625,192.2,104.0,0.0
71,M2I2033,706.08,11.0,2.5,7845.057471264367,187.6,104.0,0.0
72,M2I2034,-704.27,21.0,2.5,4886.357142857143,0.44,2.08,0.0
73,M2I2008,1060.97,19.0,2.5,8715.555555555555,210.0,119.6,120.0
74,M2I2009,490.6,19.0,2.5,8331.743119266055,145.6,119.6,240.0
75,M2I2010,-85.83,18.0,2.5,8048.495575221239,85.8,119.6,120.0
76,M2I2011,-213.99,16.0,2.5,8352.192982456141,59.8,0.0,120.0
77,M2I2012,-534.9,17.0,2.5,8712.521739130434,26.0,119.6,120.0
78,M6I20174,-623.14,15.0,2.5,6688.068181818182,33.0,99.0,105.0
79,M6I2025,-59.9,15.0,2.5,7028.653846153846,206.0,78.0,90.0
80,M6I2026,-666.04,15.0,2.5,5214.333333333333,35.0,105.0,97.8
81,M6I2027,-621.57,15.0,2.5,6849.423076923077,33.0,99.0,96.0
82,M6I2028,-631.81,15.0,2.5,6524.180327868852,33.0,99.0,96.0
83,M6I2029,-649.24,15.0,2.5,7230.178571428572,33.0,99.0,0.0
84,M6I2030,-645.24,15.0,2.5,5972.533333333334,33.0,99.0,106.2
85,M6I20140,238.65,23.0,2.5,3991.285714285714,120.6,135.2,90.0
86,M7I2045,1069.84,20.0,2.5,9939.23076923077,199.6,115.44,108.0
87,M7I2098,1088.29,16.0,2.5,8619.411764705883,215.2,230.88,216.0
88,M7I2005,593.5,22.0,2.5,7023.560209424084,148.5,104.0,120.0
89,M7I2006,361.95,14.0,2.5,4494.579439252337,149.88,104.0,120.0
90,M7I2007,389.23,15.0,2.5,4455.333333333333,150.8,104.0,120.0
91,M7I2008,2634.56,46.0,2.5,4699.090909090909,299.0,239.2,240.0
92,M7I2009,536.26,18.0,2.5,6549.430894308943,153.0,114.4,120.0
93,M2I2024,788.37,15.0,2.5,6563.369565217391,192.00000000000003,124.8,0.0
94,M2I2047,755.18,15.0,2.5,5513.484848484848,192.00000000000003,124.8,0.0
95,M6I20115,750.63,10.0,2.5,6532.359550561798,199.0,90.0,132.0
96,M6I20116,854.15,14.0,2.5,7361.186440677966,199.0,90.0,120.0
97,M6I20117,814.24,14.0,2.5,6310.833333333333,197.3,79.8,125.6
98,M6I20103,-469.06,13.0,2.5,4554.6875,81.5,130.0,120.0
99,M6I20104,-714.94,11.0,2.5,4720.0,54.0,0.0,120.0
100,M6I20105,-679.61,12.0,2.5,5190.5,54.0,0.0,120.0
101,M6I20106,-619.52,15.0,2.5,5149.032258064516,54.0,0.0,120.0
102,M6I20129,-708.67,15.0,2.5,3658.707482993197,22.0,104.0,0.0
103,M7I2052,910.12,17.0,2.5,2904.9333333333334,206.66,107.12,120.0
104,M7I2053,1076.07,18.0,2.5,6827.5,208.86,117.52,120.0
105,M7I2054,1060.16,17.0,2.5,6970.333333333333,208.86,117.52,120.0
106,M2I2001,349.85,14.0,2.5,7955.7,170.4,0.0,108.0
107,M2I2002,488.41,18.0,2.5,8902.285714285714,176.4,0.0,114.0
108,M2I2003,462.26,20.0,2.5,7622.285714285715,170.4,0.0,108.0
109,M7I2040,334.79,21.0,2.5,6999.6,100.87,85.04,112.2
110,M7I2041,352.49,25.0,2.5,4735.714285714285,101.19999999999999,86.60000000000001,123.6
111,M7I2042,358.37,21.0,2.5,3013.333333333333,114.25999999999999,84.52000000000001,125.4
112,M7I2043,375.07,21.0,2.5,3551.1428571428573,114.25999999999999,84.52000000000001,124.8
113,M7I2044,300.12,25.0,2.5,2687.872340425532,103.75999999999999,106.72,118.8
114,M7I2046,275.9,25.0,2.5,2283.913043478261,101.19999999999999,86.60000000000001,125.4
115,M6I20111,735.25,13.0,2.5,6178.769230769231,186.3,119.6,132.0
116,M7I20100,555.93,15.0,2.5,6447.166666666667,169.5,0.0,0.0
117,M7I20101,536.12,13.0,2.5,7114.615384615385,169.5,0.0,0.0
118,M7I2058,675.28,15.0,2.5,10225.818181818182,169.5,0.0,0.0
119,M7I2059,620.22,16.0,2.5,7836.022727272727,169.5,0.0,0.0
120,M7I2060,602.91,16.0,2.5,7288.921568627451,169.5,0.0,0.0
121,M7I2061,564.37,13.0,2.5,8016.542056074766,169.5,0.0,0.0
122,M2I2025,950.38,20.0,2.5,8445.285714285714,274.6,119.6,132.0
123,M2I2026,46.64,17.0,2.5,7234.375,192.9,124.8,132.0
124,M2I2027,23.35,18.0,2.5,5850.181818181818,192.9,124.8,132.0
125,M6I20142,-153.03,15.0,2.5,7211.111111111111,96.5,56.0,128.0
126,M6I20143,-170.33,15.0,2.5,6667.222222222223,96.5,56.0,128.0
127,M6I20144,-125.84,15.0,2.5,8070.4,96.5,56.0,128.0
128,M6I20145,167.6,10.0,2.5,7160.8,137.0,56.0,128.0
129,M6I2059,-130.78,15.0,2.5,7914.827586206897,96.5,56.0,128.0
130,M6I2060,-124.07,15.0,2.5,8120.0,96.5,56.0,128.0
131,M6I2061,1961.23,11.0,2.5,8572.242804217725,312.7,56.0,128.0
132,M6I2062,761.95,9.0,2.5,9321.6,206.9,56.0,128.0
133,M6I2063,807.55,12.0,2.5,9471.111111111111,206.9,56.0,128.0
134,M6I2064,-133.61,15.0,2.5,7827.222222222223,96.5,56.0,128.0
135,M6I2065,-175.62,15.0,2.5,6494.736842105263,96.5,56.0,128.0
136,M6I2066,-276.05,8.0,2.5,7858.780487804878,96.5,56.0,128.0
137,M6I2067,-122.66,15.0,2.5,8167.5,96.5,56.0,128.0
138,M6I2018,61.97,15.0,2.5,7499.68,107.5,114.7,114.0
139,M6I2019,59.15,15.0,2.5,7410.72,107.5,114.7,114.0
140,M6I2020,1167.52,15.0,2.5,8659.25,218.65,163.8,120.0
141,M6I2021,796.11,9.0,2.5,8139.75,200.25,120.25,120.0
142,M6I2075,731.08,8.0,2.5,6956.631578947368,199.5,114.7,114.0
143,M6I20149,948.73,10.0,2.5,8805.4,224.0,120.0,138.0
144,M6I20150,980.97,15.0,2.5,6583.0,224.0,120.0,138.0
145,M7I2010,599.17,15.0,2.5,7691.6,160.0,104.0,180.0
146,M7I2011,609.35,16.0,2.5,8151.509433962264,160.0,104.0,120.0
147,M6I2031,13.72,14.0,2.5,4222.916666666667,116.2,114.4,0.0
148,M6I2032,-1.02,11.0,2.5,5948.166666666667,115.0,0.0,0.0
149,M6I2033,816.63,13.0,2.5,3638.769230769231,208.2,114.4,0.0
150,M6I2034,-228.0,13.0,2.5,5611.589743589743,85.4,0.0,0.0
151,M6I20170,-493.5,16.0,2.5,3926.5,108.8,110.4,85.2
152,M6I20165,811.5,11.0,2.5,7088.0,202.0,108.0,150.0
153,M6I20166,783.94,10.0,2.5,6863.368421052632,202.0,108.0,150.0
154,M6I20178,876.91,15.0,2.5,12122.0,186.65,127.8,139.8
155,M6I20180,557.01,15.0,2.5,2010.1333333333332,186.65,127.8,139.8
156,M6I20118,-289.27,14.0,2.5,6679.384615384615,115.3,119.6,120.0
157,M7I2055,271.42,13.0,2.5,7030.571428571428,138.0,0.0,0.0
158,M7I2056,243.16,12.0,2.5,6781.041666666667,138.0,0.0,0.0
159,M7I2057,371.45,18.0,2.5,6947.452830188679,138.0,0.0,0.0
160,M6I20108,876.85,16.0,2.5,6234.054054054054,199.0,111.0,132.0
161,M6I20109,864.07,13.0,2.5,7783.466666666666,199.0,111.0,132.0
162,M6I20119,932.34,19.0,2.5,6045.238095238095,199.0,111.0,132.0
163,M7I2001,2098.82,22.0,2.5,6463.9,292.5,78.0,108.0
164,M7I2002,1013.55,22.0,2.5,7839.1,194.0,70.0,128.0
165,M7I2003,1099.29,17.0,2.5,6208.125,217.66,73.12,128.0
166,M7I2004,874.87,21.0,2.5,11079.56043956044,171.0,70.0,128.0
167,M6I2088,1025.8,16.0,2.5,7862.777777777777,220.0,108.0,150.0
168,M6I2089,1027.58,17.0,2.5,7277.407407407408,220.0,108.0,150.0
169,M6I2090,1002.87,17.0,2.5,6498.360655737705,220.0,108.0,150.0
170,M6I2071,-704.43,15.0,2.5,3659.020979020979,16.5,78.0,108.0
171,M7I2069,792.55,12.0,2.5,5920.865994774169,200.32,117.24,120.0
172,M7I2070,829.63,15.0,2.5,5585.280080381814,198.55,106.19999999999999,120.0
173,M7I2071,890.6,16.0,2.5,6939.067378386544,198.275,104.89999999999999,120.0
174,M7I2072,969.56,20.0,2.5,6337.936154417224,200.49,119.38,120.0
175,M7I2073,899.78,16.0,2.5,6838.920900995286,200.105,117.56,120.0
176,M7I2074,932.07,18.0,2.5,6835.833333333333,198.66,106.72,120.0
177,M6I20113,703.84,14.0,2.5,4542.794117647059,186.3,119.6,132.0
178,M6I2072,581.43,11.0,2.5,4341.0,186.3,119.6,0.0
179,M7I2068,1217.99,23.0,2.5,7416.722222222223,212.1,83.2,100.2
180,M6I20136,1109.08,21.0,2.5,4730.902377105931,211.5,130.0,150.0
181,M6I20137,1098.14,21.0,2.5,4390.595009596929,211.5,130.0,150.0
182,M6I20138,1194.88,21.0,2.5,7440.571428571428,211.5,130.0,150.0
183,M6I20139,1192.08,22.0,2.5,6708.032128514056,211.5,130.0,150.0
184,M6I2079,1950.48,8.0,2.5,9276.57142857143,297.12,99.84,97.2
185,M6I2080,1935.19,8.0,2.5,8748.695652173914,297.23,100.36,97.2
186,M6I2081,2039.91,13.0,2.5,8759.0,297.01,99.32,108.0
187,M6I2082,2001.49,13.0,2.5,7341.111111111111,297.45,101.4,111.0
188,M6I2083,2034.25,15.0,2.5,7038.75,297.56,101.92,111.0
189,M6I2084,1274.52,15.0,2.5,8870.0,228.34,100.88,97.8
190,M6I2085,512.23,10.0,2.5,10769.454545454546,185.2,120.0,130.0
191,M6I2087,993.24,19.0,2.5,7521.25,197.9,109.2,69.0
192,M6I2099,1109.08,18.0,2.5,7253.0,213.3,182.0,75.0
193,M6I20100,1178.45,17.0,2.5,10580.588235294115,209.3,119.6,120.0
194,M6I20101,1145.55,14.0,2.5,11482.658227848102,209.3,119.6,120.0
195,M6I20102,1035.35,12.0,2.5,9292.307692307691,209.3,119.6,120.0
196,M7I2019,1107.87,24.0,2.5,6757.086614173229,200.28,76.96,103.2
197,M7I2020,1094.84,24.0,2.5,6328.676470588235,200.28,76.96,105.0
198,M7I2021,1150.63,24.0,2.5,7115.833333333333,203.57999999999998,92.56,103.2
199,M7I2022,1119.66,24.0,2.5,7462.317073170731,199.18,71.76,103.2
200,M7I2079,1057.6,21.0,2.5,7727.701149425287,199.18,71.76,82.2
201,M7I2080,1134.51,23.0,2.5,8327.8,200.17000000000002,76.44,100.2
202,M2I2005,409.14,10.0,2.5,7509.6,155.7,0.0,120.0
203,M2I2006,261.38,15.0,2.5,7468.571428571428,124.2,0.0,132.0
204,M2I2007,359.71,10.0,2.5,5949.333333333333,155.7,0.0,120.0
205,M2I2013,-553.55,10.0,2.5,8927.565217391304,31.5,0.0,120.0
206,M6I2073,1131.96,22.0,2.5,7112.815533980583,206.0,104.0,102.0
207,M6I2074,1091.1,18.0,2.5,8368.155339805826,206.0,104.0,105.0
208,M6I2076,1040.93,19.0,2.5,3772.127659574468,212.6,135.2,132.0
209,M6I2001,-400.21,14.0,2.5,8632.333333333334,109.8,101.2,0.0
210,M6I2002,-80.93,14.0,2.5,7972.0,202.0,110.0,0.0
211,M6I2077,-61.75,15.0,2.5,8078.8,199.8,101.2,0.0
212,M6I2078,-393.52,13.0,2.5,9496.0,109.8,101.2,0.0
213,M6I20114,1256.85,22.0,2.5,4527.25,285.8,0.0,114.0
214,M7I2047,785.26,23.0,2.5,4091.84,185.6,108.0,122.0
215,M7I2048,1050.97,19.0,2.5,6277.76,224.0,108.0,122.0
216,M7I2049,1153.82,24.0,2.5,6291.6,224.0,108.0,122.0
217,M7I2050,1549.26,24.0,2.5,6391.44,250.0,108.0,122.0
218,M7I2051,1085.45,22.0,2.5,8513.84,204.0,108.0,122.0
219,M2I2039,459.49,19.0,2.5,7780.261437908497,141.4,124.8,132.0
220,M7I2066,1116.66,21.0,2.5,8623.225806451614,201.6,83.2,100.2
221,M7I2067,1040.41,15.0,2.5,10497.584745762711,200.28,76.96,100.2
222,M6I20121,1028.14,18.0,2.5,7712.051282051282,162.275,1.3,115.8
223,M6I20122,855.43,15.0,2.5,6163.571428571428,191.675,113.3,115.8
224,M6I20123,876.99,16.0,2.5,6139.166666666667,192.2,127.6,115.8
225,M6I20124,1063.18,20.0,2.5,7598.818181818182,162.0,0.0,115.8
226,M6I20125,338.27,8.0,2.5,6052.8,154.4,255.2,0.0
227,M6I20126,1088.88,16.0,2.5,6679.238095238095,199.4,112.0,115.8
228,M6I20127,1131.04,22.0,2.5,7915.142857142857,177.0,0.0,115.8
229,M7I2087,824.26,24.0,2.5,7722.0,171.5,73.5,96.0
230,M7I2090,727.1,21.0,2.5,6595.576923076923,171.5,73.5,96.0
231,M6I20164,-490.81,14.0,2.5,5946.145833333333,104.86,86.64,77.07
232,M2I2041,186.07,17.0,2.5,3980.8547008547007,172.0,0.0,80.0
233,M2I2042,243.67,22.0,2.5,4981.4,146.0,0.0,133.8
234,M2I2043,146.48,15.0,2.5,4029.2473118279568,172.0,0.0,80.0
235,M2I2044,150.72,15.0,2.5,4163.870967741936,172.0,0.0,80.0
236,M7I2093,1092.64,24.0,2.5,3058.333333333333,210.84,126.88,105.0
237,M7I2094,1070.82,21.0,2.5,2771.078431372549,215.24,147.68,120.0
238,M7I2095,1114.04,22.0,2.5,3144.879518072289,216.34,152.88000000000002,120.0
239,M7I2096,960.06,26.0,2.5,2507.4,198.94,109.38,120.0
240,M7I2097,1072.26,22.0,2.5,2162.8571428571427,215.24,147.68,120.0
241,M2I2045,612.67,8.0,2.5,5387.460317460317,186.3,0.0,120.0
242,M6I20135,905.4,15.0,2.5,7557.058823529412,200.2,119.88,132.0
243,M7I2091,1001.87,20.0,2.5,6034.857142857143,201.16,81.12,80.4
244,M7I2092,1038.38,20.0,2.5,7116.666666666667,200.72,79.04,96.0
245,M7I2084,1057.15,20.0,2.5,2645.266666666667,216.34,152.88000000000002,120.0
246,M7I2085,1036.88,19.0,2.5,2991.969696969697,215.24,147.68,120.0
247,M7I2086,1011.75,23.0,2.5,2490.851063829787,206.44,106.08,105.0
248,M6I20141,-751.2,15.0,2.5,5822.153846153846,0.0,0.0,120.0
249,M6I20147,-33.22,12.0,2.5,11270.5,161.0,120.0,122.0
250,M6I20156,-631.74,15.0,2.5,5327.111111111111,25.3,119.6,0.0
251,M6I20177,472.93,9.0,2.5,10953.25,185.2,120.0,70.0
252,M6I20157,1204.59,12.0,2.5,5955.416666666667,235.04000000000002,145.6,130.2
253,M6I20158,371.18,15.0,2.5,9202.135922330095,132.6,83.2,96.0
254,M6I20159,1207.57,21.0,2.5,8292.0,212.6,135.2,90.0
255,M6I20161,1334.76,16.0,2.5,7427.25,236.0,93.6,102.0
256,M6I20163,1163.01,16.0,2.5,7566.5,220.3,143.6,152.0
257,M6I20160,1281.43,15.0,2.5,6394.0,236.0,93.6,102.0
258,M2I2051,780.85,13.0,2.5,7467.254901960784,186.3,0.0,120.0
259,M6I20179,456.07,9.0,2.5,9647.333333333334,185.2,120.0,130.0
260,M7I2088,865.97,26.0,2.5,7742.875,171.5,73.5,96.0
261,M7I2089,870.72,26.0,2.5,6551.066666666667,172.0,77.0,192.0
262,M6I2130,830.74,12.0,2.5,4734.444444444444,208.2,114.4,0.0
263,M6I2172,-883.5,12.0,2.72,4734.25,24.2,114.4,0.0
264,M7I21131,-398.67,20.0,3.950561797752809,6921.797752808989,157.45000000000002,80.6,111.0
265,M7I2196,-53.86,20.0,3.2,6345.0,137.535,77.22,109.98
266,M7I2198,-550.94,22.0,3.4,5768.148148148148,97.878,79.976,98.16
267,M7I2199,158.85,23.0,3.0,5385.4098360655735,133.9,88.4,100.2
268,M7I2177,1125.68,20.0,2.459999918937683,7526.341463414634,204.9,98.8,108.0
269,M7I2178,106.79,25.0,2.837500015894572,7687.6,111.8,93.6,108.0
270,M7I2179,-1147.02,20.0,3.4375,7526.354166666667,19.8,93.6,120.0
271,M6I2133,889.8,21.0,3.0125,1434.888888888889,244.5,286.0,0.0
272,M6I2173,1427.98,13.0,2.230769230769231,5278.0,244.5,286.0,0.0
273,M6I2161,441.3,15.0,3.330000000000003,6480.0,213.7,140.4,138.0
274,M6I2142,874.36,21.0,2.9875,9095.272595544286,210.4,124.8,150.0
275,M6I2145,493.64,21.0,3.1,8130.11063011063,190.8,249.6,0.0
276,M6I21119,-1190.97,15.0,3.0355140186915888,3024.769230769231,15.0,90.0,120.0
277,M6I21120,-1410.83,15.0,3.318181818181818,2710.3076923076924,15.0,90.0,120.0
278,M6I21121,-1190.97,15.0,3.0355140186915888,3024.8571428571427,15.0,90.0,120.0
279,M6I21124,-1262.25,15.0,3.1419354838709674,3266.830065359477,15.0,90.0,120.0
280,M6I2146,-780.0,15.0,2.67,6736.851851851852,34.4,120.4,68.8
281,M6I2147,-784.57,15.0,2.66,6363.333333333333,34.4,120.4,68.8
282,M6I2148,-878.14,15.0,2.66,3400.0,34.4,120.4,68.8
283,M6I2149,-815.78,15.0,2.76,7722.5,34.4,120.4,68.8
284,M6I2150,-806.41,15.0,2.62,4736.5,34.4,120.4,68.8
285,M6I2151,-892.81,15.0,2.8,6221.428571428572,34.4,120.4,68.8
286,M6I2152,-526.57,15.0,2.22,4187.666666666667,34.4,120.4,68.8
287,M6I21186,1050.18,15.0,2.2394736842105263,3097.375,204.6,130.0,130.2
288,M6I21187,874.96,15.0,2.4363636363636365,2185.0,204.6,130.0,130.2
289,M6I21188,924.29,24.0,2.6045454545454545,1858.9166666666667,204.6,130.0,130.2
290,M2I2118,-560.47,15.0,3.525,4175.988023952096,130.20000000000002,93.6,120.0
291,M2I2120,-549.69,15.0,2.3200000000000003,7972.954545454545,0.0,0.0,120.0
292,M2I2121,-1596.85,9.0,3.595,4123.609467455622,19.8,93.6,120.0
293,M2I2122,10.59,9.0,3.365,6385.785123966943,185.95000000000002,96.2,120.0
294,M2I2141,-608.16,15.0,2.407264,8170.533333333334,0.0,0.0,120.0
295,M6I2185,1227.33,15.0,2.5,7342.524916943521,247.0,120.0,160.0
296,M6I2186,1227.33,15.0,2.5,7342.532467532467,247.0,120.0,160.0
297,M6I21146,367.54,12.0,2.95,7889.0625,184.0,0.0,0.0
298,M6I21147,387.73,12.0,2.9,7350.1984126984125,184.0,0.0,0.0
299,M6I21148,247.19,14.0,3.2,8663.257670241956,184.0,0.0,0.0
300,M6I21149,424.83,13.0,2.9,7879.950083194675,184.0,0.0,0.0
301,M7I2156,-43.81,21.0,3.8,6652.177246243484,187.76,135.2,120.0
302,M7I2157,295.39,21.0,3.4,7674.285714285715,189.14,135.2,111.0
303,M7I2158,120.65,24.0,3.6,7704.150943396226,179.88,93.6,103.8
304,M6I21181,476.87,23.0,2.6153846153846154,5666.153846153846,14.0,152.0,0.0
305,M6I21182,754.96,18.0,2.3625,5678.461538461538,14.0,152.0,0.0
306,M7I2101,486.58,17.0,3.4,9272.75,210.98,88.4,114.0
307,M7I2102,67.82,22.0,1.662,4491.777777777777,19.8,93.6,114.0
308,M7I2103,-677.41,20.0,3.7,6625.538461538462,111.8,93.6,90.0
309,M7I2104,1029.05,15.0,2.5,6030.0,213.0,93.6,108.0
310,M7I2105,245.89,21.0,3.6,6828.0,201.6,83.2,108.0
311,M7I2106,216.15,17.0,3.5,6522.888888888889,200.39999999999998,88.4,108.0
312,M7I2107,1629.12,19.0,2.0926829268292684,6377.125,232.5,98.8,108.0
313,M7I2108,359.61,16.0,3.5,9417.692307692309,208.4,93.6,90.0
314,M7I2194,-7.88,17.0,1.825,7513.461538461538,20.9,98.8,108.0
315,M7I2195,157.5,17.0,1.5182795698924731,7513.406593406594,19.8,93.6,90.0
316,M2I2102,328.06,20.0,3.362285714285714,10312.378048780489,187.60000000000002,104.0,0.0
317,M2I2103,856.51,13.0,3.445714285714285,8392.413793103447,179.4,0.0,0.0
318,M2I2104,254.73,18.0,3.524375,8814.133333333333,201.4,104.0,0.0
319,M2I2105,55.05,14.0,3.546875,8181.142857142857,187.60000000000002,104.0,132.0
320,M2I2106,921.34,14.0,2.5,8424.9,201.4,104.0,0.0
321,M6I21189,563.59,15.0,3.1,7688.625,206.0,104.0,108.0
322,M6I2102,1019.7,15.0,2.5,7189.28,232.0,120.0,120.0
323,M6I2103,1296.1,17.0,2.5,4777.294117647059,280.0,240.0,210.0
324,M6I2107,-195.48,15.0,2.845833333333333,6207.2,237.5,105.0,120.0
325,M6I2108,754.39,15.0,3.0529411764705885,6363.365384615385,242.0,105.0,155.0
326,M6I2112,1094.21,15.0,2.5821428571428573,6517.666666666667,242.0,105.0,35.0
327,M6I2113,631.06,15.0,3.1923076923076925,6207.295081967213,242.0,105.0,0.0
328,M6I2114,991.57,15.0,2.6923076923076925,5389.886363636364,242.0,105.0,120.0
329,M7I2147,904.21,22.0,2.988888889,7723.823529411765,217.22,157.04,120.0
330,M7I2148,2003.94,17.0,1.982222222,6000.0,263.0,156.0,139.8
331,M7I2149,486.93,15.0,3.2851851850000005,5861.634615384615,217.0,156.0,138.0
332,M7I2180,1290.53,17.0,2.23,3918.362068965517,221.6,156.0,120.0
333,M6I2116,212.07,24.0,2.66,4545.245901639344,204.5,128.0,56.0
334,M6I2117,525.88,23.0,2.25,4856.724137931034,137.0,128.0,56.0
335,M6I2118,-501.85,20.0,2.45,5207.6,56.0,128.0,56.0
336,M6I2119,-367.94,20.0,2.74,3466.0,96.5,128.0,56.0
337,M6I2120,-447.93,20.0,2.88,4227.5,96.5,128.0,56.0
338,M6I2121,286.75,19.0,2.45,5207.831325301205,204.5,56.0,128.0
339,M6I2122,420.36,23.0,2.41,5899.36507936508,204.5,128.0,56.0
340,M6I2123,327.75,21.0,2.45,5208.181818181818,204.5,56.0,128.0
341,M6I2124,232.41,20.0,2.5,3395.714285714286,137.0,128.0,56.0
342,M7I2109,306.89,19.0,2.6,1768.4552845528456,150.8,104.0,108.0
343,M7I2110,283.84,21.0,2.7,2084.205607476636,150.8,104.0,108.0
344,M7I2111,-293.4,19.0,3.4,1578.9528795811518,150.8,104.0,108.0
345,M7I2112,78.75,20.0,2.9,947.4545454545456,150.8,104.0,108.0
346,M7I2113,14.22,20.0,3.1,3600.0,150.8,104.0,108.0
347,M2I2145,1081.32,17.0,2.5,4048.0434782608695,230.1,129.5,18.5
348,M6I2174,863.47,10.0,2.293846153846154,5682.247191011236,198.17000000000002,92.6,120.0
349,M6I2175,-254.38,13.0,3.785454545454545,7694.444444444444,184.37,92.6,120.0
350,M6I2176,9.29,12.0,3.2555555555555555,3540.0,184.59,93.64,168.0
351,M2I2124,-874.1,15.0,3.01,2775.0714285714284,55.2,0.0,0.0
352,M7I21108,945.65,24.0,2.7826666666666666,6588.4,206.44,106.08,90.0
353,M2I2150,581.15,11.0,2.33,8965.0,175.6,0.0,173.6
354,M2I2151,22.05,15.0,2.1,7992.5,83.6,0.0,173.6
355,M7I2124,1256.69,23.0,2.2,5438.200582687275,207.04000000000002,102.68,132.6
356,M7I2125,525.31,20.0,3.1,5404.768583450211,207.04000000000002,102.68,132.0
357,M7I2126,917.24,21.0,2.6,5404.920913884007,207.04000000000002,102.68,132.0
358,M6I2162,155.08,15.0,2.5,4800.0,121.7,140.4,138.0
359,M6I21113,1291.91,19.0,2.5,3721.794871794872,252.8,112.0,64.0
360,M7I2137,1070.86,20.0,2.8705882352941177,8468.058252427185,228.51999999999998,120.64,132.0
361,M7I2138,-161.42,14.0,3.2375,7712.058823529412,144.72,105.04,120.0
362,M7I2139,1079.74,18.0,2.803125,8516.31067961165,228.85,122.2,120.0
363,M7I2140,1470.48,20.0,2.34375,8629.801980198019,228.85,122.2,132.0
364,M7I2141,1054.28,17.0,2.771875,8148.333333333333,227.2,114.4,120.0
365,M7I2142,161.83,15.0,2.8657142857142857,7712.115384615385,147.8,119.6,120.0
366,M7I2143,995.21,19.0,2.9611111111111112,8784.857142857143,228.74,121.68,132.0
367,M7I2144,1525.87,18.0,2.1638888888888888,7712.056074766355,228.51999999999998,120.64,120.0
368,M7I2145,652.68,16.0,3.203333333333333,5810.606060606061,228.51999999999998,120.64,120.0
369,M7I2146,553.37,19.0,3.55625,8856.9,228.51999999999998,120.64,132.0
370,M7I2190,826.22,21.0,3.17,7118.876404494382,228.51999999999998,120.64,132.0
371,M6I21170,-109.83,11.0,3.6208333333333336,5672.526315789473,200.0,118.4,120.0
372,M6I21171,-113.96,14.0,3.6583333333333337,4480.0,200.0,118.4,120.0
373,M6I21172,4.76,11.0,3.6125,9096.666666666666,200.0,118.4,120.0
374,M6I21173,201.58,11.0,3.201639344262295,5672.583333333333,200.0,118.4,120.0
375,M6I21174,-199.84,14.0,3.778688524590164,4582.8,200.0,118.4,120.0
376,M6I21175,-219.87,13.0,3.756666666666667,4080.0,200.0,118.4,120.0
377,M6I2125,74.28,13.0,2.55,4734.420500873616,204.5,56.0,128.0
378,M6I2126,127.18,15.0,2.55,5089.285714285715,204.5,56.0,132.8
379,M6I2127,193.44,15.0,2.46,5089.423648247178,204.5,56.0,128.0
380,M6I2128,215.73,15.0,2.43,5088.96551724138,204.5,56.0,128.0
381,M6I2129,128.99,9.0,2.375,4941.2855377008655,204.5,56.0,128.0
382,M7I21106,-121.4,15.0,3.648484848484848,6571.985294117647,159.3,114.4,114.0
383,M7I21107,-140.26,15.0,3.574647887323944,7423.928571428572,159.3,112.2,114.0
384,M6I2156,265.5,15.0,2.5,11529.833333333334,116.2,114.4,0.0
385,M6I2157,250.86,15.0,2.5,8623.333333333334,125.4,114.4,0.0
386,M2I2131,-395.02,9.0,2.275294117647059,7384.7,42.0,0.0,99.0
387,M2I2132,-503.51,15.0,2.132941176470588,2945.75,40.0,0.0,30.0
388,M2I2133,-1218.33,15.0,3.245,8827.368421052632,0.0,0.0,99.0
389,M7I21124,1363.32,16.0,1.8857142857142857,6600.0,209.0,70.0,97.0
390,M7I21125,1199.44,15.0,1.7,1578.8709677419354,209.0,70.0,97.0
391,M7I21126,949.9,15.0,2.20625,3538.695652173913,196.65,70.84,72.0
392,M7I21127,1283.56,11.0,1.586111111111111,5800.0,196.65,93.61,72.0
393,M7I21128,1303.87,17.0,1.9933333333333332,6600.0,209.0,70.0,97.0
394,M7I21129,890.51,12.0,2.225,2210.5333333333333,209.0,70.0,97.0
395,M7I2166,1038.11,21.0,2.5,8348.22966507177,198.33,105.16,120.0
396,M7I2167,205.61,19.0,2.5,8765.66037735849,109.22,103.6,120.0
397,M6I2155,-1167.11,8.0,2.750270276456266,4613.4,0.22,1.04,0.0
398,M7I21130,1306.64,12.0,1.5,2210.531914893617,209.0,70.0,97.0
399,M6I21100,595.45,19.0,3.1,9223.606557377048,210.8,108.0,162.0
400,M6I2199,661.0,18.0,3.1,8970.555555555555,220.0,108.0,162.0
401,M6I21142,-844.46,15.0,2.5,3266.7832167832166,0.0,0.0,90.0
402,M7I2168,1210.74,23.0,2.1875,7070.7019967349,196.41,90.07000000000001,0.0
403,M7I2169,1448.31,21.0,1.8125,7070.6731367425655,196.41,90.07000000000001,0.0
404,M7I2170,1373.13,21.0,2.24,5328.645833333333,226.26,106.72,0.0
405,M7I2171,1351.55,22.0,1.988888888888889,7513.445462785779,196.41,90.07000000000001,0.0
406,M7I2172,1638.82,21.0,1.776923076923077,7871.1952487008175,210.21,90.07000000000001,0.0
407,M7I2173,1721.33,21.0,1.6933333333333334,7871.193765961626,225.59,100.88,0.0
408,M7I21110,1104.08,22.0,2.5,5861.645569620253,206.44,106.08,120.0
409,M7I21111,1091.39,23.0,2.5,4806.588235294118,206.44,106.08,120.0
410,M7I21112,1029.89,20.0,2.5,4806.538461538462,206.44,106.08,120.0
411,M7I21113,-561.2,23.0,4.9,7952.4,209.63,121.16,120.0
412,M7I21114,-644.77,21.0,5.746666666666667,6542.461538461538,209.63,121.16,120.0
413,M7I21115,-486.74,23.0,5.63,7501.692307692308,209.63,121.16,120.0
414,M7I21116,-553.42,22.0,5.58,4867.6,209.63,121.16,120.0
415,M7I21117,-510.27,18.0,5.46,6006.75,209.63,121.16,120.0
416,M7I21118,-430.58,21.0,5.430769230769231,5895.826086956522,209.63,121.16,120.0
417,M7I2121,-567.71,13.0,3.725806160860284,8669.655172413793,125.30000000000001,78.0,84.0
418,M7I2122,-410.53,22.0,3.641414141414141,5040.0,128.5,78.0,66.0
419,M7I2123,383.8,13.0,2.5,7920.0,131.7,78.0,84.0
420,M7I2154,567.91,27.0,2.8,4800.0,171.5,77.7,90.0
421,M7I2155,56.43,27.0,3.5,4680.0,171.5,77.7,120.0
422,M6I21101,-131.89,15.0,2.5,5190.0,92.0,0.0,0.0
423,M6I2169,421.94,15.0,3.0,1608.6046511627908,208.2,114.4,0.0
424,M7I2159,1327.21,23.0,1.6800000000000002,9207.592592592591,145.0,104.0,120.0
425,M7I2160,1293.0,17.0,1.5666666666666669,9349.444444444443,145.0,104.0,120.0
426,M7I2161,835.69,26.0,2.4511111111111115,7070.72,145.0,104.0,120.0
427,M7I2162,571.3,24.0,2.542222222222222,5280.0,143.0,92.0,120.0
428,M7I2163,1420.99,25.0,1.551923076923077,7871.192052980133,145.0,104.0,120.0
429,M6I21112,-187.87,19.0,2.7,5519.069767441861,92.0,0.0,0.0
430,M6I21134,546.65,12.0,2.69875,4573.619047619048,194.0,94.0,90.0
431,M6I21135,643.77,19.0,2.89,7602.166666666667,194.0,94.0,90.0
432,M6I21136,767.85,18.0,2.635,6183.238095238095,194.0,94.0,90.0
433,M6I21137,706.31,17.0,2.7625,7874.272727272727,194.0,94.0,90.0
434,M6I21138,950.91,17.0,2.38,6634.102564102564,194.0,94.0,90.0
435,M6I21139,-2246.65,15.0,4.4,2324.6,10.0,94.0,90.0
436,M6I21140,-1154.65,15.0,2.93,2324.5238095238096,10.0,94.0,90.0
437,M7I2150,83.5,17.0,3.3,4800.0,180.7,77.7,102.0
438,M7I2151,349.32,29.0,3.1,3792.9,171.5,77.7,78.0
439,M7I2152,116.95,27.0,3.35,3612.1951219512193,171.5,77.7,78.0
440,M7I2153,401.31,30.0,3.05,3612.1917808219177,171.5,77.7,78.0
441,M6I21178,-768.13,15.0,2.8,9984.857142857143,38.0,91.2,38.0
442,M7I2114,192.63,14.0,3.4595238095238097,4648.488372093023,211.7,109.2,0.0
443,M7I2115,2902.12,15.0,3.905769230769231,4648.431372549019,423.4,218.4,204.0
444,M7I2127,-360.06,20.0,3.325,6837.65306122449,115.1,109.2,102.0
445,M7I2128,354.65,16.0,3.4477611940298507,8205.151515151516,211.7,109.2,0.0
446,M7I2193,689.97,25.0,3.1818181818181817,8205.166666666666,207.1,109.2,0.0
447,M6I21133,772.27,12.0,2.7125,6477.0,207.65,111.8,120.0
448,M6I21131,1047.35,11.0,2.2285714285714286,4453.0,207.65,111.8,120.0
449,M6I21132,1158.87,16.0,2.18125,3628.0,207.65,111.8,120.0
450,M6I21130,1095.32,14.0,2.1707317073170733,2670.75,207.65,111.8,120.0
451,M6I2137,2261.29,17.0,0.4,2225.0,199.4,72.8,120.0
452,M6I21205,945.5,17.0,2.7564102564102564,5091.914893617021,153.8,93.6,120.0
453,M6I2164,2071.85,23.0,2.5,7201.851851851852,210.0,104.0,120.0
454,M6I2165,928.75,13.0,2.661904761904762,5091.964285714285,153.8,93.6,108.0
455,M6I2166,326.57,16.0,2.6166666666666667,5092.0,153.8,93.6,90.0
456,M6I2167,572.75,25.0,2.5,7029.069767441861,108.1,83.2,120.0
457,M6I2168,1915.66,25.0,2.7564102564102564,6981.276595744681,210.0,104.0,120.0
458,M6I2183,1348.88,14.0,2.5708333333333333,4054.7619047619046,206.4,78.4,134.8
459,M6I2184,1061.97,16.0,2.5278260869565217,4054.7619047619046,153.8,93.6,120.0
460,M7I2129,354.92,15.0,3.2,5927.894736842105,206.4,112.0,120.0
461,M7I2130,-355.63,15.0,4.2,7680.0,203.2,96.0,108.0
462,M7I2131,131.19,15.0,3.5,6623.958333333333,203.2,96.0,108.0
463,M7I2132,109.16,15.0,3.6,8280.0,203.2,96.0,108.0
464,M7I2133,-504.55,15.0,4.4,7668.0,203.2,96.0,108.0
465,M7I2134,1055.45,15.0,2.3,7668.0,203.2,96.0,108.0
466,M7I2135,848.81,22.0,2.7071428571428573,6399.72972972973,203.2,96.0,90.0
467,M7I2136,995.0,19.0,2.4,5748.035714285715,203.2,96.0,90.0
468,M6I21102,635.2,17.0,3.046875,4054.754098360656,156.4,78.4,164.8
469,M6I21183,863.69,15.0,2.5,4650.769230769231,215.4,108.0,168.0
470,M6I21184,514.75,15.0,3.1,6298.125,220.0,108.0,162.0
471,M6I21185,580.45,15.0,3.1,8210.882352941177,220.0,108.0,174.0
472,M6I21143,105.64,9.0,3.540625,11689.75,191.34,121.68,138.0
473,M6I21144,546.63,10.0,2.8833333333333333,9552.08695652174,191.34,121.68,138.0
474,M6I21145,436.83,12.0,2.940625,10369.565217391304,177.32000000000002,120.64,138.0
475,M6I2188,1077.47,19.0,2.5,4670.967741935484,218.5,119.6,0.0
476,M7I2174,1284.24,25.0,2.43,11398.984771573603,200.28,76.96,0.0
477,M7I2175,1132.28,20.0,2.59,11261.478260869566,203.57999999999998,92.56,102.0
478,M7I2176,1461.29,21.0,2.0,9490.78073089701,200.28,76.96,0.0
479,M7I2182,947.94,20.0,2.68625,4299.875,215.24,147.68,90.0
480,M7I2183,330.49,24.0,3.8146874999999993,8516.307692307691,215.79,150.28,90.0
481,M7I2184,315.95,20.0,3.5370000000000004,4299.8,215.24,147.68,90.0
482,M7I2185,360.39,19.0,3.5775,6908.25,215.24,147.68,120.0
483,M7I2186,2525.0,24.0,1.5891891891891892,10182.933333333332,271.55,132.6,108.0
484,M7I2187,2560.11,21.0,1.5192307692307692,11515.6,271.77,133.64,108.0
485,M7I2188,1974.12,20.0,2.1115384615384616,8252.4,258.05,132.6,108.0
486,M7I2189,2562.38,24.0,1.4675675675675677,8504.8,271.55,132.6,108.0
487,M6I21179,-610.22,15.0,2.7,5498.266666666666,112.0,86.4,78.0
488,M6I21180,-81.29,15.0,2.66,5880.0,128.0,86.4,36.0
489,M6I2187,237.95,25.0,2.5,9267.777777777776,208.0,136.0,168.0
490,M7I2192,-113.13,15.0,2.8,5392.731741573034,44.1,0.0,120.0
491,M7I21101,373.55,19.0,3.333333333333333,5610.5,208.10000000000002,98.8,90.0
492,M7I21102,470.26,21.0,3.2583333333333337,5610.416666666667,208.10000000000002,98.8,90.0
493,M7I21103,784.98,22.0,2.89375,5610.540540540541,210.4,98.8,90.0
494,M7I21104,327.29,21.0,3.18125,8378.648648648648,170.3,98.8,90.0
495,M7I21105,505.31,19.0,2.812903225806452,5610.5970149253735,173.5,98.8,90.0
496,M6I21190,-648.15,18.0,4.16,5955.0,242.0,0.0,100.0
497,M6I21191,912.52,21.0,2.5,6707.4,265.0,0.0,100.0
498,M6I21192,529.23,22.0,2.91,3566.6129032258063,265.0,0.0,100.0
499,M6I21193,202.99,18.0,3.3466666666666667,6105.581395348837,265.0,0.0,100.0
500,M6I21197,-239.89,15.0,2.597850968320494,4073.493975903615,92.0,0.0,0.0
501,M6I21199,314.8,17.0,3.12,6969.677419354839,184.0,0.0,0.0
502,M6I21200,-312.82,19.0,2.93,6969.636363636364,92.0,0.0,0.0
503,M6I21201,485.73,17.0,3.2400000000000007,7954.666666666667,207.0,0.0,0.0
504,M6I21202,-522.49,18.0,4.25,6392.846153846154,184.0,0.0,0.0
