,CO2_kg_per_Ha,Crop_Protection_Application_Doses,Soil_Organic_Matter,Yield_kg_per_Ha,N_total_kg_per_ha,P_total_kg_per_ha,K_total_kg_per_ha
0,-246.74,14.0,3.69,7586.243386243387,170.2,0.0,0.0
1,219.02,20.0,3.38,7204.924242424243,179.4,0.0,90.0
2,860.73,18.0,2.6814285714285715,11941.555555555557,148.5,0.0,0.0
3,799.98,17.0,2.6814285714285715,10673.777777777776,148.5,0.0,0.0
4,1426.97,25.0,2.3162500000000006,6964.509803921569,211.88,114.4,120.0
5,-1118.18,15.0,3.320000000000001,11586.42857142857,23.0,75.9,0.0
6,-1069.08,15.0,3.05,6791.805555555556,23.0,75.9,0.0
7,-611.26,15.0,2.620000000000001,10860.333333333334,26.0,85.8,0.0
8,-562.59,15.0,2.5842857142857145,11823.36,23.5,77.55,0.0
9,827.28,10.0,2.575555555555556,13583.214285714286,148.5,0.0,0.0
10,-37.64,13.0,2.5,7345.714285714285,74.25,0.0,0.0
11,58.13,15.0,2.47,8371.777777777777,74.25,0.0,0.0
12,456.65,20.0,2.5,5388.190476190476,144.82999999999998,1.56,90.0
13,585.01,18.0,2.3,6132.5,144.5,0.0,90.0
14,158.27,17.0,2.7,2694.6153846153848,144.5,0.0,90.0
15,312.2,18.0,2.2,3626.0416666666665,114.0,0.0,90.0
16,821.49,21.0,1.9,2272.0689655172414,144.5,0.0,90.0
17,550.49,15.0,2.2,4642.5,144.5,0.0,90.0
18,647.47,20.0,2.68,9017.383669885863,172.77999999999997,124.88000000000001,139.8
19,-370.11,14.0,2.68,7787.478108581436,71.36,123.84,139.8
20,575.44,16.0,3.03695652173913,8377.307692307691,198.0,105.0,176.0
21,917.31,14.0,2.4,9935.121951219511,184.0,0.0,0.0
22,152.32,15.0,2.5,6537.954545454545,117.3,119.6,0.0
23,3214.68,16.0,2.5,3149.894736842105,386.45810000000006,337.3292,162.0
24,-82.91,9.0,2.86,5548.832116788321,219.7,0.0,0.0
25,813.39,23.0,2.5,8683.153153153153,165.60000000000002,0.0,0.0
26,1106.38,17.0,2.5,8185.222222222223,206.0,104.0,120.0
27,1255.56,25.0,2.5,8833.76,202.49999999999997,109.2,120.0
28,914.34,23.0,2.5,7752.909090909091,179.39999999999998,0.0,0.0
29,820.02,21.0,2.5,6075.0,179.39999999999998,0.0,0.0
30,689.96,15.0,2.5,5848.510638297872,179.39999999999998,0.0,0.0
31,-194.42,18.0,2.5,8117.5,59.8,0.0,0.0
32,1248.87,26.0,2.5,7974.7692307692305,202.49999999999997,109.2,120.0
33,-493.88,13.0,4.5,8476.666666666666,201.6,83.2,120.0
34,1135.37,16.0,2.5,11399.537037037036,200.5,78.0,120.0
35,-1146.97,23.0,4.5,6534.5,114.0,104.0,120.0
36,-665.73,15.0,4.8,9130.47619047619,200.5,78.0,120.0
37,-1427.07,19.0,5.3,8814.416666666666,108.5,78.0,108.0
38,-1074.05,28.0,4.6,7668.5,115.1,109.2,120.0
39,1056.86,20.0,2.5,2369.875,212.79999999999998,114.4,132.0
40,-1373.27,14.0,4.6,6683.4,116.76,104.0,132.0
41,222.16,13.0,3.5487804878048776,6931.454545454545,207.38,104.0,126.0
42,-510.9,16.0,4.5285714285714285,4167.25,209.68,104.0,120.0
43,-811.34,16.0,5.0,6390.0,207.38,104.0,126.0
44,-1247.12,17.0,4.6,9002.558139534884,116.3,104.0,120.0
45,-519.56,19.0,4.8,8598.533333333333,208.3,104.0,132.0
46,-577.56,14.0,5.5,4279.2307692307695,214.17999999999998,114.4,120.0
47,561.83,24.0,3.4,6122.857142857143,210.5,114.4,122.4
48,181.96,17.0,2.5,7146.2,108.94239999999999,5.2,90.0
49,-1724.9,9.0,4.05,5607.727272727273,97.83,36.56,115.0
50,-1769.89,12.0,4.2,5769.565217391304,97.83,36.56,115.0
51,1628.68,13.0,0.15,5491.818181818182,224.5,87.5,132.5
52,394.27,11.0,1.6800000000000002,4162.266666666666,224.5,87.5,132.5
53,-325.26,23.0,2.5,9476.136363636362,52.65,2.6,50.0
54,198.65,20.0,2.16,8895.888888888889,152.25,141.2,95.0
55,-917.13,10.0,4.5,3853.25,184.0,0.0,0.0
56,-900.04,11.0,3.61,4908.617021276596,227.0,87.5,135.0
57,657.14,14.0,2.5,9572.19512195122,165.60000000000002,0.0,0.0
58,194.58,15.0,2.47,8051.103448275862,170.2,0.0,0.0
59,985.51,15.0,2.5,11175.0,189.06,0.0,81.0
60,363.12,14.0,2.8,1808.9655172413795,184.0,0.0,0.0
61,-162.48,10.0,3.4,1880.3703703703704,184.0,0.0,0.0
62,1640.06,12.0,0.95,3533.032258064516,184.0,0.0,0.0
63,295.28,24.0,3.5,9614.21568627451,184.0,0.0,0.0
64,218.81,24.0,3.65,10724.651162790698,184.0,0.0,0.0
65,996.19,15.0,2.726315789473684,7468.25,216.2,0.0,132.0
66,-476.89,15.0,4.366666666666666,8269.0,188.6,0.0,130.8
67,-152.04,14.0,4.057142857142857,7913.676470588235,202.4,0.0,105.0
68,-204.65,11.0,4.1875,7487.333333333333,212.98,0.0,130.8
69,-181.11,21.0,2.9,8008.279569892473,92.0,0.0,0.0
70,-8.44,18.0,4.1,9278.87323943662,209.5,98.8,78.0
71,304.35,17.0,3.6,8073.271889400922,209.5,98.8,78.0
72,795.7,10.0,2.5,8596.428571428572,188.6,0.0,78.0
73,122.23,12.0,3.4,7139.943342776204,188.6,0.0,78.0
74,247.1,10.0,3.2,7688.983050847458,188.6,0.0,78.0
75,-380.29,9.0,4.0,6271.578947368421,188.6,0.0,156.0
76,763.64,8.0,2.5,7861.712439418417,188.6,0.0,156.0
77,742.03,10.0,2.5,6892.428198433421,188.6,0.0,78.0
78,-271.76,17.0,2.5,4977.743902439024,62.1,0.0,60.0
79,-358.9,24.0,3.911538461538461,8106.282051282052,157.88,119.68,120.0
80,973.03,25.0,3.124137931034483,6564.48717948718,236.29999999999998,120.72000000000001,120.0
81,-551.39,24.0,3.832,6561.538461538462,134.88,119.68,120.0
82,748.4,24.0,2.007894736842105,7302.051282051282,125.68,119.68,120.0
83,649.19,15.0,2.63,4640.0,184.0,0.0,120.0
84,674.23,15.0,2.6480952380952383,5855.384615384615,184.0,0.0,120.0
85,-1225.34,9.0,3.896808510638298,4618.734177215189,92.0,0.0,120.0
86,-1563.34,8.0,3.537352933705884,7924.310344827586,0.0,0.0,120.0
87,56.49,15.0,2.9929411764705884,7826.333333333333,138.0,0.0,120.0
88,1184.99,9.0,2.11,7948.108108108108,202.3,130.0,120.0
89,-208.48,15.0,2.11,11160.81081081081,26.4,242.4,0.0
90,233.08,15.0,1.98,9598.395061728395,108.5,130.0,120.0
91,44.18,15.0,1.98,11270.487804878048,27.5,130.0,120.0
92,-558.69,10.0,4.8,11369.0,211.6,0.0,162.0
93,-689.42,14.0,4.0,10479.545454545454,128.8,0.0,165.0
94,-679.33,12.0,3.3,9809.285714285714,82.8,0.0,0.0
95,-624.06,8.0,3.41,5019.090909090909,119.6,0.0,168.0
96,495.01,15.0,2.91,6495.0,188.6,0.0,0.0
97,953.79,21.0,2.5,8188.333333333333,186.3,0.0,0.0
98,797.78,20.0,2.7,8609.418604651162,186.3,0.0,0.0
99,786.2,23.0,2.5,7827.023809523809,165.60000000000002,0.0,0.0
100,205.85,11.0,3.405,12768.0,148.5,0.0,0.0
101,72.04,14.0,3.5666666666666678,10385.2,148.5,0.0,0.0
102,363.87,10.0,3.0591666666666666,10293.333333333334,148.5,0.0,0.0
103,-62.67,19.0,2.5,8847.784431137725,83.1,0.0,21.0
104,1275.25,18.0,1.975555555555556,6968.59375,185.38,0.0,99.6
105,562.77,18.0,1.95,8166.7692307692305,120.916,126.0,72.0
106,-83.87,14.0,2.53,8788.2,84.64,0.0,0.0
107,266.88,21.0,2.672,6693.333333333333,100.1,52.0,120.0
108,-90.65,21.0,2.973170731707317,4595.641025641025,93.1,57.2,138.0
109,364.96,22.0,2.5142857142857142,7292.993197278912,94.2,62.4,138.0
110,162.44,21.0,3.0808988764044942,5827.272727272727,142.05,57.2,138.0
111,-46.05,22.0,2.85875,3322.1153846153848,89.1,0.0,120.0
112,955.36,15.0,3.3,8398.301886792453,255.3,119.6,0.0
113,1747.49,17.0,2.0465306122448976,9726.80412371134,230.553,5.2,102.0
114,-311.7,15.0,2.5,9637.820512820514,46.0,0.0,0.0
115,1940.39,16.0,1.35,7184.255319148936,220.244,5.2,136.026
116,728.41,8.0,2.476,7036.571428571428,188.6,0.0,90.0
117,-590.36,15.0,2.8,5688.578947368421,55.2,0.0,0.0
118,-1611.75,15.0,3.7599999999999993,6629.76,16.25,120.25,0.0
119,-1686.75,15.0,3.87,6837.923076923077,16.25,120.25,0.0
120,-2218.8,15.0,4.6,7160.5,16.25,120.25,0.0
121,1236.15,12.0,2.66,10010.5,252.2,126.0,72.0
122,-144.72,15.0,3.01,10753.8,128.0,126.0,72.0
123,1420.09,22.0,2.3,7250.272509265315,216.408,5.2,72.0
124,1363.35,20.0,1.98,8300.277777777777,186.8272,2.6,93.12
125,712.36,8.0,2.5,7132.0,197.39999999999998,119.6,0.0
126,-15.82,9.0,3.485483870967741,7907.5,193.0,98.8,0.0
127,491.82,24.0,2.2008333333333328,6300.0,156.7,0.0,150.0
128,1342.52,9.0,2.1412499999999994,11026.142857142857,210.4,124.8,123.0
129,1014.71,24.0,2.598846153846154,7299.866666666667,190.9,0.0,135.6
130,1068.16,30.0,2.061562500000001,6932.631578947368,142.6,0.0,120.0
131,724.29,13.0,2.4,4618.048780487805,183.54,0.0,0.0
132,701.71,19.0,2.6,4278.166666666667,186.6,0.0,0.0
133,652.23,17.0,2.6,4003.5833333333335,186.6,0.0,0.0
134,-42.83,15.0,2.5,7816.165598817151,189.99,0.0,118.2
135,-73.84,15.0,2.5,7821.632124352332,183.51,0.0,104.94
136,52.6,19.0,2.45,3772.0,101.2,0.0,0.0
137,-1727.93,11.0,4.5,3166.5853658536585,92.0,0.0,0.0
138,-670.44,21.0,4.5,4518.214285714285,184.0,0.0,0.0
139,754.15,19.0,2.5,3878.017241379311,184.0,0.0,0.0
140,296.23,21.0,2.5,7863.188405797101,112.0,0.0,108.0
141,-147.6,19.0,4.0,7313.695652173913,192.5,0.0,108.0
142,-107.58,10.0,2.4435294117647057,6401.991150442477,198.0,90.0,120.0
143,-244.31,12.0,2.76,8559.714285714286,92.0,0.0,0.0
144,950.49,23.0,2.6,8407.225806451614,184.46,0.0,99.6
145,996.76,21.0,2.5,10259.453125,184.0,0.0,0.0
146,908.8,19.0,2.5,8770.985915492958,184.0,0.0,0.0
147,993.89,24.0,2.551489361702128,9424.782608695652,184.0,0.0,0.0
148,1038.15,23.0,2.3996666666666657,7915.083333333333,184.0,0.0,0.0
149,834.37,28.0,2.80340909090909,7711.978021978022,184.0,0.0,0.0
150,266.63,20.0,2.5,6222.300884955752,119.6,0.0,0.0
151,-75.24,15.0,2.5,7627.272727272728,181.305,0.0,138.0
152,76.09,16.0,2.5,10810.185185185184,193.23,0.0,94.8
153,-3.68,21.0,2.5,6524.8,176.94,0.0,138.6
154,-16.24,15.0,2.5,8779.38053097345,184.68,0.0,159.6
155,76.92,11.0,2.9,3938.991596638656,164.57999999999998,98.8,0.0
156,261.41,10.0,2.7,7206.190476190476,181.5,100.88,17.6
157,-71.95,18.0,2.5,5889.714285714285,181.71,0.0,125.7
158,-171.78,15.0,2.5,5573.333333333333,173.7,0.0,133.32
159,1113.0,17.0,2.2,10422.657342657343,174.8,0.0,141.0
160,-760.82,13.0,3.5,8869.86301369863,87.4,0.0,96.0
161,820.0,11.0,2.2,5752.083333333333,173.65,0.0,114.0
162,474.06,15.0,2.5,6034.285714285715,151.8,0.0,84.0
163,734.38,13.0,2.5,5973.846153846154,184.0,0.0,90.0
164,-342.56,15.0,3.9441666666666655,7328.795811518324,174.8,0.0,90.0
165,1114.17,12.0,2.1,8843.460891505467,184.0,0.0,120.0
166,-1323.71,13.0,4.546842105263158,8287.2,165.3,0.0,30.0
167,-750.58,12.0,4.336,8626.0,211.3,0.0,37.5
168,240.19,18.0,3.7,8892.888888888889,209.3,119.6,0.0
169,-58.27,16.0,4.0,7797.555555555556,209.3,119.6,0.0
170,113.04,16.0,3.7,6168.210526315789,209.3,119.6,0.0
171,-1403.76,15.0,4.01,10580.697674418603,46.0,0.0,0.0
172,-454.09,15.0,3.7,9857.0,138.0,0.0,0.0
173,854.53,14.0,2.2181818181818183,6424.923076923077,170.2,0.0,108.0
174,972.93,13.0,1.9928571428571429,6806.216216216216,165.6,0.0,114.0
175,936.96,15.0,2.166666666666667,7095.833333333333,170.2,0.0,114.0
176,1119.41,21.0,2.9016666666666664,12740.869565217392,214.8,145.6,120.0
177,183.82,19.0,3.727576923076923,3862.125,214.8,145.6,120.0
178,887.96,14.0,2.8793666666666664,9444.08,214.8,145.6,120.0
179,134.81,13.0,2.683333333333333,7726.666666666667,162.76,0.0,68.52
180,-270.7,16.0,4.5,7871.720430107527,221.66000000000003,117.52,90.0
181,78.11,22.0,4.015,7277.131147540984,208.3,104.0,120.0
182,498.02,25.0,3.505,6395.0,208.85000000000002,106.6,120.0
183,675.88,28.0,3.4274509803921567,5601.866666666667,219.68,108.16,78.0
184,1260.4,22.0,2.5,8800.714285714286,209.18,108.16,120.0
185,518.34,18.0,3.254545455,6661.2,206.0,104.0,120.0
186,-65.3,21.0,3.25,6954.0,111.1,104.0,120.0
187,-92.35,10.0,3.1782142857142865,8528.392857142857,147.2,0.0,90.0
188,-266.22,14.0,2.5,10678.260869565218,97.55000000000001,127.1,191.5
189,297.04,23.0,2.5,11137.241379310344,202.55,127.1,169.0
190,-773.93,15.0,2.62,7390.37037037037,0.0,0.0,75.0
191,61.57,24.0,2.62,4024.255319148936,98.9,0.0,105.0
192,-85.23,11.0,2.4866666666666672,7473.566878980892,198.0,90.0,120.0
193,889.29,25.0,3.1,8704.85294117647,211.5,130.0,108.0
194,1379.92,29.0,2.3,6867.156862745098,208.0,120.0,108.0
195,802.59,15.0,0.5903333333333334,9676.0,23.3,76.89,0.0
196,534.02,15.0,1.453709677419355,11065.76,69.3,76.89,0.0
197,744.04,15.0,0.5900000000000001,9590.416666666666,0.0,0.0,90.0
198,-1008.32,15.0,3.73,12916.551724137931,112.33,105.56,120.0
199,-454.38,15.0,2.4,6429.756097560976,29.7,140.4,0.0
200,836.03,13.0,2.7416666666666667,4611.452991452991,216.2,0.0,90.0
201,532.7,15.0,2.665,6139.406779661017,174.8,0.0,0.0
202,562.63,12.0,2.6,4517.25,184.66,3.12,0.0
203,1044.24,26.0,2.4,5779.6551724137935,185.32,6.24,0.0
204,211.31,25.0,4.0,7427.75,212.38,134.16,162.0
205,1417.4,28.0,2.1864285714285714,6290.869565217391,197.7,130.0,114.0
206,1180.36,25.0,2.4338,4910.8,203.2,156.0,114.0
207,780.88,25.0,3.068571428571428,5725.714285714285,207.8,156.0,114.6
208,1076.78,24.0,2.4338,3928.4,197.7,130.0,114.0
209,1107.97,15.0,2.5,10627.333333333334,206.0,104.0,120.0
210,-433.52,15.0,2.5,9658.608695652174,22.0,104.0,120.0
211,765.19,14.0,2.563913043478261,4805.416666666667,194.0,156.0,115.8
212,871.47,17.0,2.717777777777777,6978.75,203.2,156.0,115.8
213,1031.5,25.0,2.5357142857142856,4213.561643835616,197.7,130.0,115.8
214,1705.3,16.0,2.5846153846153843,5381.578947368421,276.8,156.0,115.8
215,1626.4,31.0,3.2700000000000005,5677.60736196319,284.46000000000004,76.96,120.0
216,1198.62,27.0,2.5,4981.533333333334,209.48,76.96,0.0
217,1555.52,37.0,2.5,5611.565217391304,217.76,76.96,111.0
218,1550.66,33.0,2.5,7689.245283018868,223.28,76.96,0.0
219,1198.42,32.0,2.5,4662.666666666667,200.28,76.96,0.0
220,1131.2,20.0,2.9285714285714284,8543.68,233.06,231.92,132.0
221,183.79,18.0,3.9,7527.272727272727,219.06,228.8,115.2
222,497.31,18.0,3.54,7495.0,223.53,230.36,118.2
223,567.74,18.0,3.657142857142857,7065.106382978724,239.5,231.92,124.2
224,742.46,19.0,3.3125,6109.166666666667,233.06,231.92,118.2
225,2027.96,27.0,2.5,8636.666666666666,274.64,428.48,135.6
226,1296.0,28.0,2.5964285714285715,7594.888888888889,224.5438,76.22160000000001,72.6624
227,1704.04,27.0,2.745945945945946,6293.545454545455,273.475,73.6344,54.5412
228,931.08,24.0,2.371052631578947,5362.086956521739,186.608,73.0296,69.38040000000001
229,654.06,18.0,2.5,8170.476190476191,128.13,95.16,120.0
230,-499.54,16.0,2.5,7009.166666666667,22.0,104.0,114.0
231,62.84,21.0,2.5,9692.583333333334,72.07,123.24,120.0
232,922.66,18.0,2.5,8304.190476190477,167.42000000000002,120.64,120.0
233,687.7,21.0,2.5,7864.0,125.93,84.76,120.0
234,1101.12,26.0,2.5,9402.833333333334,175.17499999999998,131.3,120.0
235,-1917.69,10.0,4.3,7749.830508474576,24.2,114.4,120.0
236,434.41,23.0,2.5,9795.375,114.0,104.0,102.0
237,1367.99,36.0,2.5,5625.3,201.6,83.2,108.0
238,1269.01,31.0,2.5,3978.0,208.2,114.4,90.0
239,-402.67,22.0,2.5,6748.1,20.9,98.8,90.0
240,1324.09,30.0,2.5,6660.930232558139,206.2,83.2,108.0
241,-408.64,25.0,2.5,4366.0,22.0,104.0,90.0
242,-346.99,20.0,2.5,9044.076923076924,24.2,114.4,90.0
243,384.3,21.0,2.5,9175.42857142857,116.2,114.4,84.0
244,695.54,37.0,2.5,8528.25,116.2,114.4,93.0
245,1650.92,22.0,2.4,6342.036553524805,256.7628,76.76480000000001,68.89920000000001
246,-1562.35,15.0,4.3,11647.727272727272,109.5,67.5,114.0
247,-1590.2,15.0,4.25,11672.173913043478,90.6,85.0,111.0
248,-253.39,15.0,1.9448275862068964,7282.533333333334,16.2,88.2,0.0
249,-198.31,15.0,1.9448275862068964,9030.454545454546,16.2,86.4,0.0
250,-1270.38,15.0,3.61,5404.36170212766,106.2,88.2,120.0
251,963.51,19.0,2.8476190476190477,9507.71653543307,213.66000000000003,48.6,106.8
252,-1058.29,19.0,3.8333333333333335,4640.609756097561,80.5,119.6,132.0
253,435.27,15.0,2.83,2379.390243902439,187.60000000000002,104.0,72.0
254,-487.94,18.0,2.9,2216.7073170731705,77.2,104.0,132.0
255,406.01,22.0,2.3,10532.916666666666,211.75,86.8,90.8
256,346.03,22.0,2.4,9965.6,219.4,86.8,84.8
257,779.56,21.0,1.8,9846.818181818182,220.7,93.4,93.6
258,499.34,18.0,2.1,10669.333333333334,217.15,86.8,84.8
259,175.9,14.0,2.5,6973.9047619047615,113.45,101.4,150.0
260,205.23,10.0,3.797568000000001,13901.309523809525,208.4,114.4,114.0
261,420.3,15.0,2.95625,7194.757695824444,182.16,0.0,0.0
262,-707.3,18.0,3.742857142857143,7756.923076923077,106.72,0.0,120.0
263,-1221.14,17.0,4.06,4417.826086956522,208.0,98.0,56.0
264,-705.88,19.0,3.5,6256.2,208.0,98.0,56.0
265,-614.3,15.0,3.358,4207.333333333333,110.4,0.0,0.0
266,-167.92,8.0,3.1,4812.0,154.10000000000002,0.0,0.0
267,40.92,13.0,3.233,7957.57281553398,165.60000000000002,0.0,0.0
268,-44.34,8.0,2.823,4779.83651226158,149.3,0.0,0.0
269,184.33,11.0,2.903,6038.338926174497,165.60000000000002,0.0,0.0
270,-155.47,15.0,3.525,7309.642857142857,165.60000000000002,0.0,0.0
271,1.82,9.0,2.575,8027.114427860696,110.4,0.0,88.8
272,-691.47,12.0,2.45,2479.25,22.0,104.0,105.0
273,-356.59,14.0,3.911538461538461,6908.333333333333,179.0,104.0,78.0
274,-324.7,14.0,3.832,6130.0,179.0,104.0,72.0
275,13.1,12.0,3.5780769036366387,5760.0,204.0,90.0,90.0
276,-557.02,10.0,3.061363636363637,3331.029411764706,112.0,90.0,90.0
277,313.0,15.0,3.181578943603917,3987.2093023255816,204.0,90.0,90.0
278,2381.35,19.0,0.3868888888888889,4939.014620468656,204.0,90.0,90.0
279,-403.45,23.0,3.2058823529411766,4316.451612903225,221.07000000000002,102.04,105.0
280,266.99,23.0,2.450136363636364,7144.761904761905,226.0,99.84,115.8
281,-247.57,15.0,2.0,5877.321428571428,19.8,93.6,0.0
282,-1210.33,20.0,4.0,4456.4,182.5,130.0,120.0
283,-401.61,23.0,3.1,5512.954545454545,193.75,130.0,120.0
284,-60.97,26.0,3.4,6593.958333333333,297.5,104.0,0.0
285,-697.13,22.0,3.4,5286.493506493506,182.5,130.0,120.0
286,-636.59,23.0,3.3,4212.53164556962,182.5,130.0,120.0
287,-209.26,20.0,3.4,4831.756357185098,302.5,130.0,0.0
288,-609.78,22.0,3.3,5704.8,182.5,130.0,120.0
289,1159.53,20.0,2.5,7325.333333333333,207.0,0.0,114.0
290,1165.53,20.0,2.5,7506.470588235294,207.0,0.0,114.0
291,742.69,18.0,3.436,8944.21052631579,244.2482,90.0,70.71000000000001
292,1488.34,25.0,2.5,9842.598010532476,229.86,79.8,76.4
293,1491.18,23.0,2.602702702702703,10463.824289405686,238.5188,75.9672,102.71600000000001
294,-711.77,17.0,2.845090909090909,7658.802395209581,23.1,109.2,102.0
295,798.82,30.0,2.5,3934.647887323944,160.0,104.0,120.0
296,-1.24,15.0,1.95,8123.538461538462,30.8,145.6,138.0
297,1563.34,23.0,2.006896551724138,5500.0,217.28,77.1,111.5
298,1375.42,18.0,1.9853658536585368,4552.682926829269,210.38,77.1,111.5
299,575.77,23.0,2.5,9615.142857142857,186.8,115.0,134.0
300,519.62,19.0,2.45,9265.263157894737,186.8,115.0,70.0
301,258.82,21.0,2.9,10292.586206896553,186.8,115.0,134.0
302,95.45,15.0,2.855,7959.1,186.8,115.0,134.0
303,682.7,18.0,2.21,9428.46153846154,186.8,115.0,134.0
304,1094.49,37.0,2.5,6400.923076923077,138.59,119.08,134.13
305,635.65,26.0,2.5,4478.75,122.39000000000001,119.08,139.18200000000002
306,1501.11,34.0,2.5,6136.025641025641,188.72,131.04,132.0
307,1610.33,27.0,2.5,7837.34693877551,205.01999999999998,120.64,140.4
308,1598.43,23.0,2.5,10280.227272727272,204.36,117.52,138.0
309,1063.82,18.0,2.5,9935.897435897436,169.59,119.08,111.132
310,-916.27,15.0,3.3,5925.2830188679245,59.4,280.8,0.0
311,372.01,21.0,2.15,6823.809523809524,211.3,98.4,96.0
312,808.53,27.0,1.85,922.8333333333334,204.57999999999998,108.16,97.8
313,464.19,20.0,2.990923076923077,5976.526315789473,187.8,0.0,72.0
314,632.52,25.0,2.9569565217391305,7264.222222222223,187.8,0.0,72.0
315,-302.4,16.0,4.241269841269841,10193.2,200.22,119.44000000000001,0.0
316,901.63,16.0,2.501639344262295,7395.409836065573,200.22,119.44000000000001,0.0
317,865.69,12.0,2.5,8818.692307692309,200.22,119.44000000000001,0.0
318,508.42,17.0,2.963235294117647,5644.37037037037,197.72,100.94000000000001,0.0
319,-615.47,15.0,3.01,9860.5,126.0,126.0,72.0
320,-238.45,21.0,4.3575,6557.6,206.44,106.08,120.0
321,-258.51,23.0,4.404999999999999,5751.046511627907,206.44,106.08,120.0
322,-54.1,22.0,4.154999999999999,6984.222222222223,206.44,106.08,120.0
323,1469.79,25.0,2.3,9656.0,206.44,106.08,120.0
324,587.82,26.0,3.196551724137931,10478.153846153846,185.9,49.95,71.1
325,1700.85,19.0,2.01,10465.6,227.0,78.3,89.0
326,-172.76,17.0,2.8991625,9710.526315789471,211.75,98.4,99.0
327,-545.77,22.0,3.4415333333333336,8819.816513761469,201.85,98.4,78.0
328,403.06,19.0,2.0653,7302.666666666667,209.83,99.96000000000001,85.2
329,-269.84,22.0,3.068792307692308,10217.2,193.5,0.0,84.0
330,1619.65,23.0,2.3,6372.666666666667,234.77320000000003,95.9088,135.69
331,1701.88,18.0,2.3,10834.222222222224,238.61950000000002,87.8176,143.328
332,1796.67,17.0,2.23,10172.666666666666,245.961,91.0,121.5
333,487.25,20.0,2.8,4627.052631578948,174.8,0.0,0.0
334,710.23,21.0,1.7,6099.375,238.5,126.0,111.0
335,201.1,21.0,2.45,6382.312298479963,225.65,94.55,99.6
336,830.19,27.0,1.6,6937.291666666667,215.38,90.16,88.76
337,1334.24,14.0,2.371428571428572,4629.522431259045,237.77599999999998,125.632,130.26
338,1544.63,12.0,2.129169230769231,6909.94560994561,237.641,117.0,121.2
339,291.22,14.0,3.5431200000000005,6120.696721311476,220.355,117.208,122.4
340,75.63,15.0,1.5,8237.368421052632,16.2,88.2,120.0
341,53.55,8.0,1.9,8481.875,111.8,93.6,120.0
342,382.73,15.0,2.0,6156.285714285715,201.8,93.6,120.0
343,-251.63,15.0,2.0,8170.222222222223,16.2,88.2,120.0
344,-382.54,15.0,2.2,7406.071428571428,32.0,96.0,64.0
345,108.08,14.0,3.4420000076293946,5760.0,200.0,118.4,0.0
346,168.08,13.0,3.322222179836697,5488.260869565217,200.0,118.4,0.0
347,167.67,13.0,3.3119999980926518,4578.714285714285,202.2,128.8,0.0
348,78.64,18.0,3.047962962962964,4894.967741935484,201.5,88.4,177.0
349,-434.81,15.0,2.3,6410.555555555556,36.0,63.0,150.0
350,939.66,15.0,2.3788,7186.0,232.947,119.08,120.0
351,1683.85,15.0,2.055,7855.5,237.165,124.28,120.0
352,1155.81,17.0,2.3166666666666678,8334.066666666668,198.78300000000002,2.6,124.02
353,1522.96,16.0,1.9209,5726.5,220.7,119.6,123.0
354,805.19,20.0,2.275,8624.755244755244,213.8,92.4,120.0
355,558.08,13.0,3.0,7366.8500687757905,215.54000000000002,91.74,108.0
356,864.86,20.0,2.543229166666667,5608.111111111111,231.3,145.6,120.0
357,228.94,20.0,2.5,5134.5,214.0,98.0,72.0
358,-216.25,17.0,3.642635294117648,6533.802816901408,229.0,98.0,96.0
359,1609.77,18.0,2.040909090909091,10623.492063492064,226.35,84.15,124.8
360,1597.46,19.0,1.8,5831.7,206.44,106.08,120.0
361,749.88,22.0,3.0,5275.117647058823,206.44,106.08,120.0
362,432.04,19.0,3.5,8812.888888888889,206.77,107.64,120.0
363,429.34,15.0,2.5,2056.0714285714284,208.4,124.8,150.0
364,406.39,15.0,2.5,1329.6,208.4,124.8,150.0
365,1645.88,24.0,1.78,5505.0,201.0,145.6,120.0
366,1615.81,27.0,1.7100000000000002,4651.481481481482,201.0,145.6,120.0
367,1716.36,22.0,1.708695652173913,7956.0,225.7,82.5,120.0
368,242.86,20.0,2.5,7508.94660894661,230.24,81.84,138.0
369,-527.09,16.0,2.9,2783.0508474576272,178.0,96.0,117.0
370,995.51,27.0,2.5,6406.16,201.6,108.0,122.0
371,932.95,24.0,2.5,6371.36,201.6,108.0,122.0
372,-1042.23,15.0,3.0451679999999994,8458.681318681318,0.0,0.0,108.0
373,771.61,10.0,1.4,8233.333333333334,113.0,105.0,125.0
374,696.66,12.0,1.5,6921.111111111111,113.0,105.0,125.0
375,-753.31,10.0,2.45,4628.369565217391,21.0,105.0,125.0
376,-717.18,20.0,3.6976714285714287,6700.472255017709,223.0,120.0,105.0
377,911.44,20.0,3.628457142857143,8162.790697674418,309.3,124.8,105.0
378,-350.22,17.0,4.88125,5594.0,201.0,125.8,90.0
379,-233.82,21.0,5.907407407407407,6168.831168831169,201.0,125.8,90.0
380,-1866.87,15.0,4.1125,6279.3,24.0,120.0,0.0
381,-131.55,15.0,3.922118181818182,10040.5,212.0,126.0,54.0
382,-148.62,22.0,4.611764705882353,10596.372549019608,201.0,125.8,90.0
383,1876.18,27.0,2.5,8937.222222222223,257.5,130.0,90.0
384,1625.27,18.0,2.5,6294.666666666667,211.5,130.0,90.0
385,1770.6,27.0,2.5,5607.2972972972975,257.5,130.0,90.0
386,1742.96,25.0,2.5,4330.25,119.5,130.0,90.0
387,1764.19,27.0,2.5,3699.777777777778,119.5,130.0,90.0
388,456.16,23.0,3.7,7326.041666666667,178.0,125.8,96.0
389,-998.34,15.0,2.95,5226.086956521739,16.5,78.0,0.0
390,-582.69,15.0,2.5708333333333333,7885.238095238095,16.5,78.0,120.0
391,-606.88,15.0,2.5278260869565217,6110.6349206349205,16.5,78.0,120.0
392,-16.35,15.0,2.5,7518.214285714285,70.5,78.0,120.0
393,-716.67,15.0,2.5,3560.9523809523807,16.5,78.0,0.0
394,333.95,19.0,3.671951219512195,8920.87912087912,210.29,124.28,102.0
395,727.1,25.0,3.3425,9819.166666666666,209.96,122.72,102.0
396,764.59,27.0,3.248854961832061,7313.59375,210.62,125.84,102.0
397,563.84,22.0,3.479710144927536,9149.154929577464,211.9125,131.95,108.0
398,1189.74,17.0,2.5,9190.75,211.82999999999998,131.56,108.0
399,-1169.08,15.0,3.2221463414634144,6212.0,16.5,78.0,0.0
400,-695.83,15.0,2.5,4221.263157894737,16.5,78.0,0.0
401,-665.62,15.0,2.5,5333.75,16.0,128.0,126.0
402,-643.96,15.0,3.2,7576.382978723404,180.0,0.0,180.0
403,-399.78,15.0,2.8,5906.981132075472,180.0,0.0,180.0
404,32.85,10.0,3.5,8383.939393939394,186.3,0.0,100.2
405,-1145.98,8.0,3.6,7419.192546583851,62.1,0.0,181.2
406,-0.97,15.0,2.5,8201.75,92.0,0.0,0.0
407,-337.4,15.0,3.1,6407.142857142857,128.0,63.0,150.0
408,438.65,15.0,2.1,7456.0,128.0,126.0,150.0
409,848.98,15.0,2.5,7693.066666666667,201.6,63.0,150.0
410,449.67,16.0,2.69,8992.923076923076,153.0,114.4,78.0
411,-1035.15,15.0,5.38,11044.670658682637,153.0,114.4,78.0
412,-1092.21,13.0,5.38,10502.634730538924,153.0,114.4,81.0
413,-427.99,15.0,3.75,6746.72268907563,153.0,114.4,81.0
414,417.6,20.0,2.86,9145.333333333334,153.55,117.0,84.0
