,N_as_Nitrate_kg_per_Ha,P_as_Phosphorus_kg_per_Ha,K_as_Potassium_kg_per_Ha,Field_Name,Soil_Organic_Matter,Yield_Mass_kg_Per_Ha,CO2_kg_Emissions_per_Ha,Total_Water_Applied_mm,Crop_Protection_Application_Doses
0,6000.0,0.0,6000.0,M2I2001,2.5,4786.9,349.85,350,14
1,6600.0,0.0,6600.0,M2I2002,2.5,5234.476190476191,488.41,350,18
2,6000.0,0.0,6000.0,M2I2003,2.5,4358.380952380952,462.26,350,20
3,0.0,0.0,0.0,M2I2005,2.5,3400.4,409.14,350,10
4,0.0,0.0,0.0,M2I2006,2.5,3033.0,261.38,350,15
5,0.0,0.0,0.0,M2I2007,2.5,3077.6296296296296,359.71,350,10
6,2600.0,11960.0,0.0,M2I2008,2.5,4960.0,1060.97,350,19
7,2600.0,11960.0,0.0,M2I2009,2.5,4477.614678899083,490.6,350,19
8,2600.0,11960.0,0.0,M2I2010,2.5,4445.221238938053,-85.83,350,18
9,0.0,0.0,0.0,M2I2011,2.5,4844.298245614035,-213.99,350,16
10,2600.0,11960.0,0.0,M2I2012,2.5,5228.347826086957,-534.9,350,17
11,0.0,0.0,0.0,M2I2013,2.5,4309.304347826087,-553.55,350,10
12,0.0,0.0,0.0,M2I2021,2.5,4986.866666666667,786.73,350,12
13,0.0,0.0,0.0,M2I2023,2.5,5081.8125,793.47,350,12
14,0.0,0.0,0.0,M2I2024,2.5,3511.413043478261,788.37,350,15
15,16650.0,0.0,13200.0,M2I2025,2.5,4560.428571428572,950.38,350,20
16,16650.0,0.0,13200.0,M2I2026,2.5,3651.875,46.64,350,17
17,16650.0,0.0,13200.0,M2I2027,2.5,2936.818181818182,23.35,350,18
18,0.0,0.0,0.0,M2I2029,2.5,4770.0,592.87,350,8
19,0.0,0.0,0.0,M2I2030,2.5,4025.9,678.78,350,13
20,0.0,0.0,0.0,M2I2031,2.5,4810.932203389831,662.85,350,11
21,0.0,0.0,0.0,M2I2033,2.5,4409.770114942528,706.08,350,11
22,0.0,0.0,0.0,M2I2034,2.5,2415.3571428571427,-704.27,350,21
23,0.0,0.0,0.0,M2I2036,2.5,3796.03305785124,-598.51,350,15
24,0.0,0.0,0.0,M2I2037,2.5,4414.311377245509,-563.55,350,15
25,0.0,0.0,13200.0,M2I2039,2.5,4295.490196078431,459.49,350,19
26,8000.0,0.0,8000.0,M2I2041,2.5,2087.1794871794873,186.07,350,17
27,5400.0,0.0,5400.0,M2I2042,2.5,2780.1,243.67,350,22
28,8000.0,0.0,8000.0,M2I2043,2.5,1934.4086021505377,146.48,350,15
29,8000.0,0.0,8000.0,M2I2044,2.5,1948.279569892473,150.72,350,15
30,0.0,0.0,0.0,M2I2045,2.5,2868.809523809524,612.67,350,8
31,0.0,0.0,0.0,M2I2047,2.5,2860.3030303030305,755.18,350,15
32,0.0,0.0,0.0,M2I2051,2.5,4145.098039215686,780.85,350,13
33,0.0,0.0,0.0,M2I2102,3.362285714285714,5998.719512195122,328.06,350,20
34,0.0,0.0,0.0,M2I2103,3.445714285714285,4642.64367816092,856.51,350,13
35,0.0,0.0,0.0,M2I2104,3.524375,4947.4,254.73,350,18
36,0.0,0.0,0.0,M2I2105,3.546875,4652.571428571428,55.05,350,14
37,0.0,0.0,0.0,M2I2106,2.5,4574.7,921.34,350,14
38,10000.0,0.0,5000.0,M2I2107,2.6387363038714393,2853.0158730158732,239.54,350,17
39,10000.0,0.0,5000.0,M2I2108,2.6099658460505797,3682.205882352941,393.43,350,22
40,10000.0,0.0,5000.0,M2I2109,3.6932432432432427,3414.6363636363635,-473.88,350,18
41,0.0,0.0,0.0,M2I2114,3.6833333333333336,4869.115044247787,-830.27,350,19
42,0.0,0.0,0.0,M2I2115,3.6916666666666664,5368.684210526316,-1134.29,350,20
43,0.0,0.0,0.0,M2I2116,3.275,4932.293577981652,-263.97,350,14
44,0.0,0.0,0.0,M2I2117,2.8800000190999997,5375.222222222223,75.02,350,15
45,0.0,0.0,0.0,M2I2118,3.525,3986.8263473053894,-560.47,350,15
46,0.0,0.0,0.0,M2I2120,2.3200000000000003,4243.181818181818,-549.69,350,15
47,0.0,0.0,0.0,M2I2121,3.595,3936.804733727811,-1596.85,350,9
48,0.0,0.0,0.0,M2I2122,3.3649999999999998,3549.2561983471073,10.59,350,9
49,0.0,0.0,0.0,M2I2123,2.2493768545297477,2290.8,544.55,350,15
50,0.0,0.0,0.0,M2I2124,3.01,1576.7142857142858,-874.1,350,15
51,0.0,0.0,0.0,M2I2125,1.9857142857142858,3147.1428571428573,-377.84,350,13
52,0.0,0.0,0.0,M2I2126,1.4216216216216215,2495.222222222222,1223.25,350,14
53,0.0,0.0,0.0,M2I2127,2.85,5297.115384615385,-99.18,350,19
54,0.0,0.0,0.0,M2I2128,1.92,3954.0,1153.57,350,24
55,0.0,0.0,0.0,M2I2129,1.6264705882352941,3779.324324324324,90.49,350,13
56,0.0,0.0,0.0,M2I2131,2.275294117647059,3960.4,-395.02,350,9
57,4000.0,0.0,3000.0,M2I2132,2.132941176470588,2870.9166666666665,-503.51,350,15
58,0.0,0.0,0.0,M2I2133,3.245,4823.289473684211,-1218.33,350,15
59,0.0,0.0,0.0,M2I2134,2.8525,6205.882352941177,682.99,350,13
60,0.0,0.0,0.0,M2I2135,3.0408,5324.390243902439,599.35,350,18
61,0.0,0.0,0.0,M2I2136,3.4509008918796575,4093.2,-695.64,350,17
62,0.0,0.0,0.0,M2I2137,2.9499999881666663,5304.0,100.53,350,17
63,0.0,0.0,0.0,M2I2141,2.4072639999999996,4485.6,-608.16,350,15
64,0.0,0.0,0.0,M2I2143,3.6045454632272738,4051.5263157894738,-574.98,350,16
65,1850.0,12950.0,1850.0,M2I2145,2.5,2108.2608695652175,1081.32,350,17
66,4160.0,0.0,4160.0,M2I2150,2.33,4778.367346938776,581.15,350,11
67,4160.0,0.0,4160.0,M2I2151,2.1,4260.0,22.05,350,15
68,2100.0,9660.0,0.0,M2V2001,2.96,2450.0,1497.96,450,31
69,2100.0,9660.0,0.0,M2V2002,2.7955555555555556,2763.78640776699,790.11,450,23
70,2100.0,9660.0,0.0,M2V2003,3.659375,1865.5128205128206,79.62,450,27
71,2600.0,11960.0,0.0,M2V2004,3.709375,2172.3376623376626,218.76,450,28
72,2100.0,9660.0,0.0,M2V2005,2.822916666666667,3411.0344827586205,905.01,450,24
73,2100.0,9660.0,0.0,M2V2006,2.697872340425532,2852.751677852349,988.22,450,34
74,0.0,0.0,0.0,M2V2011,2.5,3614.3333333333335,953.79,450,21
75,0.0,0.0,0.0,M2V2012,2.7,3464.4186046511627,797.78,450,20
76,0.0,0.0,0.0,M2V2013,2.5,3961.309523809524,786.2,450,23
77,0.0,0.0,0.0,M2V2014,2.5,3812.621951219512,657.14,450,14
78,0.0,0.0,0.0,M2V2015,2.8,1850.4736842105262,-590.36,450,15
79,0.0,0.0,0.0,M2V2016,2.5,2536.6463414634145,-271.76,450,17
80,0.0,0.0,0.0,M2V2017,2.5,3461.0810810810813,813.39,450,23
81,0.0,0.0,0.0,M2V2018,2.6,3779.8709677419356,950.49,450,23
82,0.0,0.0,0.0,M2V2019,2.9,1753.6134453781513,76.92,450,11
83,4224.0,0.0,1760.0,M2V2020,2.7,2494.7619047619046,261.41,450,10
84,0.0,0.0,0.0,M2V2023,2.5,3380.5555555555557,712.36,450,8
85,0.0,0.0,0.0,M2V2024,3.485483870967741,2965.3333333333335,-15.82,450,9
86,0.0,0.0,0.0,M2V2025,2.4,991.4634146341464,724.29,450,13
87,0.0,0.0,0.0,M2V2026,1.9755555555555557,2234.84375,1275.25,450,18
88,0.0,0.0,0.0,M2V2027,2.5,1664.421052631579,3214.68,450,16
89,0.0,0.0,0.0,M2V2028,2.5,3197.9710144927535,296.23,450,21
90,0.0,0.0,0.0,M2V2029,4,2576.5942028985505,-147.6,450,19
91,2100.0,0.0,2100.0,M2V2030,2.5,4753.053892215569,-62.67,450,19
92,10400.0,11500.0,10400.0,M2V2101,2.5,4699.857142857143,575.77,450,23
93,10400.0,11500.0,4000.0,M2V2102,2.45,5028.315789473684,519.62,450,19
94,10400.0,11500.0,10400.0,M2V2103,2.9,5892.413793103448,258.82,450,21
95,10400.0,11500.0,10400.0,M2V2104,2.855,4361.6,95.45,450,15
96,10400.0,11500.0,10400.0,M2V2105,2.21,4832.9807692307695,682.7,450,18
97,0.0,0.0,0.0,M2V2106,3.8333333333333335,816.7682926829268,-1058.29,450,19
98,10000.0,0.0,7500.0,M2V2107,3.0479629629629637,991.2258064516129,78.64,450,18
99,0.0,0.0,0.0,M2V2108,2.83,471.0975609756098,435.27,450,15
100,0.0,0.0,0.0,M2V2109,2.9,358.9024390243902,-487.94,450,18
101,0.0,0.0,0.0,M2V2110,2.9909230769230772,1865.2631578947369,464.19,450,20
102,0.0,0.0,0.0,M2V2111,2.9569565217391305,2578.777777777778,632.52,450,25
103,0.0,0.0,0.0,M2V2118,2.845090909090909,3009.1017964071857,-711.77,450,17
104,0.0,0.0,0.0,M2V2119,2.45,580.1666666666666,-691.47,450,12
105,2070.0,9200.0,0.0,M2V2120,3.659,4537.820512820513,199.66,450,19
106,2070.0,9200.0,0.0,M2V2121,3.7090000000000005,4523.037974683544,316.35,450,20
107,0.0,0.0,0.0,M2V2122,2.796,4142.857142857143,789.27,450,22
108,2070.0,9200.0,0.0,M2V2123,2.625,4189.909090909091,1035.3,450,23
109,2070.0,9200.0,0.0,M2V2124,2.823,5031.623931623932,325.0,450,18
110,2340.0,10400.0,0.0,M2V2125,2.88,3364.967320261438,965.91,450,23
111,0.0,0.0,0.0,M2V2126,2.5,3244.3333333333335,1159.53,450,20
112,0.0,0.0,0.0,M2V2127,2.5,3085.176470588235,1165.53,450,20
113,0.0,0.0,0.0,M2V2128,3.5,4290.0,32.85,450,10
114,0.0,0.0,0.0,M2V2129,3.6,3139.813664596273,-1145.98,450,8
115,0.0,0.0,0.0,M4V2001,2.2,5705.454545454545,1113.0,450,17
116,0.0,0.0,0.0,M4V2002,3.5,5053.1506849315065,-760.82,450,13
117,0.0,0.0,0.0,M4V2003,2.2,2742.0833333333335,820.0,450,11
118,8250.0,0.0,3000.0,M4V2004,4.546842105263158,4076.4,-1323.71,450,13
119,0.0,0.0,0.0,M4V2007,2.7263157894736842,4159.75,996.19,450,15
120,0.0,0.0,0.0,M4V2008,4.366666666666666,4323.0,-476.89,450,15
121,0.0,0.0,0.0,M4V2009,4.057142857142857,4161.029411764706,-152.04,450,14
122,0.0,0.0,0.0,M4V2010,4.1875,4053.6666666666665,-204.65,450,11
123,0.0,0.0,0.0,M4V2011,2.5,6087.083333333333,985.51,450,15
124,18130.5,0.0,0.0,M4V2013,2.5,3914.354066985646,-75.24,450,15
125,19323.0,0.0,0.0,M4V2014,2.5,5539.351851851851,76.09,450,16
126,17694.0,0.0,0.0,M4V2015,2.5,3080.96,-3.68,450,21
127,18468.0,0.0,0.0,M4V2016,2.5,4692.566371681416,-16.24,450,15
128,18999.0,0.0,0.0,M4V2017,2.5,4433.218334154756,-42.83,450,15
129,18351.0,0.0,0.0,M4V2018,2.5,4414.5077720207255,-73.84,450,15
130,0.0,0.0,0.0,M4V2028,2.476,4068.5714285714284,728.41,450,8
131,0.0,0.0,0.0,M4V2029,2.2181818181818183,3456.6153846153848,854.53,450,14
132,0.0,0.0,0.0,M4V2030,1.9928571428571427,3921.0810810810813,972.93,450,13
133,0.0,0.0,0.0,M4V2031,2.166666666666667,3768.75,936.96,450,15
134,8250.0,0.0,3750.0,M4V2042,4.336,4763.5,-750.58,450,12
135,5000.0,0.0,5000.0,M4V2043,2.5,5194.744318181818,-325.26,450,23
136,14960.0,13860.0,9500.0,M4V2044,2.16,4845.555555555556,198.65,450,20
137,0.0,0.0,0.0,M4V2045,4.1,4243.192488262911,-8.44,450,18
138,0.0,0.0,0.0,M4V2046,3.6,3820.276497695853,304.35,450,17
139,0.0,0.0,0.0,M4V2047,2.5,4241.517857142858,795.7,450,10
140,0.0,0.0,0.0,M4V2048,3.4,2788.101983002833,122.23,450,12
141,0.0,0.0,0.0,M4V2049,3.2,3455.367231638418,247.1,450,10
142,0.0,0.0,0.0,M4V2050,4,3214.2105263157896,-380.29,450,9
143,0.0,0.0,0.0,M4V2051,2.5,4127.46365105008,763.64,450,8
144,0.0,0.0,0.0,M4V2052,2.5,3290.3394255874678,742.03,450,10
145,6156.0,0.0,2052.0,M4V2053,2.683333333333333,4500.0,134.81,450,13
146,0.0,0.0,0.0,M4V2054,2.5,3166.904761904762,474.06,450,15
147,0.0,0.0,0.0,M4V2055,2.5,3148.846153846154,734.38,450,13
148,0.0,0.0,0.0,M4V2056,3.9441666666666655,4278.534031413612,-342.56,450,15
149,0.0,0.0,0.0,M4V2057,2.3,3917.375190756486,1420.09,450,22
150,0.0,0.0,0.0,M4V2058,2.0465306122448976,5355.567010309278,1747.49,450,17
151,19800.0,9000.0,3000.0,M4V2059,2.4435294117647057,3984.0707964601766,-107.58,450,10
152,19800.0,9000.0,3000.0,M4V2060,2.4866666666666672,4217.515923566879,-85.23,450,11
153,0.0,0.0,0.0,M4V2061,2.5,4305.6,181.96,450,17
154,0.0,0.0,0.0,M4V2062,3.896808510638298,2461.772151898734,-1225.34,450,9
155,0.0,0.0,0.0,M4V2063,3.5373529337058836,4103.9655172413795,-1563.34,450,8
156,0.0,0.0,0.0,M4V2064,2.9929411764705884,4607.333333333333,56.49,450,15
157,0.0,0.0,0.0,M4V2065,1.98,4323.611111111111,1363.35,450,20
158,0.0,0.0,0.0,M4V2067,1.35,3716.3120567375886,1940.39,450,16
159,0.0,0.0,0.0,M4V2068,3.1782142857142865,4952.321428571428,-92.35,450,10
160,9240.0,12450.0,13150.0,M4V2069,2.5,6272.391304347826,-266.22,450,14
161,19740.0,12450.0,16900.0,M4V2070,2.5,6545.3448275862065,297.04,450,23
162,18171.0,0.0,0.0,M4V2071,2.5,3106.7619047619046,-71.95,450,18
163,17370.0,0.0,0.0,M4V2072,2.5,2893.3333333333335,-171.78,450,15
164,3250.0,8250.0,0.0,M4V2101,1.708695652173913,4380.588235294118,1716.36,450,22
165,23024.0,8184.0,0.0,M4V2102,2.5,4382.972582972583,242.86,450,20
166,7668.2,0.0,12000.0,M4V2103,2.3788,4126.333333333333,939.66,450,15
167,0.0,0.0,0.0,M4V2104,2.055,4735.25,1683.85,450,15
168,0.0,0.0,0.0,M4V2105,2.371428571428572,2272.2141823444285,1334.24,450,14
169,0.0,0.0,0.0,M4V2106,2.129169230769231,4124.553224553225,1544.63,450,12
170,0.0,0.0,0.0,M4V2107,2.3166666666666673,5028.8,1155.81,450,17
171,12640.0,9240.0,0.0,M4V2108,2.275,4942.797202797203,805.19,450,20
172,3614.0,9174.0,0.0,M4V2109,3,4295.598349381018,558.08,450,13
173,2100.0,10500.0,3500.0,M4V2110,1.4,4473.888888888889,771.61,450,10
174,2100.0,10500.0,3500.0,M4V2111,1.5,3805.873015873016,696.66,450,12
175,2100.0,10500.0,3500.0,M4V2112,2.45,2411.8478260869565,-753.31,450,10
176,3315.0,8415.0,0.0,M4V2113,2.040909090909091,5967.142857142857,1609.77,450,18
177,17200.0,9800.0,7200.0,M4V2114,2.5,2790.0,228.94,450,20
178,11800.0,9800.0,9600.0,M4V2115,3.6426352941176474,3827.5653923541245,-216.25,450,17
179,1800.0,9000.0,3000.0,M4V2116,3.436,4907.7192982456145,742.69,450,18
180,1596.0,7980.0,2660.0,M4V2117,2.5,5038.326506729081,1488.34,450,25
181,1688.16,7596.72,2813.6000000000004,M4V2118,2.602702702702703,4973.421926910299,1491.18,450,23
182,21175.0,9840.0,9900.0,M4V2119,2.8991624999999996,5075.684210526316,-172.76,450,17
183,20185.0,9840.0,7800.0,M4V2120,3.4415333333333336,5157.798165137615,-545.77,450,22
184,20950.0,9840.0,8520.0,M4V2121,2.0653,4042.8,403.06,450,19
185,21130.0,9840.0,9600.0,M4V2122,2.15,3245.4761904761904,372.01,450,21
186,14490.0,0.0,0.0,M4V2123,1.85,308.3333333333333,808.53,450,27
187,0.0,0.0,0.0,M4V2125,2.3,3593.5555555555557,1619.65,450,23
188,0.0,0.0,0.0,M4V2126,3.7975680000000005,8122.5,205.23,450,10
189,0.0,0.0,0.0,M4V2127,2.95625,3580.0060957025294,420.3,450,15
190,22030.0,9840.0,10500.0,M4V2128,3.2058823529411766,1650.967741935484,-403.45,450,23
191,0.0,0.0,0.0,M4V2129,3.0451679999999994,3754.7252747252746,-1042.23,450,15
192,1080.0,4860.0,1800.0,M4V2130,2.8476190476190473,5896.692913385827,963.51,450,19
193,2000.0,9000.0,0.0,M4V2132,3.5780769036366387,2957.16814159292,13.1,450,12
194,2000.0,9000.0,0.0,M4V2133,3.061363636363637,1538.9705882352941,-557.02,450,10
195,2000.0,9000.0,0.0,M4V2134,3.1815789436039172,1950.5813953488373,313.0,450,15
196,0.0,0.0,0.0,M4V2135,3.3579999999999997,1892.888888888889,-614.3,450,15
197,0.0,0.0,0.0,M4V2136,2.575,4361.940298507462,1.82,450,9
198,0.0,0.0,0.0,M4V2137,3.1,2836.5,-167.92,450,8
199,0.0,0.0,0.0,M4V2138,3.2329999999999997,4644.077669902913,40.92,450,13
200,0.0,0.0,0.0,M4V2139,2.823,2846.866485013624,-44.34,450,8
201,0.0,0.0,0.0,M4V2140,2.903,3926.761744966443,184.33,450,11
202,0.0,0.0,0.0,M4V2141,3.525,3994.6428571428573,-155.47,450,15
203,22300.0,12000.0,0.0,M4V2144,3.6976714285714287,3200.8264462809916,-717.18,450,20
204,8550.0,0.0,0.0,M4V2145,2.543229166666667,2474.8888888888887,864.86,450,20
205,0.0,0.0,12240.0,M4V2146,3.5431200000000005,3339.549180327869,291.22,450,14
206,0.0,0.0,12300.0,M4V2147,1.9209,2914.75,1522.96,450,16
207,0.0,0.0,0.0,M4V2148,3.742857142857143,3812.5641025641025,-707.3,450,18
208,22600.0,9984.0,11580.0,M4V2149,2.450136363636364,3373.809523809524,266.99,450,23
209,11150.0,12480.0,0.0,M4V2150,3.6284571428571426,4074.9354005167957,911.44,450,20
210,19350.0,0.0,8400.0,M4V2151,3.068792307692308,5603.1,-269.84,450,22
211,17800.0,9600.0,6900.0,M4V2152,2.9,1122.7118644067796,-527.09,450,16
212,2177.76,7622.160000000001,3266.6400000000003,M4V2156,2.5964285714285715,4217.444444444444,1296.0,450,28
213,1636.3200000000002,7363.4400000000005,1636.3200000000002,M4V2157,2.745945945945946,3014.0,1704.04,450,27
214,2086.56,7302.96,3129.84,M4V2158,2.371052631578947,2882.695652173913,931.08,450,24
215,1110.0,4995.0,1110.0,M4V2159,3.196551724137931,5395.076923076923,587.82,450,26
216,1740.0,7830.0,2900.0,M4V2160,2.0100000000000002,5373.0,1700.85,450,19
217,2193.28,7676.4800000000005,3289.92,M4V2161,2.4,3280.156657963447,1650.92,450,22
218,21175.0,8680.0,9080.0,M4V2162,2.3,4712.5,406.01,450,22
219,21940.0,8680.0,8480.0,M4V2163,2.4,4449.6,346.03,450,22
220,21960.0,8820.0,9360.0,M4V2164,1.8,4859.545454545455,779.56,450,21
221,23850.0,12600.0,11100.0,M4V2165,1.7,3353.75,710.23,450,21
222,22565.0,9455.0,9960.0,M4V2166,2.45,3145.5550437586367,201.1,450,21
223,21538.0,9016.0,8876.0,M4V2167,1.6,3773.75,830.19,450,27
224,3600.0,12600.0,5400.0,M4V2168,3.922118181818182,5715.0,-131.55,450,15
225,21715.0,8680.0,8480.0,M4V2171,2.1,4738.333333333333,499.34,450,18
226,0.0,0.0,0.0,M4V2172,2.3,5787.555555555556,1701.88,450,18
227,0.0,0.0,0.0,M4V2173,2.23,5503.333333333333,1796.67,450,17
228,2000.0,9000.0,0.0,M4V2175,0.38688888888888895,2688.36370919287,2381.35,450,19
229,10980.0,10120.0,0.0,M6I2001,2.5,4464.583333333333,-400.21,350,14
230,20200.0,11000.0,0.0,M6I2002,2.5,4412.5,-80.93,350,14
231,1800.0,9000.0,9600.0,M6I2009,2.5,3732.777777777778,724.51,350,9
232,1800.0,9000.0,9000.0,M6I2010,2.5,3919.2727272727275,502.1,350,9
233,0.0,0.0,0.0,M6I20100,2.5,4239.64705882353,1178.45,350,17
234,0.0,0.0,0.0,M6I20101,2.5,4672.278481012659,1145.55,350,14
235,0.0,0.0,0.0,M6I20102,2.5,3488.4615384615386,1035.35,350,12
236,5400.0,0.0,0.0,M6I20103,2.5,2226.875,-469.06,350,13
237,5400.0,0.0,0.0,M6I20104,2.5,2600.689655172414,-714.94,350,11
238,5400.0,0.0,0.0,M6I20105,2.5,2695.5,-679.61,350,12
239,5400.0,0.0,0.0,M6I20106,2.5,2625.1612903225805,-619.52,350,15
240,1500.0,11100.0,0.0,M6I20108,2.5,2494.864864864865,876.85,350,16
241,1500.0,11100.0,0.0,M6I20109,2.5,4044.266666666667,864.07,350,13
242,1800.0,9000.0,10200.0,M6I2011,2.5,4142.4,539.27,350,10
243,0.0,0.0,0.0,M6I20111,2.5,3025.6923076923076,735.25,350,13
244,0.0,0.0,0.0,M6I20113,2.5,2215.5882352941176,703.84,350,14
245,12480.0,0.0,2400.0,M6I20114,2.5,2285.0,1256.85,350,22
246,1500.0,9000.0,3000.0,M6I20115,2.5,3834.494382022472,750.63,350,10
247,1500.0,9000.0,3000.0,M6I20116,2.5,4153.220338983051,854.15,350,14
248,1330.0,7980.0,2660.0,M6I20117,2.5,3612.962962962963,814.24,350,14
249,9000.0,0.0,0.0,M6I20118,2.5,3366.4615384615386,-289.27,350,14
250,1500.0,11100.0,0.0,M6I20119,2.5,2739.5238095238096,932.34,350,19
251,0.0,0.0,7200.0,M6I2012,2.5,3829.1346153846152,-577.94,350,15
252,0.0,0.0,0.0,M6I20121,2.5,4017.948717948718,1028.14,350,18
253,2240.0,11200.0,0.0,M6I20122,2.5,3190.2380952380954,855.43,350,15
254,2320.0,12760.0,0.0,M6I20123,2.5,2971.3333333333335,876.99,350,16
255,0.0,0.0,0.0,M6I20124,2.5,3943.0,1063.18,350,20
256,4640.0,25520.0,0.0,M6I20125,2.5,4087.2,338.27,350,8
257,2240.0,11200.0,0.0,M6I20126,2.5,3451.809523809524,1088.88,350,16
258,0.0,0.0,0.0,M6I20127,2.5,4267.809523809524,1131.04,350,22
259,0.0,0.0,0.0,M6I20129,2.5,1909.1156462585034,-708.67,350,15
260,0.0,0.0,7200.0,M6I2013,2.5,4292.692307692308,163.09,350,15
261,0.0,0.0,0.0,M6I20130,2.5,4189.333333333333,890.3,350,16
262,0.0,0.0,0.0,M6I20131,2.5,3646.823529411765,40.85,350,15
263,1000.0,7500.0,5000.0,M6I20134,2.5,4164.7,730.99,350,17
264,1620.0,11988.0,0.0,M6I20135,2.5,4362.705882352941,905.4,350,15
265,0.0,0.0,0.0,M6I20136,2.5,2605.815831987076,1109.08,350,21
266,0.0,0.0,0.0,M6I20137,2.5,2240.8829174664106,1098.14,350,21
267,0.0,0.0,0.0,M6I20138,2.5,4087.0,1194.88,350,21
268,0.0,0.0,0.0,M6I20139,2.5,3788.6746987951806,1192.08,350,22
269,9000.0,0.0,7200.0,M6I2014,2.5,4125.393258426966,496.51,350,15
270,0.0,0.0,9000.0,M6I20140,2.5,1828.0,238.65,350,23
271,0.0,0.0,0.0,M6I20141,2.5,3216.0,-751.2,350,15
272,5600.0,5600.0,5600.0,M6I20142,2.5,3447.222222222222,-153.03,350,15
273,5600.0,5600.0,5600.0,M6I20143,2.5,3261.6666666666665,-170.33,350,15
274,5600.0,5600.0,5600.0,M6I20144,2.5,4075.6,-125.84,350,15
275,5600.0,5600.0,5600.0,M6I20145,2.5,3445.6,167.6,350,10
276,14000.0,12000.0,3200.0,M6I20147,2.5,6275.5,-33.22,350,12
277,4000.0,12000.0,6000.0,M6I20149,2.5,4389.6,948.73,350,10
278,0.0,0.0,0.0,M6I2015,2.5,2475.25,407.45,350,9
279,4000.0,12000.0,6000.0,M6I20150,2.5,3754.2,980.97,350,15
280,0.0,0.0,0.0,M6I20151,2.5,2078.5365853658536,920.28,350,13
281,0.0,0.0,0.0,M6I20152,2.5,1123.612740232789,950.98,350,21
282,0.0,0.0,0.0,M6I20153,2.5,2386.2776877363585,1043.16,350,22
283,0.0,0.0,0.0,M6I20154,2.5,2535.405041370021,423.63,350,13
284,0.0,0.0,0.0,M6I20155,2.5,2679.4318590435096,919.91,350,13
285,0.0,0.0,0.0,M6I20156,2.5,2127.1111111111113,-631.74,350,15
286,0.0,0.0,0.0,M6I20157,2.5,3449.375,1204.59,350,12
287,0.0,0.0,0.0,M6I20158,2.5,5464.174757281553,371.18,350,15
288,0.0,0.0,0.0,M6I20159,2.5,3742.181818181818,1207.57,350,21
289,0.0,0.0,0.0,M6I2016,2.5,6446.71875,314.58,350,15
290,0.0,0.0,0.0,M6I20160,2.5,3555.25,1281.43,350,15
291,0.0,0.0,0.0,M6I20161,2.5,3819.875,1334.76,350,16
292,500.0,5000.0,5000.0,M6I20163,2.5,4065.5,1163.01,350,16
293,10486.0,8664.0,7707.0,M6I20164,2.5,3099.6875,-490.81,350,14
294,1800.0,10800.0,5400.0,M6I20165,2.5,2390.153846153846,811.5,350,11
295,1800.0,10800.0,5400.0,M6I20166,2.5,2664.4210526315787,783.94,350,10
296,3600.0,10800.0,5400.0,M6I20167,2.5,1846.0,791.93,350,10
297,3600.0,10800.0,5400.0,M6I20168,2.5,3111.2,1052.09,350,16
298,0.0,0.0,0.0,M6I2017,2.5,3305.769230769231,124.6,350,14
299,10880.0,11040.0,8520.0,M6I20170,2.5,2028.5,-493.5,350,16
300,3300.0,9900.0,0.0,M6I20174,2.5,3452.3863636363635,-623.14,350,15
301,2400.0,12000.0,0.0,M6I20175,2.5,4123.2,814.34,350,9
302,6100.0,12000.0,7000.0,M6I20177,2.5,6247.75,472.93,350,9
303,2400.0,12000.0,0.0,M6I20178,2.5,7152.0,876.91,350,15
304,6100.0,12000.0,7000.0,M6I20179,2.5,5480.666666666667,456.07,350,9
305,1550.0,11470.0,0.0,M6I2018,2.5,3871.28,61.97,350,15
306,2400.0,12000.0,0.0,M6I20180,2.5,1951.8666666666666,557.01,350,15
307,1550.0,11470.0,0.0,M6I2019,2.5,3964.72,59.15,350,15
308,0.0,0.0,0.0,M6I2020,2.5,4584.25,1167.52,350,15
309,1625.0,12025.0,0.0,M6I2021,2.5,4822.833333333333,796.11,350,9
310,1800.0,9000.0,0.0,M6I2022,2.5,3857.684210526316,549.46,350,10
311,20600.0,7800.0,9000.0,M6I2025,2.5,3364.6153846153848,-59.9,350,15
312,3500.0,10500.0,0.0,M6I2026,2.5,2826.6666666666665,-666.04,350,15
313,3300.0,9900.0,0.0,M6I2027,2.5,3543.846153846154,-621.57,350,15
314,3300.0,9900.0,0.0,M6I2028,2.5,3157.7049180327867,-631.81,350,15
315,3300.0,9900.0,0.0,M6I2029,2.5,3660.714285714286,-649.24,350,15
316,3300.0,9900.0,0.0,M6I2030,2.5,3166.0,-645.24,350,15
317,0.0,0.0,0.0,M6I2031,2.5,2147.75,13.72,350,14
318,0.0,0.0,0.0,M6I2032,2.5,2748.6666666666665,-1.02,350,11
319,0.0,0.0,0.0,M6I2033,2.5,1796.820512820513,816.63,350,13
320,0.0,0.0,0.0,M6I2034,2.5,2980.3076923076924,-228.0,350,13
321,20550.0,4800.0,4800.0,M6I2035,2.5,3003.3333333333335,-220.35,350,14
322,21600.0,21600.0,21600.0,M6I2036,2.5,2327.722222222222,3847.21,350,18
323,6000.0,6000.0,6000.0,M6I2037,2.5,3051.8,415.52,350,13
324,0.0,0.0,0.0,M6I2038,2.5,4367.458482236704,-559.76,350,15
325,0.0,0.0,0.0,M6I2041,2.5,4900.040855236279,-469.93,350,15
326,0.0,0.0,0.0,M6I2042,2.5,4677.776605843265,-559.94,350,15
327,0.0,0.0,0.0,M6I2043,2.5,3610.7745564690613,-576.1,350,15
328,0.0,0.0,0.0,M6I2044,2.5,5174.348697394789,167.25,350,15
329,0.0,0.0,0.0,M6I2045,2.5,4983.862461765636,-517.03,350,15
330,0.0,0.0,0.0,M6I2046,2.5,4856.646825396825,-492.96,350,15
331,0.0,0.0,0.0,M6I2047,2.5,5222.068965517241,94.93,350,15
332,0.0,0.0,0.0,M6I2048,2.5,5696.892138939671,147.03,350,15
333,0.0,0.0,0.0,M6I2049,2.5,2754.081632653061,-653.39,350,15
334,0.0,0.0,0.0,M6I2052,2.5,3263.0,-841.28,350,15
335,5600.0,5600.0,5600.0,M6I2059,2.5,3782.4137931034484,-130.78,350,15
336,5600.0,5600.0,5600.0,M6I2060,2.5,4185.833333333333,-124.07,350,15
337,5600.0,5600.0,12800.0,M6I2061,2.5,4595.896266742661,1961.23,350,11
338,5600.0,5600.0,5600.0,M6I2062,2.5,4851.866666666667,761.95,350,9
339,5600.0,5600.0,12800.0,M6I2063,2.5,4938.333333333333,807.55,350,12
340,5600.0,5600.0,5600.0,M6I2064,2.5,3663.8888888888887,-133.61,350,15
341,5600.0,5600.0,5600.0,M6I2065,2.5,3012.6315789473683,-175.62,350,15
342,5600.0,5600.0,5600.0,M6I2066,2.5,4163.414634146341,-276.05,350,8
343,5600.0,5600.0,5600.0,M6I2067,2.5,4289.583333333333,-122.66,350,15
344,0.0,0.0,0.0,M6I2069,2.5,2146.3953488372094,922.04,350,13
345,0.0,0.0,0.0,M6I2071,2.5,3559.1608391608393,-704.43,350,15
346,0.0,0.0,0.0,M6I2072,2.5,2074.0,581.43,350,11
347,0.0,0.0,0.0,M6I2073,2.5,3718.640776699029,1131.96,350,22
348,0.0,0.0,0.0,M6I2074,2.5,4037.669902912621,1091.1,350,18
349,1550.0,11470.0,0.0,M6I2075,2.5,3593.0526315789475,731.08,350,8
350,0.0,0.0,0.0,M6I2076,2.5,1997.0212765957447,1040.93,350,19
351,19980.0,10120.0,0.0,M6I2077,2.5,4197.8,-61.75,350,15
352,10980.0,10120.0,0.0,M6I2078,2.5,5153.4,-393.52,350,13
353,0.0,0.0,0.0,M6I2079,2.5,4695.857142857143,1950.48,350,8
354,0.0,0.0,0.0,M6I2080,2.5,4505.652173913043,1935.19,350,8
355,0.0,0.0,0.0,M6I2081,2.5,4648.5,2039.91,350,13
356,0.0,0.0,0.0,M6I2082,2.5,3731.4814814814813,2001.49,350,13
357,0.0,0.0,0.0,M6I2083,2.5,3586.875,2034.25,350,15
358,0.0,0.0,0.0,M6I2084,2.5,4261.0,1274.52,350,15
359,6100.0,12000.0,7000.0,M6I2085,2.5,6101.818181818182,512.23,350,10
360,0.0,0.0,0.0,M6I2087,2.5,3686.875,993.24,350,19
361,3600.0,10800.0,5400.0,M6I2088,2.5,3862.222222222222,1025.8,350,16
362,3600.0,10800.0,5400.0,M6I2089,2.5,3383.3333333333335,1027.58,350,17
363,3600.0,10800.0,5400.0,M6I2090,2.5,2983.934426229508,1002.87,350,17
364,0.0,0.0,0.0,M6I2093,2.5,3896.5,280.04,350,18
365,0.0,0.0,0.0,M6I2094,2.5,3576.0,286.06,350,19
366,0.0,0.0,0.0,M6I2095,2.5,3100.0,1077.33,350,15
367,0.0,0.0,0.0,M6I2096,2.5,4442.5,1258.23,350,21
368,0.0,0.0,0.0,M6I2097,2.5,3835.5555555555557,1109.83,350,16
369,0.0,0.0,0.0,M6I2098,2.5,3613.3333333333335,1058.22,350,13
370,0.0,0.0,0.0,M6I2099,2.5,3876.0,1109.08,350,18
371,4800.0,12000.0,12000.0,M6I2102,2.5,3771.52,1019.7,350,15
372,9600.0,24000.0,21000.0,M6I2103,2.5,2577.4117647058824,1296.1,350,17
373,23750.0,10500.0,12000.0,M6I2107,2.845833333333333,3540.0,-195.48,350,15
374,3500.0,10500.0,15500.0,M6I2108,3.0529411764705885,3662.7884615384614,754.39,350,15
375,3600.0,10800.0,5400.0,M6I21100,3.1,4844.262295081967,595.45,350,19
376,0.0,0.0,0.0,M6I21101,2.5,2760.0,-131.89,350,15
377,2240.0,7840.0,4480.0,M6I21102,3.046875,2580.0,635.2,350,17
378,0.0,0.0,0.0,M6I21111,2,2638.4,1371.51,350,20
379,0.0,0.0,0.0,M6I21112,2.7,2640.3488372093025,-187.87,350,19
380,3200.0,11200.0,6400.0,M6I21113,2.5,3120.0,1291.91,350,19
381,1500.0,9000.0,3000.0,M6I21119,3.0355140186915888,2924.923076923077,-1190.97,350,15
382,3500.0,10500.0,3500.0,M6I2112,2.5821428571428573,3717.0,1094.21,350,15
383,1500.0,9000.0,3000.0,M6I21120,3.318181818181818,2620.769230769231,-1410.83,350,15
384,1500.0,9000.0,3000.0,M6I21121,3.0355140186915888,2925.0,-1190.97,350,15
385,1500.0,9000.0,3000.0,M6I21124,3.1419354838709674,3158.986928104575,-1262.25,350,15
386,3500.0,10500.0,0.0,M6I2113,3.1923076923076925,3540.0,631.06,350,15
387,0.0,0.0,0.0,M6I21130,2.1707317073170733,1464.5,1095.32,350,14
388,0.0,0.0,0.0,M6I21131,2.2285714285714286,2442.0,1047.35,350,11
389,0.0,0.0,0.0,M6I21132,2.18125,1989.6666666666667,1158.87,350,16
390,0.0,0.0,0.0,M6I21133,2.7125,3552.0,772.27,350,12
391,1000.0,9400.0,0.0,M6I21134,2.69875,2254.8571428571427,546.65,350,12
392,1000.0,9400.0,0.0,M6I21135,2.89,3772.1666666666665,643.77,350,19
393,1000.0,9400.0,0.0,M6I21136,2.635,2606.8571428571427,767.85,350,18
394,1000.0,9400.0,0.0,M6I21137,2.7625,3882.0,706.31,350,17
395,1000.0,9400.0,0.0,M6I21138,2.38,2730.5128205128203,950.91,350,17
396,1000.0,9400.0,0.0,M6I21139,4.4,2254.8,-2246.65,350,15
397,3500.0,10500.0,12000.0,M6I2114,2.6923076923076925,3268.409090909091,991.57,350,15
398,1000.0,9400.0,0.0,M6I21140,2.93,2254.7619047619046,-1154.65,350,15
399,0.0,0.0,0.0,M6I21142,2.5,3159.020979020979,-844.46,350,15
400,0.0,0.0,0.0,M6I21143,3.540625,4585.916666666667,105.64,350,9
401,0.0,0.0,0.0,M6I21144,2.8833333333333333,4023.304347826087,546.63,350,10
402,0.0,0.0,0.0,M6I21145,2.940625,4288.869565217391,436.83,350,12
403,0.0,0.0,0.0,M6I21146,2.95,3968.996710526316,367.54,350,12
404,0.0,0.0,0.0,M6I21147,2.9,3929.3650793650795,387.73,350,12
405,0.0,0.0,0.0,M6I21148,3.2,4631.329508605638,247.19,350,14
406,0.0,0.0,0.0,M6I21149,2.9,4212.562396006655,424.83,350,13
407,16400.0,12800.0,5600.0,M6I2116,2.66,2724.0163934426228,212.07,350,24
408,5600.0,12800.0,5600.0,M6I2117,2.25,2759.137931034483,525.88,350,23
409,1600.0,11840.0,12000.0,M6I21170,3.6208333333333336,2660.9473684210525,-109.83,350,11
410,1600.0,11840.0,12000.0,M6I21171,3.6583333333333337,4368.0,-113.96,350,14
411,1600.0,11840.0,12000.0,M6I21172,3.6125,5049.666666666667,4.76,350,11
412,1600.0,11840.0,12000.0,M6I21173,3.201639344262295,2661.0,201.58,350,11
413,1600.0,11840.0,12000.0,M6I21174,3.7786885245901636,4468.16,-199.84,350,14
414,1600.0,11840.0,12000.0,M6I21175,3.756666666666667,3978.0,-219.87,350,13
415,3800.0,9120.0,3800.0,M6I21178,2.8,5880.0,-768.13,350,15
416,11200.0,8640.0,7800.0,M6I21179,2.7,2776.6666666666665,-610.22,350,15
417,5600.0,12800.0,5600.0,M6I2118,2.45,2970.0,-501.85,350,20
418,3600.0,8640.0,3600.0,M6I21180,2.66,2940.0,-81.29,350,15
419,1400.0,15200.0,0.0,M6I21181,2.6153846153846154,2760.0,476.87,350,23
420,1400.0,15200.0,0.0,M6I21182,2.3625,2765.9615384615386,754.96,350,18
421,3600.0,10800.0,5400.0,M6I21183,2.5,2242.5641025641025,863.69,350,15
422,3600.0,10800.0,5400.0,M6I21184,3.1,2979.5833333333335,514.75,350,15
423,3600.0,10800.0,5400.0,M6I21185,3.1,4719.558823529412,580.45,350,15
424,0.0,0.0,0.0,M6I21186,2.2394736842105263,2995.25,1050.18,350,15
425,0.0,0.0,0.0,M6I21187,2.4363636363636365,2100.0,874.96,350,15
426,0.0,0.0,0.0,M6I21188,2.6045454545454545,1797.5833333333333,924.29,350,24
427,0.0,0.0,0.0,M6I21189,3.1,4108.75,563.59,350,15
428,5600.0,12800.0,5600.0,M6I2119,2.74,2072.8,-367.94,350,20
429,15000.0,0.0,10000.0,M6I21190,4.16,3116.176470588235,-648.15,350,18
430,15000.0,0.0,10000.0,M6I21191,2.5,3510.0,912.52,350,21
431,15000.0,0.0,10000.0,M6I21192,2.9099999999999997,1540.8064516129032,529.23,350,22
432,15000.0,0.0,10000.0,M6I21193,3.3466666666666667,3194.8837209302324,202.99,350,18
433,0.0,0.0,0.0,M6I21197,2.597850968320494,2592.0481927710844,-239.89,350,15
434,0.0,0.0,0.0,M6I21199,3.12,3725.967741935484,314.8,350,17
435,5600.0,12800.0,5600.0,M6I2120,2.88,2245.0,-447.93,350,20
436,0.0,0.0,0.0,M6I21200,2.93,3726.0,-312.82,350,19
437,0.0,0.0,0.0,M6I21201,3.2400000000000007,4002.0,485.73,350,17
438,0.0,0.0,0.0,M6I21202,4.25,3417.6153846153848,-522.49,350,18
439,0.0,0.0,0.0,M6I21205,2.7564102564102564,3240.0,945.5,350,17
440,3600.0,9000.0,8100.0,M6I21208,3.3,3533.521126760563,472.02,350,27
441,3840.0,9600.0,8640.0,M6I21209,2.5,3304.6875,823.01,350,15
442,16400.0,5600.0,12800.0,M6I2121,2.45,2969.879518072289,286.75,350,19
443,16400.0,12800.0,5600.0,M6I2122,2.41,3495.3968253968255,420.36,350,23
444,16400.0,5600.0,12800.0,M6I2123,2.45,2970.0,327.75,350,21
445,5600.0,12800.0,5600.0,M6I2124,2.5,1685.0,232.41,350,20
446,16400.0,5600.0,12800.0,M6I2125,2.55,2700.058241118229,74.28,350,13
447,16400.0,5600.0,13280.0,M6I2126,2.55,2719.196428571429,127.18,350,15
448,16400.0,5600.0,12800.0,M6I2127,2.46,2719.251336898396,193.44,350,15
449,16400.0,5600.0,12800.0,M6I2128,2.43,2719.310344827586,215.73,350,15
450,16400.0,5600.0,12800.0,M6I2129,2.375,2640.2966625463537,128.99,350,9
451,0.0,0.0,0.0,M6I2130,2.5,2700.0,830.74,350,12
452,0.0,0.0,0.0,M6I2133,3.0125,678.6666666666666,889.8,350,21
453,0.0,0.0,0.0,M6I2137,0.4,1080.0,2261.29,350,17
454,0.0,0.0,0.0,M6I2142,2.9875,5027.893497554791,874.36,350,21
455,0.0,0.0,0.0,M6I2145,3.1,4879.74987974988,493.64,350,21
456,3440.0,12040.0,6880.0,M6I2146,2.67,3662.777777777778,-780.0,350,15
457,3440.0,12040.0,6880.0,M6I2147,2.66,3060.0,-784.57,350,15
458,3440.0,12040.0,6880.0,M6I2148,2.66,1444.5,-878.14,350,15
459,3440.0,12040.0,6880.0,M6I2149,2.76,3923.0,-815.78,350,15
460,3440.0,12040.0,6880.0,M6I2150,2.62,2446.5,-806.41,350,15
461,3440.0,12040.0,6880.0,M6I2151,2.8,2946.4285714285716,-892.81,350,15
462,3440.0,12040.0,6880.0,M6I2152,2.22,2048.6666666666665,-526.57,350,15
463,0.0,0.0,0.0,M6I2155,2.750270276456266,2100.0,-1167.11,350,8
464,0.0,0.0,0.0,M6I2156,2.5,5872.166666666667,265.5,350,15
465,0.0,0.0,0.0,M6I2157,2.5,5700.0,250.86,350,15
466,0.0,0.0,0.0,M6I2161,3.330000000000003,3240.0,441.3,350,15
467,0.0,0.0,0.0,M6I2162,2.5,2400.0,155.08,350,15
468,0.0,0.0,0.0,M6I2164,2.5,3572.962962962963,2071.85,350,23
469,0.0,0.0,0.0,M6I2165,2.661904761904762,3240.0,928.75,350,13
470,0.0,0.0,0.0,M6I2166,2.6166666666666667,3240.0,326.57,350,16
471,6750.0,0.0,12000.0,M6I2167,2.5,3754.186046511628,572.75,350,25
472,0.0,0.0,0.0,M6I2168,2.7564102564102564,3401.9858156028367,1915.66,350,25
473,0.0,0.0,0.0,M6I2169,3,712.4418604651163,421.94,350,15
474,0.0,0.0,0.0,M6I2170,3,1535.844155844156,-436.46,350,16
475,0.0,0.0,0.0,M6I2172,2.7199999999999998,2700.0,-883.5,350,12
476,0.0,0.0,0.0,M6I2173,2.230769230769231,2820.0,1427.98,350,13
477,1500.0,9000.0,3000.0,M6I2174,2.293846153846154,3165.0561797752807,863.47,350,10
478,1500.0,9000.0,3000.0,M6I2175,3.785454545454545,3847.222222222222,-254.38,350,13
479,1500.0,9000.0,3000.0,M6I2176,3.2555555555555555,1770.0,9.29,350,12
480,2240.0,7840.0,4480.0,M6I2183,2.5708333333333333,2580.0,1348.88,350,14
481,0.0,0.0,0.0,M6I2184,2.5278260869565217,2580.0,1061.97,350,16
482,4000.0,12000.0,16000.0,M6I2185,2.5,3180.0664451827242,1227.33,350,15
483,4000.0,12000.0,16000.0,M6I2186,2.5,3179.87012987013,1227.33,350,15
484,20800.0,13600.0,16800.0,M6I2187,2.5,4710.0,237.95,350,25
485,0.0,0.0,0.0,M6I2188,2.5,2484.032258064516,1077.47,350,19
486,3600.0,9000.0,8100.0,M6I2189,3.3,3304.705882352941,-1159.96,350,19
487,3600.0,9000.0,8100.0,M6I2190,3.3,3304.705882352941,-1180.46,350,18
488,3600.0,9000.0,8100.0,M6I2191,3.3,3338.8732394366198,369.19,350,23
489,3840.0,9600.0,8640.0,M6I2194,2.5,4148.536585365854,1048.2,350,22
490,3840.0,9600.0,8640.0,M6I2195,2.5,3275.3658536585367,978.31,350,23
491,3840.0,9600.0,8640.0,M6I2196,2.5,3338.9247311827958,1001.64,350,24
492,3840.0,9600.0,8640.0,M6I2198,2.5,4389.375,1050.3,350,21
493,3600.0,10800.0,5400.0,M6I2199,3.1,4913.333333333333,661.0,350,18
494,1625.0,12025.0,0.0,M6V2001,3.7599999999999993,3221.36,-1611.75,450,15
495,1625.0,12025.0,0.0,M6V2002,3.87,3202.923076923077,-1686.75,450,15
496,1625.0,12025.0,0.0,M6V2003,4.6,3490.75,-2218.8,450,15
497,2448.0,11968.0,0.0,M6V2005,2.68,4462.686567164179,647.47,450,20
498,2448.0,11968.0,0.0,M6V2006,2.68,3909.2819614711034,-370.11,450,14
499,9000.0,0.0,9000.0,M6V2007,2.2008333333333328,3521.714285714286,491.82,450,24
500,0.0,0.0,0.0,M6V2008,2.1412499999999994,5423.857142857143,1342.52,450,9
501,0.0,0.0,0.0,M6V2009,2.598846153846154,4325.2,1014.71,450,24
502,0.0,0.0,0.0,M6V2010,2.061562500000001,4297.578947368421,1068.16,450,30
503,2448.0,11968.0,0.0,M6V2011,3.9115384615384614,4377.4358974358975,-358.9,450,24
504,2448.0,11968.0,0.0,M6V2012,3.124137931034483,3544.74358974359,973.03,450,25
505,2448.0,11968.0,0.0,M6V2013,3.832,3543.2051282051284,-551.39,450,24
506,0.0,0.0,0.0,M6V2017,3.69,4096.560846560847,-246.74,450,14
507,0.0,0.0,0.0,M6V2018,3.38,3890.719696969697,219.02,450,20
508,0.0,0.0,0.0,M6V2019,2.5,2414.3809523809523,456.65,450,20
509,0.0,0.0,0.0,M6V2020,2.3,2586.5,585.01,450,18
510,0.0,0.0,0.0,M6V2021,2.7,959.2307692307693,158.27,450,17
511,0.0,0.0,0.0,M6V2022,2.2,1745.2083333333333,312.2,450,18
512,0.0,0.0,0.0,M6V2023,1.9,900.0,821.49,450,21
513,0.0,0.0,0.0,M6V2024,2.2,1893.6538461538462,550.49,450,15
514,0.0,0.0,0.0,M6V2025,2.63,2351.5555555555557,649.19,450,15
515,0.0,0.0,0.0,M6V2026,2.6480952380952383,3188.269230769231,674.23,450,15
516,0.0,0.0,0.0,M6V2027,3,2428.0526315789475,-936.41,450,19
517,0.0,0.0,0.0,M6V2028,2.11,3625.135135135135,1184.99,450,9
518,2640.0,24240.0,0.0,M6V2029,2.11,4447.5675675675675,-208.48,450,15
519,8100.0,0.0,0.0,M6V2030,1.98,4180.9876543209875,233.08,450,15
520,0.0,0.0,0.0,M6V2031,1.98,4938.780487804878,44.18,450,15
521,0.0,0.0,0.0,M6V2032,4.01,5091.395348837209,-1403.76,450,15
522,0.0,0.0,0.0,M6V2033,3.7,4792.5,-454.09,450,15
523,0.0,0.0,0.0,M6V2034,2.4,5074.878048780488,917.31,450,14
524,0.0,0.0,0.0,M6V2035,2.5,3308.181818181818,152.32,450,15
525,0.0,0.0,0.0,M6V2036,3.3,4370.566037735849,955.36,450,15
526,0.0,0.0,0.0,M6V2037,3.4050000000000002,6176.0,205.85,450,11
527,0.0,0.0,0.0,M6V2038,3.5666666666666673,5896.8,72.04,450,14
528,0.0,0.0,0.0,M6V2039,2.6814285714285715,5349.777777777777,860.73,450,18
529,0.0,0.0,0.0,M6V2040,2.6814285714285715,5162.888888888889,799.98,450,17
530,0.0,0.0,0.0,M6V2041,3.0591666666666666,6322.222222222223,363.87,450,10
531,0.0,0.0,0.0,M6V2042,2.575555555555556,5806.785714285715,827.28,450,10
532,22450.0,8750.0,13250.0,M6V2043,0.15,2368.6363636363635,1628.68,450,13
533,22450.0,8750.0,13250.0,M6V2044,1.6800000000000002,1887.2,394.27,450,11
534,22700.0,8750.0,13500.0,M6V2045,3.6100000000000003,2051.276595744681,-900.04,450,11
535,0.0,0.0,0.0,M6V2046,4.8,4937.333333333333,-558.69,450,10
536,0.0,0.0,0.0,M6V2047,4,4631.818181818182,-689.42,450,14
537,0.0,0.0,0.0,M6V2048,2.1,4756.938603868797,1114.17,450,12
538,9750.0,3500.0,11500.0,M6V2050,4.05,2070.0,-1724.9,450,9
539,9750.0,3500.0,11500.0,M6V2051,4.2,1793.0434782608695,-1769.89,450,12
540,15070.0,0.0,0.0,M6V2052,2.86,2778.832116788321,-82.91,450,9
541,3600.0,12600.0,7200.0,M6V2053,1.95,4166.615384615385,562.77,450,18
542,0.0,0.0,0.0,M6V2054,2.5,4194.358974358975,-311.7,450,15
543,0.0,0.0,0.0,M6V2055,3.2400000000000007,6193.333333333333,720.33,450,13
544,0.0,0.0,0.0,M6V2056,2.76,4264.428571428572,-244.31,450,12
545,0.0,0.0,0.0,M6V2057,3.3199999999999994,5246.444444444444,521.17,450,14
546,3600.0,12600.0,7200.0,M6V2061,2.66,4987.0,1236.15,450,12
547,3600.0,12600.0,7200.0,M6V2062,3.01,5456.4,-144.72,450,15
548,0.0,0.0,0.0,M6V2063,2.45,1763.0,52.6,450,19
549,0.0,0.0,0.0,M6V2064,2.6,2520.25,701.71,450,19
550,0.0,0.0,0.0,M6V2065,2.6,2022.25,652.23,450,17
551,2448.0,11968.0,0.0,M6V2066,2.007894736842105,3943.076923076923,748.4,450,24
552,0.0,0.0,0.0,M6V2067,3,4935.7,824.77,450,21
553,10120.0,0.0,0.0,M6V2068,2.47,4800.896551724138,194.58,450,15
554,0.0,0.0,0.0,M6V2069,3.3,4561.25,-679.33,450,12
555,0.0,0.0,0.0,M6V2070,3.7,4313.888888888889,240.19,450,18
556,0.0,0.0,0.0,M6V2071,4,3905.777777777778,-58.27,450,16
557,0.0,0.0,0.0,M6V2072,3.7,3202.5263157894738,113.04,450,16
558,1400.0,10500.0,5600.0,M6V2073,3.03695652173913,3549.423076923077,575.44,450,16
559,2300.0,7590.0,0.0,M6V2074,3.320000000000001,5116.571428571428,-1118.18,450,15
560,2300.0,7590.0,0.0,M6V2075,3.05,3283.1944444444443,-1069.08,450,15
561,2600.0,8580.0,0.0,M6V2076,2.620000000000001,5462.833333333333,-611.26,450,15
562,2350.0,7755.0,0.0,M6V2077,2.5842857142857145,5368.96,-562.59,450,15
563,0.0,0.0,0.0,M6V2078,2.9,3784.7311827956987,-181.11,450,21
564,0.0,0.0,0.0,M6V2079,2.91,3654.75,495.01,450,15
565,0.0,0.0,0.0,M6V2080,2.62,4036.6666666666665,-773.93,450,15
566,0.0,0.0,0.0,M6V2081,2.62,2085.0,61.57,450,24
567,7740.0,0.0,2580.0,M6V2082,1.9600000000000002,2112.328767123288,1437.37,450,34
568,0.0,0.0,0.0,M6V2083,2.9684210526315793,4811.1,-804.41,450,14
569,0.0,0.0,0.0,M6V2084,2.53,4952.2,-83.87,450,14
570,0.0,0.0,0.0,M6V2085,2.5,3375.3571428571427,-37.64,450,13
571,0.0,0.0,0.0,M6V2086,2.4699999999999998,3923.777777777778,58.13,450,15
572,0.0,0.0,0.0,M6V2091,3.41,1858.6363636363637,-624.06,450,8
573,10620.0,8820.0,12000.0,M6V2101,3.6100000000000003,2789.68085106383,-1270.38,450,15
574,1620.0,8820.0,0.0,M6V2102,1.9448275862068964,2780.5333333333333,-253.39,450,15
575,1620.0,8640.0,0.0,M6V2103,1.9448275862068964,3200.4545454545455,-198.31,450,15
576,0.0,0.0,0.0,M6V2104,2.8,2720.2105263157896,487.25,450,20
577,18000.0,0.0,18000.0,M6V21100,3.2,3057.021276595745,-643.96,450,15
578,20800.0,9800.0,5600.0,M6V21101,4.06,1974.7826086956522,-1221.14,450,17
579,20800.0,9800.0,5600.0,M6V21102,3.5,3251.4,-705.88,450,19
580,3600.0,6300.0,5400.0,M6V21107,2.3,3728.3333333333335,-434.81,450,15
581,1600.0,11840.0,0.0,M6V21108,4.241269841269841,5134.3,-302.4,450,16
582,0.0,0.0,0.0,M6V21109,2.5,4335.5,-0.97,450,15
583,0.0,0.0,12000.0,M6V21110,2.5,5764.333333333333,1107.97,450,15
584,0.0,0.0,0.0,M6V21111,2.5,5418.521739130435,-433.52,450,15
585,0.0,0.0,0.0,M6V2112,2,3128.5714285714284,-247.57,450,15
586,1620.0,8820.0,12000.0,M6V2114,1.5,4226.8421052631575,75.63,450,15
587,9200.0,0.0,12000.0,M6V2115,1.9,4521.5625,53.55,450,8
588,18200.0,0.0,12000.0,M6V2116,2,3201.714285714286,382.73,450,15
589,3200.0,9600.0,6400.0,M6V2117,2.2,3088.214285714286,-382.54,450,15
590,12600.0,12600.0,7200.0,M6V2134,3.01,5810.75,-615.47,450,15
591,9000.0,0.0,12000.0,M6V2136,3.7299999999999995,7611.724137931034,-1008.32,450,15
592,0.0,0.0,0.0,M6V2138,3.3,3031.3207547169814,-916.27,450,15
593,2330.0,7689.0,0.0,M6V2139,0.5903333333333334,4268.166666666667,802.59,450,15
594,2330.0,7689.0,0.0,M6V2140,1.453709677419355,5424.48,534.02,450,15
595,0.0,0.0,9000.0,M6V2143,0.5900000000000001,4062.5,744.04,450,15
596,0.0,0.0,0.0,M6V2144,2.4,2888.7804878048782,-454.38,450,15
597,10950.0,6750.0,11400.0,M6V2146,4.3,6826.818181818182,-1562.35,450,15
598,9060.0,8500.0,11100.0,M6V2147,4.25,6873.913043478261,-1590.2,450,15
599,0.0,0.0,0.0,M6V2151,1.95,3443.5384615384614,-1.24,450,15
600,1600.0,11840.0,0.0,M6V2152,2.501639344262295,2887.8688524590166,901.63,450,16
601,1600.0,11840.0,0.0,M6V2153,2.5,4369.538461538462,865.69,450,12
602,1350.0,9990.0,0.0,M6V2154,2.963235294117647,2043.851851851852,508.42,450,17
603,1600.0,11840.0,0.0,M6V2161,3.4420000076293946,2706.153846153846,108.08,450,14
604,1600.0,11840.0,0.0,M6V2162,3.3222221798366975,2663.913043478261,168.08,450,13
605,1600.0,11840.0,0.0,M6V2163,3.3119999980926513,2391.8571428571427,167.67,450,13
606,18000.0,0.0,0.0,M6V2164,3.07,3637.9310344827586,-454.58,450,15
607,1620.0,8820.0,12000.0,M6V2167,2,4201.111111111111,-251.63,450,15
608,18250.0,13000.0,12000.0,M6V2168,4,2042.0,-1210.33,450,20
609,19375.0,13000.0,12000.0,M6V2169,3.1,2919.090909090909,-401.61,450,23
610,29750.0,10400.0,0.0,M6V2170,3.4,3232.2916666666665,-60.97,450,26
611,18250.0,13000.0,12000.0,M6V2171,3.4,2627.2727272727275,-697.13,450,22
612,18250.0,13000.0,12000.0,M6V2172,3.3,2105.4430379746836,-636.59,450,23
613,0.0,0.0,0.0,M6V2173,2.95,2548.695652173913,-998.34,450,15
614,0.0,0.0,0.0,M6V2174,2.5708333333333333,4273.809523809524,-582.69,450,15
615,0.0,0.0,0.0,M6V2175,2.5278260869565217,3156.190476190476,-606.88,450,15
616,0.0,0.0,0.0,M6V2176,2.5,4076.4285714285716,-16.35,450,15
617,0.0,0.0,0.0,M6V2177,2.5,1604.7619047619048,-716.67,450,15
618,0.0,0.0,0.0,M6V2178,3.2221463414634144,3241.44,-1169.08,450,15
619,0.0,0.0,0.0,M6V2179,2.5,2083.157894736842,-695.83,450,15
620,30250.0,13000.0,0.0,M6V2183,3.4,2231.224127735068,-209.26,450,20
621,18250.0,13000.0,12000.0,M6V2189,3.3,3004.8,-609.78,450,22
622,3600.0,6300.0,15000.0,M6V2191,3.1,3630.8571428571427,-337.4,450,15
623,3600.0,12600.0,15000.0,M6V2195,2.1,4014.4,438.65,450,15
624,3600.0,6300.0,5400.0,M6V2196,2.5,4473.6,848.98,450,15
625,18000.0,0.0,18000.0,M6V2199,2.8,2390.566037735849,-399.78,450,15
626,0.0,0.0,0.0,M7I2001,2.5,3327.6,2098.82,350,22
627,1000.0,7000.0,2000.0,M7I2002,2.5,4268.4,1013.55,350,22
628,1000.0,7000.0,2000.0,M7I2003,2.5,2890.5,1099.29,350,17
629,1000.0,7000.0,2000.0,M7I2004,2.5,6631.208791208791,874.87,350,21
630,0.0,0.0,0.0,M7I2005,2.5,3343.246073298429,593.5,350,22
631,0.0,0.0,0.0,M7I2006,2.5,1999.1588785046729,361.95,350,14
632,0.0,0.0,0.0,M7I2007,2.5,2140.8333333333335,389.23,350,15
633,0.0,0.0,0.0,M7I2008,2.5,2811.090909090909,2634.56,350,46
634,0.0,0.0,0.0,M7I2009,2.5,2942.682926829268,536.26,350,18
635,0.0,0.0,0.0,M7I2010,2.5,2908.2,599.17,350,15
636,0.0,0.0,0.0,M7I20100,2.5,3388.6666666666665,555.93,350,15
637,0.0,0.0,0.0,M7I20101,2.5,3597.153846153846,536.12,350,13
638,0.0,0.0,0.0,M7I2011,2.5,2991.509433962264,609.35,350,16
639,0.0,0.0,0.0,M7I2012,2.5,4794.625,1102.21,350,20
640,0.0,0.0,0.0,M7I2013,2.5,4817.906976744186,1018.44,350,16
641,0.0,0.0,0.0,M7I2014,2.5,3685.222222222222,1009.29,350,16
642,0.0,0.0,0.0,M7I2015,2.5,3783.0,961.43,350,13
643,0.0,0.0,0.0,M7I2016,2.5,4267.2307692307695,1064.11,350,15
644,0.0,0.0,0.0,M7I2017,2.5,4260.0,1038.79,350,15
645,0.0,0.0,0.0,M7I2018,2.5,3112.769230769231,876.16,350,12
646,0.0,0.0,0.0,M7I2019,2.5,3073.779527559055,1107.87,350,24
647,0.0,0.0,0.0,M7I2020,2.5,3246.6176470588234,1094.84,350,24
648,0.0,0.0,0.0,M7I2021,2.5,3684.5833333333335,1150.63,350,24
649,0.0,0.0,0.0,M7I2022,2.5,3536.3414634146343,1119.66,350,24
650,0.0,0.0,0.0,M7I2024,2.5,2918.974358974359,870.74,350,20
651,0.0,0.0,0.0,M7I2025,2.5,3232.1428571428573,976.89,350,20
652,0.0,0.0,0.0,M7I2026,2.5,4033.2075471698113,881.41,350,18
653,0.0,0.0,0.0,M7I2027,2.5,3489.0243902439024,1238.38,350,23
654,0.0,0.0,0.0,M7I2028,2.5,2788.2291666666665,1107.38,350,19
655,0.0,0.0,0.0,M7I2029,2.5,3055.8,1084.94,350,19
656,0.0,0.0,0.0,M7I2030,2.5,3741.0227272727275,1048.51,350,15
657,0.0,0.0,0.0,M7I2031,2.5,2910.576923076923,965.63,350,17
658,3500.0,8500.0,0.0,M7I2032,2.5,3487.9411764705883,1019.04,350,20
659,0.0,0.0,0.0,M7I2033,2.5,3452.3333333333335,1034.53,350,19
660,0.0,0.0,0.0,M7I2034,2.5,3098.3333333333335,1211.95,350,16
661,0.0,0.0,0.0,M7I2035,2.5,4696.222222222223,1058.31,350,15
662,1100.0,8140.0,0.0,M7I2040,2.5,3546.0,334.79,350,21
663,1100.0,8140.0,0.0,M7I2041,2.5,2173.214285714286,352.49,350,25
664,1100.0,8140.0,0.0,M7I2042,2.5,986.6666666666666,358.37,350,21
665,1100.0,8140.0,0.0,M7I2043,2.5,1495.4285714285713,375.07,350,21
666,1400.0,10360.0,0.0,M7I2044,2.5,1485.531914893617,300.12,350,25
667,1560.0,11544.0,0.0,M7I2045,2.5,5816.346153846154,1069.84,350,20
668,1100.0,8140.0,0.0,M7I2046,2.5,1156.9565217391305,275.9,350,25
669,2000.0,10800.0,3200.0,M7I2047,2.5,2097.92,785.26,350,23
670,4000.0,10800.0,3200.0,M7I2048,2.5,3279.52,1050.97,350,19
671,4000.0,10800.0,3200.0,M7I2049,2.5,3314.4,1153.82,350,24
672,2000.0,10800.0,3200.0,M7I2050,2.5,3390.0,1549.26,350,24
673,2000.0,10800.0,3200.0,M7I2051,2.5,4465.52,1085.45,350,22
674,0.0,0.0,0.0,M7I2052,2.5,1805.4666666666667,910.12,350,17
675,0.0,0.0,0.0,M7I2053,2.5,3460.8333333333335,1076.07,350,18
676,0.0,0.0,0.0,M7I2054,2.5,3525.5833333333335,1060.16,350,17
677,0.0,0.0,0.0,M7I2055,2.5,3311.4285714285716,271.42,350,13
678,0.0,0.0,0.0,M7I2056,2.5,3047.3958333333335,243.16,350,12
679,0.0,0.0,0.0,M7I2057,2.5,3158.9622641509436,371.45,350,18
680,0.0,0.0,0.0,M7I2058,2.5,5675.272727272727,675.28,350,15
681,0.0,0.0,0.0,M7I2059,2.5,3871.818181818182,620.22,350,16
682,0.0,0.0,0.0,M7I2060,2.5,3647.3529411764707,602.91,350,16
683,0.0,0.0,0.0,M7I2061,2.5,3883.177570093458,564.37,350,13
684,0.0,0.0,0.0,M7I2066,2.5,4339.193548387097,1116.66,350,21
685,0.0,0.0,0.0,M7I2067,2.5,5818.813559322034,1040.41,350,15
686,0.0,0.0,0.0,M7I2068,2.5,3486.6111111111113,1217.99,350,23
687,1500.0,11100.0,0.0,M7I2069,2.5,3412.2184894861266,792.55,350,12
688,1400.0,10360.0,0.0,M7I2070,2.5,3276.563677467973,829.63,350,15
689,1400.0,10360.0,0.0,M7I2071,2.5,4065.565515157619,890.6,350,16
690,1550.0,11470.0,0.0,M7I2072,2.5,3510.6161841128437,969.56,350,20
691,1550.0,11470.0,0.0,M7I2073,2.5,3915.9245678365637,899.78,350,16
692,1400.0,10360.0,0.0,M7I2074,2.5,4225.208333333333,932.07,350,18
693,0.0,0.0,0.0,M7I2076,2.5,2054.3529411764707,866.61,350,15
694,0.0,0.0,0.0,M7I2077,2.5,2698.4745762711864,1129.61,350,19
695,0.0,0.0,0.0,M7I2078,2.5,4224.0,1070.73,350,21
696,0.0,0.0,0.0,M7I2079,2.5,3553.2183908045977,1057.6,350,21
697,0.0,0.0,0.0,M7I2080,2.5,3831.6,1134.51,350,23
698,0.0,0.0,0.0,M7I2084,2.5,2527.8,1057.15,350,20
699,0.0,0.0,0.0,M7I2085,2.5,2915.9848484848485,1036.88,350,19
700,0.0,0.0,0.0,M7I2086,2.5,2395.1063829787236,1011.75,350,23
701,1050.0,7350.0,0.0,M7I2087,2.5,3815.4,824.26,350,24
702,1050.0,7350.0,0.0,M7I2088,2.5,3974.375,865.97,350,26
703,1100.0,7700.0,0.0,M7I2089,2.5,3680.4,870.72,350,26
704,1050.0,7350.0,0.0,M7I2090,2.5,2612.5,727.1,350,21
705,0.0,0.0,0.0,M7I2091,2.5,3324.0,1001.87,350,20
706,0.0,0.0,0.0,M7I2092,2.5,3720.0,1038.38,350,20
707,0.0,0.0,0.0,M7I2093,2.5,2943.030303030303,1092.64,350,24
708,0.0,0.0,0.0,M7I2094,2.5,2694.607843137255,1070.82,350,21
709,0.0,0.0,0.0,M7I2095,2.5,3039.457831325301,1114.04,350,22
710,1450.0,10730.0,0.0,M7I2096,2.5,2464.8,960.06,350,26
711,0.0,0.0,0.0,M7I2097,2.5,2120.9523809523807,1072.26,350,22
712,3120.0,23088.0,0.0,M7I2098,2.5,4171.764705882353,1088.29,350,16
713,0.0,0.0,0.0,M7I2101,3.4,4957.25,486.58,350,17
714,0.0,0.0,0.0,M7I2102,1.6620000000000001,2400.0,67.82,350,22
715,0.0,0.0,0.0,M7I2103,3.7,3540.0,-677.41,350,20
716,0.0,0.0,0.0,M7I2104,2.5,3144.6511627906975,1029.05,350,15
717,0.0,0.0,0.0,M7I2105,3.6,3894.0,245.89,350,21
718,0.0,0.0,0.0,M7I2106,3.5,3720.0,216.15,350,17
719,0.0,0.0,0.0,M7I2107,2.0926829268292684,3256.75,1629.12,350,19
720,0.0,0.0,0.0,M7I2108,3.5,5315.384615384615,359.61,350,16
721,0.0,0.0,0.0,M7I2109,2.6,1680.0,306.89,350,19
722,0.0,0.0,0.0,M7I2110,2.7,1980.0,283.84,350,21
723,0.0,0.0,0.0,M7I21101,3.3333333333333335,3060.0,373.55,350,19
724,0.0,0.0,0.0,M7I21102,3.2583333333333337,3060.0,470.26,350,21
725,0.0,0.0,0.0,M7I21103,2.89375,3060.0,784.98,350,22
726,0.0,0.0,0.0,M7I21104,3.18125,4235.405405405405,327.29,350,21
727,0.0,0.0,0.0,M7I21105,2.8129032258064517,3060.0,505.31,350,19
728,0.0,0.0,0.0,M7I21106,3.6484848484848484,3240.0,-121.4,350,15
729,2420.0,11220.0,0.0,M7I21107,3.574647887323944,3660.0,-140.26,350,15
730,0.0,0.0,0.0,M7I21108,2.7826666666666666,3480.0,945.65,350,24
731,0.0,0.0,0.0,M7I2111,3.4,1500.0,-293.4,350,19
732,0.0,0.0,0.0,M7I21110,2.5,3000.0,1104.08,350,22
733,0.0,0.0,0.0,M7I21111,2.5,2460.0,1091.39,350,23
734,0.0,0.0,0.0,M7I21112,2.5,2460.0,1029.89,350,20
735,0.0,0.0,0.0,M7I21113,4.9,3480.0,-561.2,350,23
736,0.0,0.0,0.0,M7I21114,5.746666666666667,2771.3846153846152,-644.77,350,21
737,0.0,0.0,0.0,M7I21115,5.63,3392.923076923077,-486.74,350,23
738,0.0,0.0,0.0,M7I21116,5.58,2089.2,-553.42,350,22
739,0.0,0.0,0.0,M7I21117,5.46,2661.625,-510.27,350,18
740,0.0,0.0,0.0,M7I21118,5.430769230769231,2580.0,-430.58,350,21
741,0.0,0.0,0.0,M7I2112,2.9,900.0,78.75,350,20
742,2500.0,7000.0,2500.0,M7I21124,1.8857142857142857,1980.0,1363.32,350,16
743,2500.0,7000.0,2500.0,M7I21125,1.7,1500.0,1199.44,350,15
744,1265.0,7084.0,0.0,M7I21126,2.20625,1206.0869565217392,949.9,350,15
745,1265.0,9361.0,0.0,M7I21127,1.586111111111111,1740.0,1283.56,350,11
746,2500.0,7000.0,2500.0,M7I21128,1.9933333333333334,1980.0,1303.87,350,17
747,2500.0,7000.0,2500.0,M7I21129,2.225,2100.0,890.51,350,12
748,0.0,0.0,0.0,M7I2113,3.1,1080.0,14.22,350,20
749,2500.0,7000.0,2500.0,M7I21130,1.5,2100.0,1306.64,350,12
750,0.0,0.0,0.0,M7I21131,3.950561797752809,3600.0,-398.67,350,20
751,0.0,0.0,0.0,M7I2114,3.4595238095238097,2400.0,192.63,350,14
752,0.0,0.0,0.0,M7I2115,3.9057692307692307,2400.0,2902.12,350,15
753,0.0,0.0,0.0,M7I2118,4.104878048780488,3998.3739837398375,-126.15,350,25
754,0.0,0.0,0.0,M7I2119,3.9499999999999984,1920.0,-540.66,350,16
755,0.0,0.0,0.0,M7I2120,4.0344827586206895,3240.0,-594.29,350,18
756,0.0,0.0,0.0,M7I2121,3.7258061608602837,4228.16091954023,-567.71,350,13
757,0.0,0.0,0.0,M7I2122,3.641414141414141,2520.0,-410.53,350,22
758,0.0,0.0,0.0,M7I2123,2.5,3960.0,383.8,350,13
759,2205.0,9800.0,0.0,M7I2124,2.2,2904.0047405066416,1256.69,350,23
760,2205.0,9800.0,0.0,M7I2125,3.1,2729.873772791024,525.31,350,20
761,2205.0,9800.0,0.0,M7I2126,2.6,2730.0527240773285,917.24,350,21
762,0.0,0.0,0.0,M7I2127,3.325,3600.0,-360.06,350,20
763,0.0,0.0,0.0,M7I2128,3.4477611940298507,4320.0,354.65,350,16
764,2240.0,11200.0,0.0,M7I2129,3.2,2963.9473684210525,354.92,350,15
765,1920.0,9600.0,0.0,M7I2130,4.2,3840.0,-355.63,350,15
766,1920.0,9600.0,0.0,M7I2131,3.5,3312.0833333333335,131.19,350,15
767,1920.0,9600.0,0.0,M7I2132,3.6,3311.978021978022,109.16,350,15
768,1920.0,9600.0,0.0,M7I2133,4.4,3834.0,-504.55,350,15
769,1920.0,9600.0,0.0,M7I2134,2.3,3834.0,1055.45,350,15
770,1920.0,9600.0,0.0,M7I2135,2.7071428571428573,3140.990990990991,848.81,350,22
771,1920.0,9600.0,0.0,M7I2136,2.4,2915.3571428571427,995.0,350,19
772,0.0,0.0,0.0,M7I2137,2.8705882352941177,4403.398058252427,1070.86,350,20
773,0.0,0.0,0.0,M7I2138,3.2375,3900.0,-161.42,350,14
774,0.0,0.0,0.0,M7I2139,2.803125,4500.0,1079.74,350,18
775,0.0,0.0,0.0,M7I2140,2.34375,4560.0,1470.48,350,20
776,0.0,0.0,0.0,M7I2141,2.771875,4305.588235294118,1054.28,350,17
777,0.0,0.0,0.0,M7I2142,2.8657142857142857,3900.0,161.83,350,15
778,0.0,0.0,0.0,M7I2143,2.9611111111111112,4642.761904761905,995.21,350,19
779,0.0,0.0,0.0,M7I2144,2.1638888888888888,3900.0,1525.87,350,18
780,0.0,0.0,0.0,M7I2145,3.203333333333333,3000.0,652.68,350,16
781,0.0,0.0,0.0,M7I2146,3.55625,4680.0,553.37,350,19
782,0.0,0.0,0.0,M7I2147,2.988888889,4037.9411764705883,904.21,350,22
783,0.0,0.0,0.0,M7I2148,1.982222222,3000.0,2003.94,350,17
784,0.0,0.0,0.0,M7I2149,3.2851851850000005,3000.0,486.93,350,15
785,1050.0,7770.0,0.0,M7I2150,3.3,2400.0,83.5,350,17
786,1050.0,7770.0,0.0,M7I2151,3.1,3717.0,349.32,350,29
787,1050.0,7770.0,0.0,M7I2152,3.35,3540.0,116.95,350,27
788,1050.0,7770.0,0.0,M7I2153,3.05,3540.0,401.31,350,30
789,1050.0,7770.0,0.0,M7I2154,2.8,2400.0,567.91,350,27
790,1050.0,7770.0,0.0,M7I2155,3.5,2340.0,56.43,350,27
791,0.0,0.0,0.0,M7I2156,3.8,3580.1901257283043,-43.81,350,21
792,0.0,0.0,0.0,M7I2157,3.4,4053.714285714286,295.39,350,21
793,0.0,0.0,0.0,M7I2158,3.6,4288.301886792453,120.65,350,24
794,0.0,0.0,0.0,M7I2159,1.6800000000000002,5377.222222222223,1327.21,350,23
795,0.0,0.0,0.0,M7I2160,1.5666666666666667,5274.074074074074,1293.0,350,17
796,0.0,0.0,0.0,M7I2161,2.4511111111111115,3780.0,835.69,350,26
797,2000.0,9200.0,0.0,M7I2162,2.542222222222222,2640.0,571.3,350,24
798,0.0,0.0,0.0,M7I2163,1.551923076923077,3960.0,1420.99,350,25
799,1400.0,10360.0,0.0,M7I2166,2.5,4200.0,1038.11,350,21
800,1400.0,10360.0,0.0,M7I2167,2.5,4410.0,205.61,350,19
801,1175.0,8695.0,0.0,M7I2168,2.1875,3779.982418686425,1210.74,350,23
802,1175.0,8695.0,0.0,M7I2169,1.8125,3780.0174194351125,1448.31,350,21
803,1400.0,10360.0,0.0,M7I2170,2.2399999999999998,2700.0,1373.13,350,21
804,1175.0,8695.0,0.0,M7I2171,1.988888888888889,3780.0382717292778,1351.55,350,22
805,1175.0,8695.0,0.0,M7I2172,1.776923076923077,3959.9851521900523,1638.82,350,21
806,1300.0,9620.0,0.0,M7I2173,1.6933333333333334,3959.989522624582,1721.33,350,21
807,0.0,0.0,0.0,M7I2174,2.43,5098.984771573604,1284.24,350,25
808,0.0,0.0,0.0,M7I2175,2.59,5215.217391304348,1132.28,350,20
809,0.0,0.0,0.0,M7I2176,2,4264.202657807309,1461.29,350,21
810,0.0,0.0,0.0,M7I2177,2.459999918937683,4283.90243902439,1125.68,350,20
811,0.0,0.0,0.0,M7I2178,2.8375000158945722,3075.0,106.79,350,25
812,0.0,0.0,0.0,M7I2179,3.4375,4283.958333333333,-1147.02,350,20
813,0.0,0.0,0.0,M7I2180,2.23,3840.0,1290.53,350,17
814,0.0,0.0,0.0,M7I2182,2.6862500000000002,2220.0,947.94,350,20
815,0.0,0.0,0.0,M7I2183,3.8146874999999993,4500.0,330.49,350,24
816,0.0,0.0,0.0,M7I2184,3.5370000000000004,2220.0,315.95,350,20
817,0.0,0.0,0.0,M7I2185,3.5774999999999997,3468.0,360.39,350,19
818,0.0,0.0,0.0,M7I2186,1.5891891891891892,4653.6,2525.0,350,24
819,0.0,0.0,0.0,M7I2187,1.5192307692307692,5291.4,2560.11,350,21
820,0.0,0.0,0.0,M7I2188,2.1115384615384616,3655.8,1974.12,350,20
821,0.0,0.0,0.0,M7I2189,1.4675675675675675,3750.6666666666665,2562.38,350,24
822,0.0,0.0,0.0,M7I2190,3.17,3600.0,826.22,350,21
823,0.0,0.0,0.0,M7I2192,2.8,2760.00702247191,-113.13,350,15
824,0.0,0.0,0.0,M7I2193,3.1818181818181817,4320.0,689.97,350,25
825,0.0,0.0,0.0,M7I2194,1.825,3780.0,-7.88,350,17
826,0.0,0.0,0.0,M7I2195,1.5182795698924731,3780.0,157.5,350,17
827,0.0,0.0,0.0,M7I2196,3.2,3300.0,-53.86,350,20
828,0.0,0.0,0.0,M7I2198,3.4,3000.0,-550.94,350,22
829,0.0,0.0,0.0,M7I2199,3,2760.0,158.85,350,23
830,0.0,0.0,0.0,M7V2001,2.6719999999999997,3663.3333333333335,266.88,450,21
831,0.0,0.0,0.0,M7V2002,2.973170731707317,2593.846153846154,-90.65,450,21
832,0.0,0.0,0.0,M7V2003,2.5142857142857142,4148.231292517007,364.96,450,22
833,0.0,0.0,0.0,M7V2004,3.0808988764044942,3708.5227272727275,162.44,450,21
834,0.0,0.0,0.0,M7V2005,2.8587499999999997,1740.7692307692307,-46.05,450,22
835,0.0,0.0,0.0,M7V2006,2.5,1162.375,1056.86,450,20
836,0.0,0.0,0.0,M7V2007,4.6,3018.2,-1373.27,450,14
837,0.0,0.0,0.0,M7V2008,3.5487804878048776,2620.0,222.16,450,13
838,0.0,0.0,0.0,M7V2009,4.5285714285714285,2134.5,-510.9,450,16
839,0.0,0.0,0.0,M7V2010,5,2763.0,-811.34,450,16
840,0.0,0.0,0.0,M7V2011,4.6,3497.4418604651164,-1247.12,450,17
841,0.0,0.0,0.0,M7V2012,4.8,4758.4,-519.56,450,19
842,0.0,0.0,0.0,M7V2013,5.5,1647.4615384615386,-577.56,450,14
843,0.0,0.0,0.0,M7V2014,3.4,2910.8571428571427,561.83,450,24
844,0.0,0.0,0.0,M7V2015,2.5,6041.796875,996.76,450,21
845,0.0,0.0,0.0,M7V2016,2.5,5181.12676056338,908.8,450,19
846,0.0,0.0,0.0,M7V2017,2.551489361702128,4672.826086956522,993.89,450,24
847,0.0,0.0,0.0,M7V2018,2.3996666666666657,4283.666666666667,1038.15,450,23
848,0.0,0.0,0.0,M7V2019,2.80340909090909,4112.747252747253,834.37,450,28
849,0.0,0.0,0.0,M7V2023,4.5,3685.6190476190477,-493.88,450,13
850,0.0,0.0,0.0,M7V2024,2.5,5446.666666666667,1135.37,450,16
851,0.0,0.0,0.0,M7V2025,4.5,3197.3333333333335,-1146.97,450,23
852,0.0,0.0,0.0,M7V2026,4.8,4785.333333333333,-665.73,450,15
853,0.0,0.0,0.0,M7V2027,5.3,4104.833333333333,-1427.07,450,19
854,0.0,0.0,0.0,M7V2028,4.6,3308.9166666666665,-1074.05,450,28
855,0.0,0.0,0.0,M7V2029,2.5,4416.88,1255.56,450,25
856,0.0,0.0,0.0,M7V2030,2.5,4351.727272727273,914.34,450,23
857,0.0,0.0,0.0,M7V2031,2.5,3427.2727272727275,820.02,450,21
858,0.0,0.0,0.0,M7V2032,2.5,2931.276595744681,689.96,450,15
859,0.0,0.0,0.0,M7V2033,2.5,4662.738095238095,-194.42,450,18
860,0.0,0.0,0.0,M7V2034,2.5,4016.076923076923,1248.87,450,26
861,0.0,0.0,0.0,M7V2036,2.3162500000000006,4349.313725490196,1426.97,450,25
862,0.0,0.0,0.0,M7V2037,3.5,4907.058823529412,295.28,450,24
863,0.0,0.0,0.0,M7V2038,3.65,5416.976744186047,218.81,450,24
864,0.0,0.0,0.0,M7V2042,4.5,1172.1951219512196,-1727.93,450,11
865,0.0,0.0,0.0,M7V2043,4.5,1517.857142857143,-670.44,450,21
866,0.0,0.0,0.0,M7V2044,2.5,1326.7241379310344,754.15,450,19
867,0.0,0.0,0.0,M7V2047,4.5,1112.5,-917.13,450,10
868,0.0,0.0,0.0,M7V2050,4.5,4338.064516129032,-270.7,450,16
869,0.0,0.0,0.0,M7V2051,4.015,4040.9836065573772,78.11,450,22
870,0.0,0.0,0.0,M7V2052,3.505,3475.0819672131147,498.02,450,25
871,0.0,0.0,0.0,M7V2055,2.9016666666666664,5914.347826086957,1119.41,450,21
872,0.0,0.0,0.0,M7V2059,2.8,709.080459770115,363.12,450,14
873,0.0,0.0,0.0,M7V2060,3.4,659.2592592592592,-162.48,450,10
874,0.0,0.0,0.0,M7V2061,0.95,1753.4193548387098,1640.06,450,12
875,0.0,0.0,0.0,M7V2062,3.4274509803921567,3134.266666666667,675.88,450,28
876,0.0,0.0,0.0,M7V2063,3.254545455,3002.2,518.34,450,18
877,0.0,0.0,0.0,M7V2064,3.25,1616.8,-65.3,450,21
878,0.0,0.0,0.0,M7V2065,3.727576923076923,1947.625,183.82,450,19
879,0.0,0.0,0.0,M7V2066,2.8793666666666664,5128.16,887.96,450,14
880,0.0,0.0,0.0,M7V2067,2.5,3306.0,1106.38,450,17
881,0.0,0.0,0.0,M7V2071,2.5,4511.190476190476,1260.4,450,22
882,0.0,0.0,0.0,M7V2072,2.5,2666.1946902654868,266.63,450,20
883,0.0,0.0,0.0,M7V2101,2.5,3772.0,1094.49,450,37
884,0.0,0.0,0.0,M7V2102,2.5,2601.6666666666665,635.65,450,26
885,0.0,0.0,0.0,M7V2103,2.5,3053.269230769231,1501.11,450,34
886,0.0,0.0,0.0,M7V2104,2.5,4177.278911564626,1610.33,450,27
887,0.0,0.0,0.0,M7V2105,2.5,5090.795454545455,1598.43,450,23
888,0.0,0.0,0.0,M7V2108,2.5,5512.4358974358975,1063.82,450,18
889,0.0,0.0,0.0,M7V2109,3.1,4983.529411764706,889.29,450,25
890,2400.0,12000.0,0.0,M7V2110,2.3,3888.235294117647,1379.92,450,29
891,4000.0,10800.0,3200.0,M7V2111,2.5,3704.0,995.51,450,27
892,4000.0,10800.0,3200.0,M7V2112,2.5,3497.28,932.95,450,24
893,0.0,0.0,0.0,M7V2115,2.9285714285714284,4616.96,1131.2,450,20
894,0.0,0.0,0.0,M7V2116,3.9,3886.2727272727275,183.79,450,18
895,0.0,0.0,0.0,M7V2117,3.54,3330.909090909091,497.31,450,18
896,0.0,0.0,0.0,M7V2118,3.657142857142857,3255.531914893617,567.74,450,18
897,0.0,0.0,0.0,M7V2119,3.3125,3063.214285714286,742.46,450,19
898,0.0,0.0,0.0,M7V2120,2.5,4475.555555555556,2027.96,450,27
899,0.0,0.0,0.0,M7V2121,2.5,5371.75,434.41,450,23
900,0.0,0.0,0.0,M7V2122,2.5,2817.2,1367.99,450,36
901,0.0,0.0,0.0,M7V2123,2.5,2083.6363636363635,1269.01,450,31
902,0.0,0.0,0.0,M7V2124,2.5,3650.0,-402.67,450,22
903,0.0,0.0,0.0,M7V2125,2.5,3275.1162790697676,1324.09,450,30
904,0.0,0.0,0.0,M7V2126,2.5,1897.0666666666666,-408.64,450,25
905,0.0,0.0,0.0,M7V2127,2.5,4888.307692307692,-346.99,450,20
906,0.0,0.0,0.0,M7V2128,2.5,4826.285714285715,384.3,450,21
907,0.0,0.0,0.0,M7V2129,3.671951219512195,4457.802197802198,333.95,450,19
908,0.0,0.0,0.0,M7V2130,3.3425,4876.25,727.1,450,25
909,0.0,0.0,0.0,M7V2131,3.2488549618320612,3373.90625,764.59,450,27
910,0.0,0.0,0.0,M7V2132,3.479710144927536,4218.732394366197,563.84,450,22
911,0.0,0.0,0.0,M7V2133,2.5,3576.0833333333335,1189.74,450,17
912,0.0,0.0,0.0,M7V2134,2.5,4474.75,695.54,450,37
913,0.0,0.0,0.0,M7V2137,3.2700000000000005,2789.3865030674847,1626.4,450,31
914,0.0,0.0,0.0,M7V2138,2.5,2333.3333333333335,1198.62,450,27
915,0.0,0.0,0.0,M7V2139,2.5,2713.217391304348,1555.52,450,37
916,0.0,0.0,0.0,M7V2140,2.5,3573.9622641509436,1550.66,450,33
917,0.0,0.0,0.0,M7V2141,2.5,2113.3333333333335,1198.42,450,32
918,0.0,0.0,0.0,M7V2142,2.5,4063.2380952380954,654.06,450,18
919,0.0,0.0,0.0,M7V2143,2.5,3128.9166666666665,-499.54,450,16
920,0.0,0.0,0.0,M7V2144,2.5,5575.166666666667,62.84,450,21
921,0.0,0.0,0.0,M7V2145,2.5,4855.428571428572,922.66,450,18
922,0.0,0.0,0.0,M7V2146,2.5,2928.6153846153848,687.7,450,21
923,0.0,0.0,0.0,M7V2147,2.5,5445.166666666667,1101.12,450,26
924,0.0,0.0,0.0,M7V2148,4.3575,1979.6,-238.45,450,21
925,0.0,0.0,0.0,M7V2149,4.404999999999999,2234.8837209302324,-258.51,450,23
926,0.0,0.0,0.0,M7V2150,4.154999999999999,2264.8888888888887,-54.1,450,22
927,0.0,0.0,0.0,M7V2151,1.8,3133.4,1597.46,450,19
928,0.0,0.0,0.0,M7V2153,3,2660.764705882353,749.88,450,22
929,0.0,0.0,0.0,M7V2154,3.5,4833.777777777777,432.04,450,19
930,0.0,0.0,0.0,M7V2155,4.3,3062.7118644067796,-1917.69,450,10
931,0.0,0.0,0.0,M7V2156,2.3,5243.2,1469.79,450,25
932,0.0,0.0,0.0,M7V2157,1.78,2749.181818181818,1645.88,450,24
933,0.0,0.0,0.0,M7V2158,1.7100000000000002,2321.1111111111113,1615.81,450,27
934,0.0,0.0,0.0,M7V2159,4,3037.1666666666665,211.31,450,25
935,1028.0,7710.0,11150.0,M8V2101,2.006896551724138,3013.9823008849557,1563.34,450,23
936,1028.0,7710.0,11150.0,M8V2102,1.9853658536585368,2443.9024390243903,1375.42,450,18
937,0.0,0.0,0.0,M8V2112,2.7416666666666667,1769.91452991453,836.03,450,13
938,0.0,0.0,0.0,M8V2113,2.665,2681.101694915254,532.7,450,15
939,0.0,0.0,0.0,M8V2114,1.5399999999999987,4786.795626576955,-30.27,450,13
940,0.0,0.0,0.0,M8V2115,2.02,6155.9255631733595,-384.02,450,8
941,0.0,0.0,0.0,M8V2116,3.166666666666667,4390.25641025641,358.07,450,15
942,0.0,0.0,0.0,M8V2117,3.9115384615384614,3988.2051282051284,-356.59,450,14
943,0.0,0.0,0.0,M8V2118,4.202857142857143,5072.5641025641025,-388.75,450,14
944,0.0,0.0,0.0,M8V2119,3.832,3622.1794871794873,-324.7,450,14
945,0.0,0.0,0.0,M8V2120,3.033333333333333,3947.4358974358975,371.26,450,13
946,0.0,0.0,0.0,M8V2123,2.5,1901.2676056338028,798.82,450,30
947,0.0,0.0,0.0,M8V2124,2.1864285714285714,3103.0434782608695,1417.4,450,28
948,0.0,0.0,0.0,M8V2125,2.4337999999999997,2567.4,1180.36,450,25
949,0.0,0.0,0.0,M8V2126,3.068571428571428,2592.8571428571427,780.88,450,25
950,0.0,0.0,0.0,M8V2127,2.563913043478261,1744.375,765.19,450,14
951,0.0,0.0,0.0,M8V2128,2.717777777777777,3425.8333333333335,871.47,450,17
952,0.0,0.0,0.0,M8V2129,2.5357142857142856,1985.3424657534247,1031.5,450,25
953,0.0,0.0,0.0,M8V2130,2.5846153846153843,2561.5789473684213,1705.3,450,16
954,1700.0,12580.0,0.0,M8V2131,4.611764705882353,5823.725490196079,-148.62,450,22
955,0.0,0.0,0.0,M8V2132,2.5,3183.6190476190477,175.9,450,14
956,2400.0,12000.0,0.0,M8V2138,4.1125,3032.3,-1866.87,450,15
957,0.0,0.0,0.0,M8V2139,2.5,4651.111111111111,1876.18,450,27
958,0.0,0.0,0.0,M8V2140,2.5,2872.0,1625.27,450,18
959,0.0,0.0,0.0,M8V2141,2.5,3122.7027027027025,1770.6,450,27
960,0.0,0.0,0.0,M8V2142,2.5,2338.75,1742.96,450,25
961,0.0,0.0,0.0,M8V2143,2.5,1939.7777777777778,1764.19,450,27
962,0.0,0.0,0.0,M8V2144,2.6,2013.25,562.63,450,12
963,0.0,0.0,0.0,M8V2145,2.4,2140.206896551724,1044.24,450,26
964,1700.0,12580.0,0.0,M8V2146,3.7,3327.5,456.16,450,23
965,1700.0,12580.0,0.0,M8V2148,4.88125,2681.75,-350.22,450,17
966,0.0,0.0,0.0,M8V2149,2.4337999999999997,1699.8,1076.78,450,24
967,1700.0,12580.0,0.0,M8V2150,5.9074074074074066,2829.6103896103896,-233.82,450,21
968,1600.0,12800.0,0.0,M8V2151,2.5,3215.714285714286,-665.62,450,15
969,9000.0,0.0,6000.0,M8V2152,2.5,1100.0,429.34,450,15
970,9000.0,0.0,6000.0,M8V2153,2.5,628.0,406.39,450,15
971,0.0,0.0,0.0,M8V2160,2.69,4587.384615384615,449.67,450,16
972,0.0,0.0,0.0,M8V2161,5.38,6741.676646706587,-1035.15,450,15
973,0.0,0.0,0.0,M8V2162,5.38,6482.275449101797,-1092.21,450,13
974,0.0,0.0,0.0,M8V2163,3.75,3372.6890756302523,-427.99,450,15
975,0.0,0.0,0.0,M8V2164,2.86,4358.666666666667,417.6,450,20
