,N_as_Nitrate_kg_per_Ha,P_as_Phosphorus_kg_per_Ha,K_as_Potassium_kg_per_Ha,Field_Name,Soil_Organic_Matter,Yield_Mass_kg_Per_Ha,CO2_kg_Emissions_per_Ha
0,6000.0,0.0,6000.0,M2I2001,2.5,4786.9,349.85
1,6600.0,0.0,6600.0,M2I2002,2.5,5234.476190476191,488.41
2,6000.0,0.0,6000.0,M2I2003,2.5,4358.380952380952,462.26
3,0.0,0.0,0.0,M2I2005,2.5,3400.4,409.14
4,0.0,0.0,0.0,M2I2006,2.5,3033.0,261.38
5,0.0,0.0,0.0,M2I2007,2.5,3077.6296296296296,359.71
6,2600.0,11960.0,0.0,M2I2008,2.5,4960.0,1060.97
7,2600.0,11960.0,0.0,M2I2009,2.5,4477.614678899083,490.6
8,2600.0,11960.0,0.0,M2I2010,2.5,4445.221238938053,-85.83
9,0.0,0.0,0.0,M2I2011,2.5,4844.298245614035,-213.99
10,2600.0,11960.0,0.0,M2I2012,2.5,5228.347826086957,-534.9
11,0.0,0.0,0.0,M2I2013,2.5,4309.304347826087,-553.55
12,0.0,0.0,0.0,M2I2021,2.5,4986.866666666667,786.73
13,0.0,0.0,0.0,M2I2023,2.5,5081.8125,793.47
14,0.0,0.0,0.0,M2I2024,2.5,3511.413043478261,788.37
15,16650.0,0.0,13200.0,M2I2025,2.5,4560.428571428572,950.38
16,16650.0,0.0,13200.0,M2I2026,2.5,3651.875,46.64
17,16650.0,0.0,13200.0,M2I2027,2.5,2936.818181818182,23.35
18,0.0,0.0,0.0,M2I2029,2.5,4770.0,592.87
19,0.0,0.0,0.0,M2I2030,2.5,4025.9,678.78
20,0.0,0.0,0.0,M2I2031,2.5,4810.932203389831,662.85
21,0.0,0.0,0.0,M2I2033,2.5,4409.770114942528,706.08
22,0.0,0.0,0.0,M2I2034,2.5,2415.3571428571427,-704.27
23,0.0,0.0,0.0,M2I2036,2.5,3796.03305785124,-598.51
24,0.0,0.0,0.0,M2I2037,2.5,4414.311377245509,-563.55
25,0.0,0.0,13200.0,M2I2039,2.5,4295.490196078431,459.49
26,8000.0,0.0,8000.0,M2I2041,2.5,2087.1794871794873,186.07
27,5400.0,0.0,5400.0,M2I2042,2.5,2780.1,243.67
28,8000.0,0.0,8000.0,M2I2043,2.5,1934.4086021505377,146.48
29,8000.0,0.0,8000.0,M2I2044,2.5,1948.279569892473,150.72
30,0.0,0.0,0.0,M2I2045,2.5,2868.809523809524,612.67
31,0.0,0.0,0.0,M2I2047,2.5,2860.3030303030305,755.18
32,0.0,0.0,0.0,M2I2051,2.5,4145.098039215686,780.85
33,0.0,0.0,0.0,M2I2102,3.362285714285714,5998.719512195122,328.06
34,0.0,0.0,0.0,M2I2103,3.445714285714285,4642.64367816092,856.51
35,0.0,0.0,0.0,M2I2104,3.524375,4947.4,254.73
36,0.0,0.0,0.0,M2I2105,3.546875,4652.571428571428,55.05
37,0.0,0.0,0.0,M2I2106,2.5,4574.7,921.34
38,0.0,0.0,0.0,M2I2118,3.525,3986.8263473053894,-560.47
39,0.0,0.0,0.0,M2I2120,2.3200000000000003,4243.181818181818,-549.69
40,0.0,0.0,0.0,M2I2121,3.595,3936.804733727811,-1596.85
41,0.0,0.0,0.0,M2I2122,3.3649999999999998,3549.2561983471073,10.59
42,0.0,0.0,0.0,M2I2124,3.01,1576.7142857142858,-874.1
43,0.0,0.0,0.0,M2I2131,2.275294117647059,3960.4,-395.02
44,4000.0,0.0,3000.0,M2I2132,2.132941176470588,2870.9166666666665,-503.51
45,0.0,0.0,0.0,M2I2133,3.245,4823.289473684211,-1218.33
46,0.0,0.0,0.0,M2I2141,2.4072639999999996,4485.6,-608.16
47,1850.0,12950.0,1850.0,M2I2145,2.5,2108.2608695652175,1081.32
48,4160.0,0.0,4160.0,M2I2150,2.33,4778.367346938776,581.15
49,4160.0,0.0,4160.0,M2I2151,2.1,4260.0,22.05
50,0.0,0.0,0.0,M2V2011,2.5,3614.3333333333335,953.79
51,0.0,0.0,0.0,M2V2012,2.7,3464.4186046511627,797.78
52,0.0,0.0,0.0,M2V2013,2.5,3961.309523809524,786.2
53,0.0,0.0,0.0,M2V2014,2.5,3812.621951219512,657.14
54,0.0,0.0,0.0,M2V2015,2.8,1850.4736842105262,-590.36
55,0.0,0.0,0.0,M2V2016,2.5,2536.6463414634145,-271.76
56,0.0,0.0,0.0,M2V2017,2.5,3461.0810810810813,813.39
57,0.0,0.0,0.0,M2V2018,2.6,3779.8709677419356,950.49
58,0.0,0.0,0.0,M2V2019,2.9,1753.6134453781513,76.92
59,4224.0,0.0,1760.0,M2V2020,2.7,2494.7619047619046,261.41
60,0.0,0.0,0.0,M2V2023,2.5,3380.5555555555557,712.36
61,0.0,0.0,0.0,M2V2024,3.485483870967741,2965.3333333333335,-15.82
62,0.0,0.0,0.0,M2V2025,2.4,991.4634146341464,724.29
63,0.0,0.0,0.0,M2V2026,1.9755555555555557,2234.84375,1275.25
64,0.0,0.0,0.0,M2V2027,2.5,1664.421052631579,3214.68
65,0.0,0.0,0.0,M2V2028,2.5,3197.9710144927535,296.23
66,0.0,0.0,0.0,M2V2029,4,2576.5942028985505,-147.6
67,2100.0,0.0,2100.0,M2V2030,2.5,4753.053892215569,-62.67
68,10400.0,11500.0,10400.0,M2V2101,2.5,4699.857142857143,575.77
69,10400.0,11500.0,4000.0,M2V2102,2.45,5028.315789473684,519.62
70,10400.0,11500.0,10400.0,M2V2103,2.9,5892.413793103448,258.82
71,10400.0,11500.0,10400.0,M2V2104,2.855,4361.6,95.45
72,10400.0,11500.0,10400.0,M2V2105,2.21,4832.9807692307695,682.7
73,0.0,0.0,0.0,M2V2106,3.8333333333333335,816.7682926829268,-1058.29
74,10000.0,0.0,7500.0,M2V2107,3.0479629629629637,991.2258064516129,78.64
75,0.0,0.0,0.0,M2V2108,2.83,471.0975609756098,435.27
76,0.0,0.0,0.0,M2V2109,2.9,358.9024390243902,-487.94
77,0.0,0.0,0.0,M2V2110,2.9909230769230772,1865.2631578947369,464.19
78,0.0,0.0,0.0,M2V2111,2.9569565217391305,2578.777777777778,632.52
79,0.0,0.0,0.0,M2V2118,2.845090909090909,3009.1017964071857,-711.77
80,0.0,0.0,0.0,M2V2119,2.45,580.1666666666666,-691.47
81,0.0,0.0,0.0,M2V2126,2.5,3244.3333333333335,1159.53
82,0.0,0.0,0.0,M2V2127,2.5,3085.176470588235,1165.53
83,0.0,0.0,0.0,M2V2128,3.5,4290.0,32.85
84,0.0,0.0,0.0,M2V2129,3.6,3139.813664596273,-1145.98
85,0.0,0.0,0.0,M4V2001,2.2,5705.454545454545,1113.0
86,0.0,0.0,0.0,M4V2002,3.5,5053.1506849315065,-760.82
87,0.0,0.0,0.0,M4V2003,2.2,2742.0833333333335,820.0
88,8250.0,0.0,3000.0,M4V2004,4.546842105263158,4076.4,-1323.71
89,0.0,0.0,0.0,M4V2007,2.7263157894736842,4159.75,996.19
90,0.0,0.0,0.0,M4V2008,4.366666666666666,4323.0,-476.89
91,0.0,0.0,0.0,M4V2009,4.057142857142857,4161.029411764706,-152.04
92,0.0,0.0,0.0,M4V2010,4.1875,4053.6666666666665,-204.65
93,0.0,0.0,0.0,M4V2011,2.5,6087.083333333333,985.51
94,18130.5,0.0,0.0,M4V2013,2.5,3914.354066985646,-75.24
95,19323.0,0.0,0.0,M4V2014,2.5,5539.351851851851,76.09
96,17694.0,0.0,0.0,M4V2015,2.5,3080.96,-3.68
97,18468.0,0.0,0.0,M4V2016,2.5,4692.566371681416,-16.24
98,18999.0,0.0,0.0,M4V2017,2.5,4433.218334154756,-42.83
99,18351.0,0.0,0.0,M4V2018,2.5,4414.5077720207255,-73.84
100,0.0,0.0,0.0,M4V2028,2.476,4068.5714285714284,728.41
101,0.0,0.0,0.0,M4V2029,2.2181818181818183,3456.6153846153848,854.53
102,0.0,0.0,0.0,M4V2030,1.9928571428571427,3921.0810810810813,972.93
103,0.0,0.0,0.0,M4V2031,2.166666666666667,3768.75,936.96
104,0.0,0.0,0.0,M4V2032,2.5,3895.20325203252,592.24
105,0.0,0.0,0.0,M4V2033,2.5,5710.30303030303,646.13
106,0.0,0.0,0.0,M4V2034,2.1914285714285713,3231.6,1559.94
107,0.0,0.0,0.0,M4V2035,2.9571428571428573,6295.7692307692305,1028.86
108,0.0,0.0,0.0,M4V2036,2.2222222222222223,5484.024390243902,1611.25
109,0.0,0.0,0.0,M4V2037,2.5589705882352938,4934.418604651163,635.16
110,0.0,0.0,0.0,M4V2038,3.883030303030303,6067.810218978102,-506.96
111,8250.0,0.0,3750.0,M4V2042,4.336,4763.5,-750.58
112,5000.0,0.0,5000.0,M4V2043,2.5,5194.744318181818,-325.26
113,14960.0,13860.0,9500.0,M4V2044,2.16,4845.555555555556,198.65
114,0.0,0.0,0.0,M4V2045,4.1,4243.192488262911,-8.44
115,0.0,0.0,0.0,M4V2046,3.6,3820.276497695853,304.35
116,0.0,0.0,0.0,M4V2047,2.5,4241.517857142858,795.7
117,0.0,0.0,0.0,M4V2048,3.4,2788.101983002833,122.23
118,0.0,0.0,0.0,M4V2049,3.2,3455.367231638418,247.1
119,0.0,0.0,0.0,M4V2050,4,3214.2105263157896,-380.29
120,0.0,0.0,0.0,M4V2051,2.5,4127.46365105008,763.64
121,0.0,0.0,0.0,M4V2052,2.5,3290.3394255874678,742.03
122,6156.0,0.0,2052.0,M4V2053,2.683333333333333,4500.0,134.81
123,0.0,0.0,0.0,M4V2054,2.5,3166.904761904762,474.06
124,0.0,0.0,0.0,M4V2055,2.5,3148.846153846154,734.38
125,0.0,0.0,0.0,M4V2056,3.9441666666666655,4278.534031413612,-342.56
126,0.0,0.0,0.0,M4V2057,2.3,3917.375190756486,1420.09
127,0.0,0.0,0.0,M4V2058,2.0465306122448976,5355.567010309278,1747.49
128,19800.0,9000.0,3000.0,M4V2059,2.4435294117647057,3984.0707964601766,-107.58
129,19800.0,9000.0,3000.0,M4V2060,2.4866666666666672,4217.515923566879,-85.23
130,0.0,0.0,0.0,M4V2061,2.5,4305.6,181.96
131,0.0,0.0,0.0,M4V2062,3.896808510638298,2461.772151898734,-1225.34
132,0.0,0.0,0.0,M4V2063,3.5373529337058836,4103.9655172413795,-1563.34
133,0.0,0.0,0.0,M4V2064,2.9929411764705884,4607.333333333333,56.49
134,0.0,0.0,0.0,M4V2065,1.98,4323.611111111111,1363.35
135,0.0,0.0,0.0,M4V2067,1.35,3716.3120567375886,1940.39
136,0.0,0.0,0.0,M4V2068,3.1782142857142865,4952.321428571428,-92.35
137,9240.0,12450.0,13150.0,M4V2069,2.5,6272.391304347826,-266.22
138,19740.0,12450.0,16900.0,M4V2070,2.5,6545.3448275862065,297.04
139,18171.0,0.0,0.0,M4V2071,2.5,3106.7619047619046,-71.95
140,17370.0,0.0,0.0,M4V2072,2.5,2893.3333333333335,-171.78
141,3250.0,8250.0,0.0,M4V2101,1.708695652173913,4380.588235294118,1716.36
142,23024.0,8184.0,0.0,M4V2102,2.5,4382.972582972583,242.86
143,7668.2,0.0,12000.0,M4V2103,2.3788,4126.333333333333,939.66
144,0.0,0.0,0.0,M4V2104,2.055,4735.25,1683.85
145,0.0,0.0,0.0,M4V2105,2.371428571428572,2272.2141823444285,1334.24
146,0.0,0.0,0.0,M4V2106,2.129169230769231,4124.553224553225,1544.63
147,0.0,0.0,0.0,M4V2107,2.3166666666666673,5028.8,1155.81
148,12640.0,9240.0,0.0,M4V2108,2.275,4942.797202797203,805.19
149,3614.0,9174.0,0.0,M4V2109,3,4295.598349381018,558.08
150,2100.0,10500.0,3500.0,M4V2110,1.4,4473.888888888889,771.61
151,2100.0,10500.0,3500.0,M4V2111,1.5,3805.873015873016,696.66
152,2100.0,10500.0,3500.0,M4V2112,2.45,2411.8478260869565,-753.31
153,3315.0,8415.0,0.0,M4V2113,2.040909090909091,5967.142857142857,1609.77
154,17200.0,9800.0,7200.0,M4V2114,2.5,2790.0,228.94
155,11800.0,9800.0,9600.0,M4V2115,3.6426352941176474,3827.5653923541245,-216.25
156,1800.0,9000.0,3000.0,M4V2116,3.436,4907.7192982456145,742.69
157,1596.0,7980.0,2660.0,M4V2117,2.5,5038.326506729081,1488.34
158,1688.16,7596.72,2813.6000000000004,M4V2118,2.602702702702703,4973.421926910299,1491.18
159,21175.0,9840.0,9900.0,M4V2119,2.8991624999999996,5075.684210526316,-172.76
160,20185.0,9840.0,7800.0,M4V2120,3.4415333333333336,5157.798165137615,-545.77
161,20950.0,9840.0,8520.0,M4V2121,2.0653,4042.8,403.06
162,21130.0,9840.0,9600.0,M4V2122,2.15,3245.4761904761904,372.01
163,14490.0,0.0,0.0,M4V2123,1.85,308.3333333333333,808.53
164,0.0,0.0,0.0,M4V2125,2.3,3593.5555555555557,1619.65
165,0.0,0.0,0.0,M4V2126,3.7975680000000005,8122.5,205.23
166,0.0,0.0,0.0,M4V2127,2.95625,3580.0060957025294,420.3
167,22030.0,9840.0,10500.0,M4V2128,3.2058823529411766,1650.967741935484,-403.45
168,0.0,0.0,0.0,M4V2129,3.0451679999999994,3754.7252747252746,-1042.23
169,1080.0,4860.0,1800.0,M4V2130,2.8476190476190473,5896.692913385827,963.51
170,2000.0,9000.0,0.0,M4V2132,3.5780769036366387,2957.16814159292,13.1
171,2000.0,9000.0,0.0,M4V2133,3.061363636363637,1538.9705882352941,-557.02
172,2000.0,9000.0,0.0,M4V2134,3.1815789436039172,1950.5813953488373,313.0
173,0.0,0.0,0.0,M4V2135,3.3579999999999997,1892.888888888889,-614.3
174,0.0,0.0,0.0,M4V2136,2.575,4361.940298507462,1.82
175,0.0,0.0,0.0,M4V2137,3.1,2836.5,-167.92
176,0.0,0.0,0.0,M4V2138,3.2329999999999997,4644.077669902913,40.92
177,0.0,0.0,0.0,M4V2139,2.823,2846.866485013624,-44.34
178,0.0,0.0,0.0,M4V2140,2.903,3926.761744966443,184.33
179,0.0,0.0,0.0,M4V2141,3.525,3994.6428571428573,-155.47
180,2400.0,7600.0,1200.0,M4V2142,5.282149600000002,3581.4285714285716,-1183.56
181,0.0,0.0,0.0,M4V2143,5.14,997.1428571428571,-1784.04
182,22300.0,12000.0,0.0,M4V2144,3.6976714285714287,3200.8264462809916,-717.18
183,8550.0,0.0,0.0,M4V2145,2.543229166666667,2474.8888888888887,864.86
184,0.0,0.0,12240.0,M4V2146,3.5431200000000005,3339.549180327869,291.22
185,0.0,0.0,12300.0,M4V2147,1.9209,2914.75,1522.96
186,0.0,0.0,0.0,M4V2148,3.742857142857143,3812.5641025641025,-707.3
187,22600.0,9984.0,11580.0,M4V2149,2.450136363636364,3373.809523809524,266.99
188,11150.0,12480.0,0.0,M4V2150,3.6284571428571426,4074.9354005167957,911.44
189,19350.0,0.0,8400.0,M4V2151,3.068792307692308,5603.1,-269.84
190,17800.0,9600.0,6900.0,M4V2152,2.9,1122.7118644067796,-527.09
191,3920.0,9520.0,0.0,M4V2153,2.3346938775510204,801.6100178890877,150.95
192,3920.0,9520.0,0.0,M4V2154,3.107407407407407,808.9085345120707,-356.27
193,5625.0,0.0,0.0,M4V2155,2.382758620689655,1434.53125,-242.63
194,2177.76,7622.160000000001,3266.6400000000003,M4V2156,2.5964285714285715,4217.444444444444,1296.0
195,1636.3200000000002,7363.4400000000005,1636.3200000000002,M4V2157,2.745945945945946,3014.0,1704.04
196,2086.56,7302.96,3129.84,M4V2158,2.371052631578947,2882.695652173913,931.08
197,1110.0,4995.0,1110.0,M4V2159,3.196551724137931,5395.076923076923,587.82
198,1740.0,7830.0,2900.0,M4V2160,2.0100000000000002,5373.0,1700.85
199,2193.28,7676.4800000000005,3289.92,M4V2161,2.4,3280.156657963447,1650.92
200,21175.0,8680.0,9080.0,M4V2162,2.3,4712.5,406.01
201,21940.0,8680.0,8480.0,M4V2163,2.4,4449.6,346.03
202,21960.0,8820.0,9360.0,M4V2164,1.8,4859.545454545455,779.56
203,23850.0,12600.0,11100.0,M4V2165,1.7,3353.75,710.23
204,22565.0,9455.0,9960.0,M4V2166,2.45,3145.5550437586367,201.1
205,21538.0,9016.0,8876.0,M4V2167,1.6,3773.75,830.19
206,3600.0,12600.0,5400.0,M4V2168,3.922118181818182,5715.0,-131.55
207,7000.0,0.0,0.0,M4V2169,2.809,2734.8125,802.7
208,7000.0,7000.0,0.0,M4V2170,2.7447368421052625,4618.194444444444,897.13
209,21715.0,8680.0,8480.0,M4V2171,2.1,4738.333333333333,499.34
210,0.0,0.0,0.0,M4V2172,2.3,5787.555555555556,1701.88
211,0.0,0.0,0.0,M4V2173,2.23,5503.333333333333,1796.67
212,2000.0,9000.0,0.0,M4V2175,0.38688888888888895,2688.36370919287,2381.35
213,3920.0,9520.0,0.0,M4V2176,2.3,397.8333333333333,134.33
214,10980.0,10120.0,0.0,M6I2001,2.5,4464.583333333333,-400.21
215,20200.0,11000.0,0.0,M6I2002,2.5,4412.5,-80.93
216,1800.0,9000.0,9600.0,M6I2009,2.5,3732.777777777778,724.51
217,1800.0,9000.0,9000.0,M6I2010,2.5,3919.2727272727275,502.1
218,0.0,0.0,0.0,M6I20100,2.5,4239.64705882353,1178.45
219,0.0,0.0,0.0,M6I20101,2.5,4672.278481012659,1145.55
220,0.0,0.0,0.0,M6I20102,2.5,3488.4615384615386,1035.35
221,5400.0,0.0,0.0,M6I20103,2.5,2226.875,-469.06
222,5400.0,0.0,0.0,M6I20104,2.5,2600.689655172414,-714.94
223,5400.0,0.0,0.0,M6I20105,2.5,2695.5,-679.61
224,5400.0,0.0,0.0,M6I20106,2.5,2625.1612903225805,-619.52
225,1500.0,11100.0,0.0,M6I20108,2.5,2494.864864864865,876.85
226,1500.0,11100.0,0.0,M6I20109,2.5,4044.266666666667,864.07
227,1800.0,9000.0,10200.0,M6I2011,2.5,4142.4,539.27
228,0.0,0.0,0.0,M6I20111,2.5,3025.6923076923076,735.25
229,0.0,0.0,0.0,M6I20113,2.5,2215.5882352941176,703.84
230,12480.0,0.0,2400.0,M6I20114,2.5,2285.0,1256.85
231,1500.0,9000.0,3000.0,M6I20115,2.5,3834.494382022472,750.63
232,1500.0,9000.0,3000.0,M6I20116,2.5,4153.220338983051,854.15
233,1330.0,7980.0,2660.0,M6I20117,2.5,3612.962962962963,814.24
234,9000.0,0.0,0.0,M6I20118,2.5,3366.4615384615386,-289.27
235,1500.0,11100.0,0.0,M6I20119,2.5,2739.5238095238096,932.34
236,0.0,0.0,7200.0,M6I2012,2.5,3829.1346153846152,-577.94
237,0.0,0.0,0.0,M6I20121,2.5,4017.948717948718,1028.14
238,2240.0,11200.0,0.0,M6I20122,2.5,3190.2380952380954,855.43
239,2320.0,12760.0,0.0,M6I20123,2.5,2971.3333333333335,876.99
240,0.0,0.0,0.0,M6I20124,2.5,3943.0,1063.18
241,4640.0,25520.0,0.0,M6I20125,2.5,4087.2,338.27
242,2240.0,11200.0,0.0,M6I20126,2.5,3451.809523809524,1088.88
243,0.0,0.0,0.0,M6I20127,2.5,4267.809523809524,1131.04
244,0.0,0.0,0.0,M6I20129,2.5,1909.1156462585034,-708.67
245,0.0,0.0,7200.0,M6I2013,2.5,4292.692307692308,163.09
246,0.0,0.0,0.0,M6I20130,2.5,4189.333333333333,890.3
247,0.0,0.0,0.0,M6I20131,2.5,3646.823529411765,40.85
248,1000.0,7500.0,5000.0,M6I20134,2.5,4164.7,730.99
249,1620.0,11988.0,0.0,M6I20135,2.5,4362.705882352941,905.4
250,0.0,0.0,0.0,M6I20136,2.5,2605.815831987076,1109.08
251,0.0,0.0,0.0,M6I20137,2.5,2240.8829174664106,1098.14
252,0.0,0.0,0.0,M6I20138,2.5,4087.0,1194.88
253,0.0,0.0,0.0,M6I20139,2.5,3788.6746987951806,1192.08
254,9000.0,0.0,7200.0,M6I2014,2.5,4125.393258426966,496.51
255,0.0,0.0,9000.0,M6I20140,2.5,1828.0,238.65
256,0.0,0.0,0.0,M6I20141,2.5,3216.0,-751.2
257,5600.0,5600.0,5600.0,M6I20142,2.5,3447.222222222222,-153.03
258,5600.0,5600.0,5600.0,M6I20143,2.5,3261.6666666666665,-170.33
259,5600.0,5600.0,5600.0,M6I20144,2.5,4075.6,-125.84
260,5600.0,5600.0,5600.0,M6I20145,2.5,3445.6,167.6
261,14000.0,12000.0,3200.0,M6I20147,2.5,6275.5,-33.22
262,4000.0,12000.0,6000.0,M6I20149,2.5,4389.6,948.73
263,0.0,0.0,0.0,M6I2015,2.5,2475.25,407.45
264,4000.0,12000.0,6000.0,M6I20150,2.5,3754.2,980.97
265,0.0,0.0,0.0,M6I20151,2.5,2078.5365853658536,920.28
266,0.0,0.0,0.0,M6I20152,2.5,1123.612740232789,950.98
267,0.0,0.0,0.0,M6I20153,2.5,2386.2776877363585,1043.16
268,0.0,0.0,0.0,M6I20154,2.5,2535.405041370021,423.63
269,0.0,0.0,0.0,M6I20155,2.5,2679.4318590435096,919.91
270,0.0,0.0,0.0,M6I20156,2.5,2127.1111111111113,-631.74
271,0.0,0.0,0.0,M6I20157,2.5,3449.375,1204.59
272,0.0,0.0,0.0,M6I20158,2.5,5464.174757281553,371.18
273,0.0,0.0,0.0,M6I20159,2.5,3742.181818181818,1207.57
274,0.0,0.0,0.0,M6I2016,2.5,6446.71875,314.58
275,0.0,0.0,0.0,M6I20160,2.5,3555.25,1281.43
276,0.0,0.0,0.0,M6I20161,2.5,3819.875,1334.76
277,500.0,5000.0,5000.0,M6I20163,2.5,4065.5,1163.01
278,10486.0,8664.0,7707.0,M6I20164,2.5,3099.6875,-490.81
279,1800.0,10800.0,5400.0,M6I20165,2.5,2390.153846153846,811.5
280,1800.0,10800.0,5400.0,M6I20166,2.5,2664.4210526315787,783.94
281,3600.0,10800.0,5400.0,M6I20167,2.5,1846.0,791.93
282,3600.0,10800.0,5400.0,M6I20168,2.5,3111.2,1052.09
283,0.0,0.0,0.0,M6I2017,2.5,3305.769230769231,124.6
284,10880.0,11040.0,8520.0,M6I20170,2.5,2028.5,-493.5
285,3300.0,9900.0,0.0,M6I20174,2.5,3452.3863636363635,-623.14
286,2400.0,12000.0,0.0,M6I20175,2.5,4123.2,814.34
287,6100.0,12000.0,7000.0,M6I20177,2.5,6247.75,472.93
288,2400.0,12000.0,0.0,M6I20178,2.5,7152.0,876.91
289,6100.0,12000.0,7000.0,M6I20179,2.5,5480.666666666667,456.07
290,1550.0,11470.0,0.0,M6I2018,2.5,3871.28,61.97
291,2400.0,12000.0,0.0,M6I20180,2.5,1951.8666666666666,557.01
292,1550.0,11470.0,0.0,M6I2019,2.5,3964.72,59.15
293,0.0,0.0,0.0,M6I2020,2.5,4584.25,1167.52
294,1625.0,12025.0,0.0,M6I2021,2.5,4822.833333333333,796.11
295,1800.0,9000.0,0.0,M6I2022,2.5,3857.684210526316,549.46
296,20600.0,7800.0,9000.0,M6I2025,2.5,3364.6153846153848,-59.9
297,3500.0,10500.0,0.0,M6I2026,2.5,2826.6666666666665,-666.04
298,3300.0,9900.0,0.0,M6I2027,2.5,3543.846153846154,-621.57
299,3300.0,9900.0,0.0,M6I2028,2.5,3157.7049180327867,-631.81
300,3300.0,9900.0,0.0,M6I2029,2.5,3660.714285714286,-649.24
301,3300.0,9900.0,0.0,M6I2030,2.5,3166.0,-645.24
302,0.0,0.0,0.0,M6I2031,2.5,2147.75,13.72
303,0.0,0.0,0.0,M6I2032,2.5,2748.6666666666665,-1.02
304,0.0,0.0,0.0,M6I2033,2.5,1796.820512820513,816.63
305,0.0,0.0,0.0,M6I2034,2.5,2980.3076923076924,-228.0
306,20550.0,4800.0,4800.0,M6I2035,2.5,3003.3333333333335,-220.35
307,21600.0,21600.0,21600.0,M6I2036,2.5,2327.722222222222,3847.21
308,6000.0,6000.0,6000.0,M6I2037,2.5,3051.8,415.52
309,0.0,0.0,0.0,M6I2038,2.5,4367.458482236704,-559.76
310,0.0,0.0,0.0,M6I2041,2.5,4900.040855236279,-469.93
311,0.0,0.0,0.0,M6I2042,2.5,4677.776605843265,-559.94
312,0.0,0.0,0.0,M6I2043,2.5,3610.7745564690613,-576.1
313,0.0,0.0,0.0,M6I2044,2.5,5174.348697394789,167.25
314,0.0,0.0,0.0,M6I2045,2.5,4983.862461765636,-517.03
315,0.0,0.0,0.0,M6I2046,2.5,4856.646825396825,-492.96
316,0.0,0.0,0.0,M6I2047,2.5,5222.068965517241,94.93
317,0.0,0.0,0.0,M6I2048,2.5,5696.892138939671,147.03
318,0.0,0.0,0.0,M6I2049,2.5,2754.081632653061,-653.39
319,0.0,0.0,0.0,M6I2052,2.5,3263.0,-841.28
320,5600.0,5600.0,5600.0,M6I2059,2.5,3782.4137931034484,-130.78
321,5600.0,5600.0,5600.0,M6I2060,2.5,4185.833333333333,-124.07
322,5600.0,5600.0,12800.0,M6I2061,2.5,4595.896266742661,1961.23
323,5600.0,5600.0,5600.0,M6I2062,2.5,4851.866666666667,761.95
324,5600.0,5600.0,12800.0,M6I2063,2.5,4938.333333333333,807.55
325,5600.0,5600.0,5600.0,M6I2064,2.5,3663.8888888888887,-133.61
326,5600.0,5600.0,5600.0,M6I2065,2.5,3012.6315789473683,-175.62
327,5600.0,5600.0,5600.0,M6I2066,2.5,4163.414634146341,-276.05
328,5600.0,5600.0,5600.0,M6I2067,2.5,4289.583333333333,-122.66
329,0.0,0.0,0.0,M6I2069,2.5,2146.3953488372094,922.04
330,0.0,0.0,0.0,M6I2071,2.5,3559.1608391608393,-704.43
331,0.0,0.0,0.0,M6I2072,2.5,2074.0,581.43
332,0.0,0.0,0.0,M6I2073,2.5,3718.640776699029,1131.96
333,0.0,0.0,0.0,M6I2074,2.5,4037.669902912621,1091.1
334,1550.0,11470.0,0.0,M6I2075,2.5,3593.0526315789475,731.08
335,0.0,0.0,0.0,M6I2076,2.5,1997.0212765957447,1040.93
336,19980.0,10120.0,0.0,M6I2077,2.5,4197.8,-61.75
337,10980.0,10120.0,0.0,M6I2078,2.5,5153.4,-393.52
338,0.0,0.0,0.0,M6I2079,2.5,4695.857142857143,1950.48
339,0.0,0.0,0.0,M6I2080,2.5,4505.652173913043,1935.19
340,0.0,0.0,0.0,M6I2081,2.5,4648.5,2039.91
341,0.0,0.0,0.0,M6I2082,2.5,3731.4814814814813,2001.49
342,0.0,0.0,0.0,M6I2083,2.5,3586.875,2034.25
343,0.0,0.0,0.0,M6I2084,2.5,4261.0,1274.52
344,6100.0,12000.0,7000.0,M6I2085,2.5,6101.818181818182,512.23
345,0.0,0.0,0.0,M6I2087,2.5,3686.875,993.24
346,3600.0,10800.0,5400.0,M6I2088,2.5,3862.222222222222,1025.8
347,3600.0,10800.0,5400.0,M6I2089,2.5,3383.3333333333335,1027.58
348,3600.0,10800.0,5400.0,M6I2090,2.5,2983.934426229508,1002.87
349,0.0,0.0,0.0,M6I2093,2.5,3896.5,280.04
350,0.0,0.0,0.0,M6I2094,2.5,3576.0,286.06
351,0.0,0.0,0.0,M6I2095,2.5,3100.0,1077.33
352,0.0,0.0,0.0,M6I2096,2.5,4442.5,1258.23
353,0.0,0.0,0.0,M6I2097,2.5,3835.5555555555557,1109.83
354,0.0,0.0,0.0,M6I2098,2.5,3613.3333333333335,1058.22
355,0.0,0.0,0.0,M6I2099,2.5,3876.0,1109.08
356,4800.0,12000.0,12000.0,M6I2102,2.5,3771.52,1019.7
357,9600.0,24000.0,21000.0,M6I2103,2.5,2577.4117647058824,1296.1
358,23750.0,10500.0,12000.0,M6I2107,2.845833333333333,3540.0,-195.48
359,3500.0,10500.0,15500.0,M6I2108,3.0529411764705885,3662.7884615384614,754.39
360,3600.0,10800.0,5400.0,M6I21100,3.1,4844.262295081967,595.45
361,0.0,0.0,0.0,M6I21101,2.5,2760.0,-131.89
362,2240.0,7840.0,4480.0,M6I21102,3.046875,2580.0,635.2
363,0.0,0.0,0.0,M6I21112,2.7,2640.3488372093025,-187.87
364,3200.0,11200.0,6400.0,M6I21113,2.5,3120.0,1291.91
365,1500.0,9000.0,3000.0,M6I21119,3.0355140186915888,2924.923076923077,-1190.97
366,3500.0,10500.0,3500.0,M6I2112,2.5821428571428573,3717.0,1094.21
367,1500.0,9000.0,3000.0,M6I21120,3.318181818181818,2620.769230769231,-1410.83
368,1500.0,9000.0,3000.0,M6I21121,3.0355140186915888,2925.0,-1190.97
369,1500.0,9000.0,3000.0,M6I21124,3.1419354838709674,3158.986928104575,-1262.25
370,3500.0,10500.0,0.0,M6I2113,3.1923076923076925,3540.0,631.06
371,0.0,0.0,0.0,M6I21130,2.1707317073170733,1464.5,1095.32
372,0.0,0.0,0.0,M6I21131,2.2285714285714286,2442.0,1047.35
373,0.0,0.0,0.0,M6I21132,2.18125,1989.6666666666667,1158.87
374,0.0,0.0,0.0,M6I21133,2.7125,3552.0,772.27
375,1000.0,9400.0,0.0,M6I21134,2.69875,2254.8571428571427,546.65
376,1000.0,9400.0,0.0,M6I21135,2.89,3772.1666666666665,643.77
377,1000.0,9400.0,0.0,M6I21136,2.635,2606.8571428571427,767.85
378,1000.0,9400.0,0.0,M6I21137,2.7625,3882.0,706.31
379,1000.0,9400.0,0.0,M6I21138,2.38,2730.5128205128203,950.91
380,1000.0,9400.0,0.0,M6I21139,4.4,2254.8,-2246.65
381,3500.0,10500.0,12000.0,M6I2114,2.6923076923076925,3268.409090909091,991.57
382,1000.0,9400.0,0.0,M6I21140,2.93,2254.7619047619046,-1154.65
383,0.0,0.0,0.0,M6I21142,2.5,3159.020979020979,-844.46
384,0.0,0.0,0.0,M6I21143,3.540625,4585.916666666667,105.64
385,0.0,0.0,0.0,M6I21144,2.8833333333333333,4023.304347826087,546.63
386,0.0,0.0,0.0,M6I21145,2.940625,4288.869565217391,436.83
387,0.0,0.0,0.0,M6I21146,2.95,3968.996710526316,367.54
388,0.0,0.0,0.0,M6I21147,2.9,3929.3650793650795,387.73
389,0.0,0.0,0.0,M6I21148,3.2,4631.329508605638,247.19
390,0.0,0.0,0.0,M6I21149,2.9,4212.562396006655,424.83
391,16400.0,12800.0,5600.0,M6I2116,2.66,2724.0163934426228,212.07
392,5600.0,12800.0,5600.0,M6I2117,2.25,2759.137931034483,525.88
393,1600.0,11840.0,12000.0,M6I21170,3.6208333333333336,2660.9473684210525,-109.83
394,1600.0,11840.0,12000.0,M6I21171,3.6583333333333337,4368.0,-113.96
395,1600.0,11840.0,12000.0,M6I21172,3.6125,5049.666666666667,4.76
396,1600.0,11840.0,12000.0,M6I21173,3.201639344262295,2661.0,201.58
397,1600.0,11840.0,12000.0,M6I21174,3.7786885245901636,4468.16,-199.84
398,1600.0,11840.0,12000.0,M6I21175,3.756666666666667,3978.0,-219.87
399,3800.0,9120.0,3800.0,M6I21178,2.8,5880.0,-768.13
400,11200.0,8640.0,7800.0,M6I21179,2.7,2776.6666666666665,-610.22
401,5600.0,12800.0,5600.0,M6I2118,2.45,2970.0,-501.85
402,3600.0,8640.0,3600.0,M6I21180,2.66,2940.0,-81.29
403,1400.0,15200.0,0.0,M6I21181,2.6153846153846154,2760.0,476.87
404,1400.0,15200.0,0.0,M6I21182,2.3625,2765.9615384615386,754.96
405,3600.0,10800.0,5400.0,M6I21183,2.5,2242.5641025641025,863.69
406,3600.0,10800.0,5400.0,M6I21184,3.1,2979.5833333333335,514.75
407,3600.0,10800.0,5400.0,M6I21185,3.1,4719.558823529412,580.45
408,0.0,0.0,0.0,M6I21186,2.2394736842105263,2995.25,1050.18
409,0.0,0.0,0.0,M6I21187,2.4363636363636365,2100.0,874.96
410,0.0,0.0,0.0,M6I21188,2.6045454545454545,1797.5833333333333,924.29
411,0.0,0.0,0.0,M6I21189,3.1,4108.75,563.59
412,5600.0,12800.0,5600.0,M6I2119,2.74,2072.8,-367.94
413,15000.0,0.0,10000.0,M6I21190,4.16,3116.176470588235,-648.15
414,15000.0,0.0,10000.0,M6I21191,2.5,3510.0,912.52
415,15000.0,0.0,10000.0,M6I21192,2.9099999999999997,1540.8064516129032,529.23
416,15000.0,0.0,10000.0,M6I21193,3.3466666666666667,3194.8837209302324,202.99
417,0.0,0.0,0.0,M6I21197,2.597850968320494,2592.0481927710844,-239.89
418,0.0,0.0,0.0,M6I21199,3.12,3725.967741935484,314.8
419,5600.0,12800.0,5600.0,M6I2120,2.88,2245.0,-447.93
420,0.0,0.0,0.0,M6I21200,2.93,3726.0,-312.82
421,0.0,0.0,0.0,M6I21201,3.2400000000000007,4002.0,485.73
422,0.0,0.0,0.0,M6I21202,4.25,3417.6153846153848,-522.49
423,0.0,0.0,0.0,M6I21205,2.7564102564102564,3240.0,945.5
424,16400.0,5600.0,12800.0,M6I2121,2.45,2969.879518072289,286.75
425,16400.0,12800.0,5600.0,M6I2122,2.41,3495.3968253968255,420.36
426,16400.0,5600.0,12800.0,M6I2123,2.45,2970.0,327.75
427,5600.0,12800.0,5600.0,M6I2124,2.5,1685.0,232.41
428,16400.0,5600.0,12800.0,M6I2125,2.55,2700.058241118229,74.28
429,16400.0,5600.0,13280.0,M6I2126,2.55,2719.196428571429,127.18
430,16400.0,5600.0,12800.0,M6I2127,2.46,2719.251336898396,193.44
431,16400.0,5600.0,12800.0,M6I2128,2.43,2719.310344827586,215.73
432,16400.0,5600.0,12800.0,M6I2129,2.375,2640.2966625463537,128.99
433,0.0,0.0,0.0,M6I2130,2.5,2700.0,830.74
434,0.0,0.0,0.0,M6I2133,3.0125,678.6666666666666,889.8
435,0.0,0.0,0.0,M6I2137,0.4,1080.0,2261.29
436,0.0,0.0,0.0,M6I2142,2.9875,5027.893497554791,874.36
437,0.0,0.0,0.0,M6I2145,3.1,4879.74987974988,493.64
438,3440.0,12040.0,6880.0,M6I2146,2.67,3662.777777777778,-780.0
439,3440.0,12040.0,6880.0,M6I2147,2.66,3060.0,-784.57
440,3440.0,12040.0,6880.0,M6I2148,2.66,1444.5,-878.14
441,3440.0,12040.0,6880.0,M6I2149,2.76,3923.0,-815.78
442,3440.0,12040.0,6880.0,M6I2150,2.62,2446.5,-806.41
443,3440.0,12040.0,6880.0,M6I2151,2.8,2946.4285714285716,-892.81
444,3440.0,12040.0,6880.0,M6I2152,2.22,2048.6666666666665,-526.57
445,0.0,0.0,0.0,M6I2155,2.750270276456266,2100.0,-1167.11
446,0.0,0.0,0.0,M6I2156,2.5,5872.166666666667,265.5
447,0.0,0.0,0.0,M6I2157,2.5,5700.0,250.86
448,0.0,0.0,0.0,M6I2161,3.330000000000003,3240.0,441.3
449,0.0,0.0,0.0,M6I2162,2.5,2400.0,155.08
450,0.0,0.0,0.0,M6I2164,2.5,3572.962962962963,2071.85
451,0.0,0.0,0.0,M6I2165,2.661904761904762,3240.0,928.75
452,0.0,0.0,0.0,M6I2166,2.6166666666666667,3240.0,326.57
453,6750.0,0.0,12000.0,M6I2167,2.5,3754.186046511628,572.75
454,0.0,0.0,0.0,M6I2168,2.7564102564102564,3401.9858156028367,1915.66
455,0.0,0.0,0.0,M6I2169,3,712.4418604651163,421.94
456,0.0,0.0,0.0,M6I2172,2.7199999999999998,2700.0,-883.5
457,0.0,0.0,0.0,M6I2173,2.230769230769231,2820.0,1427.98
458,1500.0,9000.0,3000.0,M6I2174,2.293846153846154,3165.0561797752807,863.47
459,1500.0,9000.0,3000.0,M6I2175,3.785454545454545,3847.222222222222,-254.38
460,1500.0,9000.0,3000.0,M6I2176,3.2555555555555555,1770.0,9.29
461,2240.0,7840.0,4480.0,M6I2183,2.5708333333333333,2580.0,1348.88
462,0.0,0.0,0.0,M6I2184,2.5278260869565217,2580.0,1061.97
463,4000.0,12000.0,16000.0,M6I2185,2.5,3180.0664451827242,1227.33
464,4000.0,12000.0,16000.0,M6I2186,2.5,3179.87012987013,1227.33
465,20800.0,13600.0,16800.0,M6I2187,2.5,4710.0,237.95
466,0.0,0.0,0.0,M6I2188,2.5,2484.032258064516,1077.47
467,3600.0,10800.0,5400.0,M6I2199,3.1,4913.333333333333,661.0
468,1625.0,12025.0,0.0,M6V2001,3.7599999999999993,3221.36,-1611.75
469,1625.0,12025.0,0.0,M6V2002,3.87,3202.923076923077,-1686.75
470,1625.0,12025.0,0.0,M6V2003,4.6,3490.75,-2218.8
471,2448.0,11968.0,0.0,M6V2005,2.68,4462.686567164179,647.47
472,2448.0,11968.0,0.0,M6V2006,2.68,3909.2819614711034,-370.11
473,9000.0,0.0,9000.0,M6V2007,2.2008333333333328,3521.714285714286,491.82
474,0.0,0.0,0.0,M6V2008,2.1412499999999994,5423.857142857143,1342.52
475,0.0,0.0,0.0,M6V2009,2.598846153846154,4325.2,1014.71
476,0.0,0.0,0.0,M6V2010,2.061562500000001,4297.578947368421,1068.16
477,2448.0,11968.0,0.0,M6V2011,3.9115384615384614,4377.4358974358975,-358.9
478,2448.0,11968.0,0.0,M6V2012,3.124137931034483,3544.74358974359,973.03
479,2448.0,11968.0,0.0,M6V2013,3.832,3543.2051282051284,-551.39
480,0.0,0.0,0.0,M6V2017,3.69,4096.560846560847,-246.74
481,0.0,0.0,0.0,M6V2018,3.38,3890.719696969697,219.02
482,0.0,0.0,0.0,M6V2019,2.5,2414.3809523809523,456.65
483,0.0,0.0,0.0,M6V2020,2.3,2586.5,585.01
484,0.0,0.0,0.0,M6V2021,2.7,959.2307692307693,158.27
485,0.0,0.0,0.0,M6V2022,2.2,1745.2083333333333,312.2
486,0.0,0.0,0.0,M6V2023,1.9,900.0,821.49
487,0.0,0.0,0.0,M6V2024,2.2,1893.6538461538462,550.49
488,0.0,0.0,0.0,M6V2025,2.63,2351.5555555555557,649.19
489,0.0,0.0,0.0,M6V2026,2.6480952380952383,3188.269230769231,674.23
490,0.0,0.0,0.0,M6V2028,2.11,3625.135135135135,1184.99
491,2640.0,24240.0,0.0,M6V2029,2.11,4447.5675675675675,-208.48
492,8100.0,0.0,0.0,M6V2030,1.98,4180.9876543209875,233.08
493,0.0,0.0,0.0,M6V2031,1.98,4938.780487804878,44.18
494,0.0,0.0,0.0,M6V2032,4.01,5091.395348837209,-1403.76
495,0.0,0.0,0.0,M6V2033,3.7,4792.5,-454.09
496,0.0,0.0,0.0,M6V2034,2.4,5074.878048780488,917.31
497,0.0,0.0,0.0,M6V2035,2.5,3308.181818181818,152.32
498,0.0,0.0,0.0,M6V2036,3.3,4370.566037735849,955.36
499,0.0,0.0,0.0,M6V2037,3.4050000000000002,6176.0,205.85
500,0.0,0.0,0.0,M6V2038,3.5666666666666673,5896.8,72.04
501,0.0,0.0,0.0,M6V2039,2.6814285714285715,5349.777777777777,860.73
502,0.0,0.0,0.0,M6V2040,2.6814285714285715,5162.888888888889,799.98
503,0.0,0.0,0.0,M6V2041,3.0591666666666666,6322.222222222223,363.87
504,0.0,0.0,0.0,M6V2042,2.575555555555556,5806.785714285715,827.28
505,22450.0,8750.0,13250.0,M6V2043,0.15,2368.6363636363635,1628.68
506,22450.0,8750.0,13250.0,M6V2044,1.6800000000000002,1887.2,394.27
507,22700.0,8750.0,13500.0,M6V2045,3.6100000000000003,2051.276595744681,-900.04
508,0.0,0.0,0.0,M6V2046,4.8,4937.333333333333,-558.69
509,0.0,0.0,0.0,M6V2047,4,4631.818181818182,-689.42
510,0.0,0.0,0.0,M6V2048,2.1,4756.938603868797,1114.17
511,9750.0,3500.0,11500.0,M6V2050,4.05,2070.0,-1724.9
512,9750.0,3500.0,11500.0,M6V2051,4.2,1793.0434782608695,-1769.89
513,15070.0,0.0,0.0,M6V2052,2.86,2778.832116788321,-82.91
514,3600.0,12600.0,7200.0,M6V2053,1.95,4166.615384615385,562.77
515,0.0,0.0,0.0,M6V2054,2.5,4194.358974358975,-311.7
516,0.0,0.0,0.0,M6V2056,2.76,4264.428571428572,-244.31
517,3600.0,12600.0,7200.0,M6V2061,2.66,4987.0,1236.15
518,3600.0,12600.0,7200.0,M6V2062,3.01,5456.4,-144.72
519,0.0,0.0,0.0,M6V2063,2.45,1763.0,52.6
520,0.0,0.0,0.0,M6V2064,2.6,2520.25,701.71
521,0.0,0.0,0.0,M6V2065,2.6,2022.25,652.23
522,2448.0,11968.0,0.0,M6V2066,2.007894736842105,3943.076923076923,748.4
523,10120.0,0.0,0.0,M6V2068,2.47,4800.896551724138,194.58
524,0.0,0.0,0.0,M6V2069,3.3,4561.25,-679.33
525,0.0,0.0,0.0,M6V2070,3.7,4313.888888888889,240.19
526,0.0,0.0,0.0,M6V2071,4,3905.777777777778,-58.27
527,0.0,0.0,0.0,M6V2072,3.7,3202.5263157894738,113.04
528,1400.0,10500.0,5600.0,M6V2073,3.03695652173913,3549.423076923077,575.44
529,2300.0,7590.0,0.0,M6V2074,3.320000000000001,5116.571428571428,-1118.18
530,2300.0,7590.0,0.0,M6V2075,3.05,3283.1944444444443,-1069.08
531,2600.0,8580.0,0.0,M6V2076,2.620000000000001,5462.833333333333,-611.26
532,2350.0,7755.0,0.0,M6V2077,2.5842857142857145,5368.96,-562.59
533,0.0,0.0,0.0,M6V2078,2.9,3784.7311827956987,-181.11
534,0.0,0.0,0.0,M6V2079,2.91,3654.75,495.01
535,0.0,0.0,0.0,M6V2080,2.62,4036.6666666666665,-773.93
536,0.0,0.0,0.0,M6V2081,2.62,2085.0,61.57
537,0.0,0.0,0.0,M6V2084,2.53,4952.2,-83.87
538,0.0,0.0,0.0,M6V2085,2.5,3375.3571428571427,-37.64
539,0.0,0.0,0.0,M6V2086,2.4699999999999998,3923.777777777778,58.13
540,0.0,0.0,0.0,M6V2091,3.41,1858.6363636363637,-624.06
541,10620.0,8820.0,12000.0,M6V2101,3.6100000000000003,2789.68085106383,-1270.38
542,1620.0,8820.0,0.0,M6V2102,1.9448275862068964,2780.5333333333333,-253.39
543,1620.0,8640.0,0.0,M6V2103,1.9448275862068964,3200.4545454545455,-198.31
544,0.0,0.0,0.0,M6V2104,2.8,2720.2105263157896,487.25
545,18000.0,0.0,18000.0,M6V21100,3.2,3057.021276595745,-643.96
546,20800.0,9800.0,5600.0,M6V21101,4.06,1974.7826086956522,-1221.14
547,20800.0,9800.0,5600.0,M6V21102,3.5,3251.4,-705.88
548,3600.0,6300.0,5400.0,M6V21107,2.3,3728.3333333333335,-434.81
549,1600.0,11840.0,0.0,M6V21108,4.241269841269841,5134.3,-302.4
550,0.0,0.0,0.0,M6V21109,2.5,4335.5,-0.97
551,0.0,0.0,12000.0,M6V21110,2.5,5764.333333333333,1107.97
552,0.0,0.0,0.0,M6V21111,2.5,5418.521739130435,-433.52
553,0.0,0.0,0.0,M6V2112,2,3128.5714285714284,-247.57
554,1620.0,8820.0,12000.0,M6V2114,1.5,4226.8421052631575,75.63
555,9200.0,0.0,12000.0,M6V2115,1.9,4521.5625,53.55
556,18200.0,0.0,12000.0,M6V2116,2,3201.714285714286,382.73
557,3200.0,9600.0,6400.0,M6V2117,2.2,3088.214285714286,-382.54
558,12600.0,12600.0,7200.0,M6V2134,3.01,5810.75,-615.47
559,9000.0,0.0,12000.0,M6V2136,3.7299999999999995,7611.724137931034,-1008.32
560,0.0,0.0,0.0,M6V2138,3.3,3031.3207547169814,-916.27
561,2330.0,7689.0,0.0,M6V2139,0.5903333333333334,4268.166666666667,802.59
562,2330.0,7689.0,0.0,M6V2140,1.453709677419355,5424.48,534.02
563,0.0,0.0,9000.0,M6V2143,0.5900000000000001,4062.5,744.04
564,0.0,0.0,0.0,M6V2144,2.4,2888.7804878048782,-454.38
565,10950.0,6750.0,11400.0,M6V2146,4.3,6826.818181818182,-1562.35
566,9060.0,8500.0,11100.0,M6V2147,4.25,6873.913043478261,-1590.2
567,0.0,0.0,0.0,M6V2151,1.95,3443.5384615384614,-1.24
568,1600.0,11840.0,0.0,M6V2152,2.501639344262295,2887.8688524590166,901.63
569,1600.0,11840.0,0.0,M6V2153,2.5,4369.538461538462,865.69
570,1350.0,9990.0,0.0,M6V2154,2.963235294117647,2043.851851851852,508.42
571,1600.0,11840.0,0.0,M6V2161,3.4420000076293946,2706.153846153846,108.08
572,1600.0,11840.0,0.0,M6V2162,3.3222221798366975,2663.913043478261,168.08
573,1600.0,11840.0,0.0,M6V2163,3.3119999980926513,2391.8571428571427,167.67
574,1620.0,8820.0,12000.0,M6V2167,2,4201.111111111111,-251.63
575,18250.0,13000.0,12000.0,M6V2168,4,2042.0,-1210.33
576,19375.0,13000.0,12000.0,M6V2169,3.1,2919.090909090909,-401.61
577,29750.0,10400.0,0.0,M6V2170,3.4,3232.2916666666665,-60.97
578,18250.0,13000.0,12000.0,M6V2171,3.4,2627.2727272727275,-697.13
579,18250.0,13000.0,12000.0,M6V2172,3.3,2105.4430379746836,-636.59
580,0.0,0.0,0.0,M6V2173,2.95,2548.695652173913,-998.34
581,0.0,0.0,0.0,M6V2174,2.5708333333333333,4273.809523809524,-582.69
582,0.0,0.0,0.0,M6V2175,2.5278260869565217,3156.190476190476,-606.88
583,0.0,0.0,0.0,M6V2176,2.5,4076.4285714285716,-16.35
584,0.0,0.0,0.0,M6V2177,2.5,1604.7619047619048,-716.67
585,0.0,0.0,0.0,M6V2178,3.2221463414634144,3241.44,-1169.08
586,0.0,0.0,0.0,M6V2179,2.5,2083.157894736842,-695.83
587,30250.0,13000.0,0.0,M6V2183,3.4,2231.224127735068,-209.26
588,18250.0,13000.0,12000.0,M6V2189,3.3,3004.8,-609.78
589,3600.0,6300.0,15000.0,M6V2191,3.1,3630.8571428571427,-337.4
590,3600.0,12600.0,15000.0,M6V2195,2.1,4014.4,438.65
591,3600.0,6300.0,5400.0,M6V2196,2.5,4473.6,848.98
592,18000.0,0.0,18000.0,M6V2199,2.8,2390.566037735849,-399.78
593,0.0,0.0,0.0,M7I2001,2.5,3327.6,2098.82
594,1000.0,7000.0,2000.0,M7I2002,2.5,4268.4,1013.55
595,1000.0,7000.0,2000.0,M7I2003,2.5,2890.5,1099.29
596,1000.0,7000.0,2000.0,M7I2004,2.5,6631.208791208791,874.87
597,0.0,0.0,0.0,M7I2005,2.5,3343.246073298429,593.5
598,0.0,0.0,0.0,M7I2006,2.5,1999.1588785046729,361.95
599,0.0,0.0,0.0,M7I2007,2.5,2140.8333333333335,389.23
600,0.0,0.0,0.0,M7I2008,2.5,2811.090909090909,2634.56
601,0.0,0.0,0.0,M7I2009,2.5,2942.682926829268,536.26
602,0.0,0.0,0.0,M7I2010,2.5,2908.2,599.17
603,0.0,0.0,0.0,M7I20100,2.5,3388.6666666666665,555.93
604,0.0,0.0,0.0,M7I20101,2.5,3597.153846153846,536.12
605,0.0,0.0,0.0,M7I2011,2.5,2991.509433962264,609.35
606,0.0,0.0,0.0,M7I2012,2.5,4794.625,1102.21
607,0.0,0.0,0.0,M7I2013,2.5,4817.906976744186,1018.44
608,0.0,0.0,0.0,M7I2014,2.5,3685.222222222222,1009.29
609,0.0,0.0,0.0,M7I2015,2.5,3783.0,961.43
610,0.0,0.0,0.0,M7I2016,2.5,4267.2307692307695,1064.11
611,0.0,0.0,0.0,M7I2017,2.5,4260.0,1038.79
612,0.0,0.0,0.0,M7I2018,2.5,3112.769230769231,876.16
613,0.0,0.0,0.0,M7I2019,2.5,3073.779527559055,1107.87
614,0.0,0.0,0.0,M7I2020,2.5,3246.6176470588234,1094.84
615,0.0,0.0,0.0,M7I2021,2.5,3684.5833333333335,1150.63
616,0.0,0.0,0.0,M7I2022,2.5,3536.3414634146343,1119.66
617,0.0,0.0,0.0,M7I2024,2.5,2918.974358974359,870.74
618,0.0,0.0,0.0,M7I2025,2.5,3232.1428571428573,976.89
619,0.0,0.0,0.0,M7I2026,2.5,4033.2075471698113,881.41
620,0.0,0.0,0.0,M7I2027,2.5,3489.0243902439024,1238.38
621,0.0,0.0,0.0,M7I2028,2.5,2788.2291666666665,1107.38
622,0.0,0.0,0.0,M7I2029,2.5,3055.8,1084.94
623,0.0,0.0,0.0,M7I2030,2.5,3741.0227272727275,1048.51
624,0.0,0.0,0.0,M7I2031,2.5,2910.576923076923,965.63
625,3500.0,8500.0,0.0,M7I2032,2.5,3487.9411764705883,1019.04
626,0.0,0.0,0.0,M7I2033,2.5,3452.3333333333335,1034.53
627,0.0,0.0,0.0,M7I2034,2.5,3098.3333333333335,1211.95
628,0.0,0.0,0.0,M7I2035,2.5,4696.222222222223,1058.31
629,1100.0,8140.0,0.0,M7I2040,2.5,3546.0,334.79
630,1100.0,8140.0,0.0,M7I2041,2.5,2173.214285714286,352.49
631,1100.0,8140.0,0.0,M7I2042,2.5,986.6666666666666,358.37
632,1100.0,8140.0,0.0,M7I2043,2.5,1495.4285714285713,375.07
633,1400.0,10360.0,0.0,M7I2044,2.5,1485.531914893617,300.12
634,1560.0,11544.0,0.0,M7I2045,2.5,5816.346153846154,1069.84
635,1100.0,8140.0,0.0,M7I2046,2.5,1156.9565217391305,275.9
636,2000.0,10800.0,3200.0,M7I2047,2.5,2097.92,785.26
637,4000.0,10800.0,3200.0,M7I2048,2.5,3279.52,1050.97
638,4000.0,10800.0,3200.0,M7I2049,2.5,3314.4,1153.82
639,2000.0,10800.0,3200.0,M7I2050,2.5,3390.0,1549.26
640,2000.0,10800.0,3200.0,M7I2051,2.5,4465.52,1085.45
641,0.0,0.0,0.0,M7I2052,2.5,1805.4666666666667,910.12
642,0.0,0.0,0.0,M7I2053,2.5,3460.8333333333335,1076.07
643,0.0,0.0,0.0,M7I2054,2.5,3525.5833333333335,1060.16
644,0.0,0.0,0.0,M7I2055,2.5,3311.4285714285716,271.42
645,0.0,0.0,0.0,M7I2056,2.5,3047.3958333333335,243.16
646,0.0,0.0,0.0,M7I2057,2.5,3158.9622641509436,371.45
647,0.0,0.0,0.0,M7I2058,2.5,5675.272727272727,675.28
648,0.0,0.0,0.0,M7I2059,2.5,3871.818181818182,620.22
649,0.0,0.0,0.0,M7I2060,2.5,3647.3529411764707,602.91
650,0.0,0.0,0.0,M7I2061,2.5,3883.177570093458,564.37
651,0.0,0.0,0.0,M7I2066,2.5,4339.193548387097,1116.66
652,0.0,0.0,0.0,M7I2067,2.5,5818.813559322034,1040.41
653,0.0,0.0,0.0,M7I2068,2.5,3486.6111111111113,1217.99
654,1500.0,11100.0,0.0,M7I2069,2.5,3412.2184894861266,792.55
655,1400.0,10360.0,0.0,M7I2070,2.5,3276.563677467973,829.63
656,1400.0,10360.0,0.0,M7I2071,2.5,4065.565515157619,890.6
657,1550.0,11470.0,0.0,M7I2072,2.5,3510.6161841128437,969.56
658,1550.0,11470.0,0.0,M7I2073,2.5,3915.9245678365637,899.78
659,1400.0,10360.0,0.0,M7I2074,2.5,4225.208333333333,932.07
660,0.0,0.0,0.0,M7I2076,2.5,2054.3529411764707,866.61
661,0.0,0.0,0.0,M7I2077,2.5,2698.4745762711864,1129.61
662,0.0,0.0,0.0,M7I2078,2.5,4224.0,1070.73
663,0.0,0.0,0.0,M7I2079,2.5,3553.2183908045977,1057.6
664,0.0,0.0,0.0,M7I2080,2.5,3831.6,1134.51
665,0.0,0.0,0.0,M7I2084,2.5,2527.8,1057.15
666,0.0,0.0,0.0,M7I2085,2.5,2915.9848484848485,1036.88
667,0.0,0.0,0.0,M7I2086,2.5,2395.1063829787236,1011.75
668,1050.0,7350.0,0.0,M7I2087,2.5,3815.4,824.26
669,1050.0,7350.0,0.0,M7I2088,2.5,3974.375,865.97
670,1100.0,7700.0,0.0,M7I2089,2.5,3680.4,870.72
671,1050.0,7350.0,0.0,M7I2090,2.5,2612.5,727.1
672,0.0,0.0,0.0,M7I2091,2.5,3324.0,1001.87
673,0.0,0.0,0.0,M7I2092,2.5,3720.0,1038.38
674,0.0,0.0,0.0,M7I2093,2.5,2943.030303030303,1092.64
675,0.0,0.0,0.0,M7I2094,2.5,2694.607843137255,1070.82
676,0.0,0.0,0.0,M7I2095,2.5,3039.457831325301,1114.04
677,1450.0,10730.0,0.0,M7I2096,2.5,2464.8,960.06
678,0.0,0.0,0.0,M7I2097,2.5,2120.9523809523807,1072.26
679,3120.0,23088.0,0.0,M7I2098,2.5,4171.764705882353,1088.29
680,0.0,0.0,0.0,M7I2101,3.4,4957.25,486.58
681,0.0,0.0,0.0,M7I2102,1.6620000000000001,2400.0,67.82
682,0.0,0.0,0.0,M7I2103,3.7,3540.0,-677.41
683,0.0,0.0,0.0,M7I2104,2.5,3144.6511627906975,1029.05
684,0.0,0.0,0.0,M7I2105,3.6,3894.0,245.89
685,0.0,0.0,0.0,M7I2106,3.5,3720.0,216.15
686,0.0,0.0,0.0,M7I2107,2.0926829268292684,3256.75,1629.12
687,0.0,0.0,0.0,M7I2108,3.5,5315.384615384615,359.61
688,0.0,0.0,0.0,M7I2109,2.6,1680.0,306.89
689,0.0,0.0,0.0,M7I2110,2.7,1980.0,283.84
690,0.0,0.0,0.0,M7I21101,3.3333333333333335,3060.0,373.55
691,0.0,0.0,0.0,M7I21102,3.2583333333333337,3060.0,470.26
692,0.0,0.0,0.0,M7I21103,2.89375,3060.0,784.98
693,0.0,0.0,0.0,M7I21104,3.18125,4235.405405405405,327.29
694,0.0,0.0,0.0,M7I21105,2.8129032258064517,3060.0,505.31
695,0.0,0.0,0.0,M7I21106,3.6484848484848484,3240.0,-121.4
696,2420.0,11220.0,0.0,M7I21107,3.574647887323944,3660.0,-140.26
697,0.0,0.0,0.0,M7I21108,2.7826666666666666,3480.0,945.65
698,0.0,0.0,0.0,M7I2111,3.4,1500.0,-293.4
699,0.0,0.0,0.0,M7I21110,2.5,3000.0,1104.08
700,0.0,0.0,0.0,M7I21111,2.5,2460.0,1091.39
701,0.0,0.0,0.0,M7I21112,2.5,2460.0,1029.89
702,0.0,0.0,0.0,M7I21113,4.9,3480.0,-561.2
703,0.0,0.0,0.0,M7I21114,5.746666666666667,2771.3846153846152,-644.77
704,0.0,0.0,0.0,M7I21115,5.63,3392.923076923077,-486.74
705,0.0,0.0,0.0,M7I21116,5.58,2089.2,-553.42
706,0.0,0.0,0.0,M7I21117,5.46,2661.625,-510.27
707,0.0,0.0,0.0,M7I21118,5.430769230769231,2580.0,-430.58
708,0.0,0.0,0.0,M7I2112,2.9,900.0,78.75
709,2500.0,7000.0,2500.0,M7I21124,1.8857142857142857,1980.0,1363.32
710,2500.0,7000.0,2500.0,M7I21125,1.7,1500.0,1199.44
711,1265.0,7084.0,0.0,M7I21126,2.20625,1206.0869565217392,949.9
712,1265.0,9361.0,0.0,M7I21127,1.586111111111111,1740.0,1283.56
713,2500.0,7000.0,2500.0,M7I21128,1.9933333333333334,1980.0,1303.87
714,2500.0,7000.0,2500.0,M7I21129,2.225,2100.0,890.51
715,0.0,0.0,0.0,M7I2113,3.1,1080.0,14.22
716,2500.0,7000.0,2500.0,M7I21130,1.5,2100.0,1306.64
717,0.0,0.0,0.0,M7I21131,3.950561797752809,3600.0,-398.67
718,0.0,0.0,0.0,M7I2114,3.4595238095238097,2400.0,192.63
719,0.0,0.0,0.0,M7I2115,3.9057692307692307,2400.0,2902.12
720,0.0,0.0,0.0,M7I2121,3.7258061608602837,4228.16091954023,-567.71
721,0.0,0.0,0.0,M7I2122,3.641414141414141,2520.0,-410.53
722,0.0,0.0,0.0,M7I2123,2.5,3960.0,383.8
723,2205.0,9800.0,0.0,M7I2124,2.2,2904.0047405066416,1256.69
724,2205.0,9800.0,0.0,M7I2125,3.1,2729.873772791024,525.31
725,2205.0,9800.0,0.0,M7I2126,2.6,2730.0527240773285,917.24
726,0.0,0.0,0.0,M7I2127,3.325,3600.0,-360.06
727,0.0,0.0,0.0,M7I2128,3.4477611940298507,4320.0,354.65
728,2240.0,11200.0,0.0,M7I2129,3.2,2963.9473684210525,354.92
729,1920.0,9600.0,0.0,M7I2130,4.2,3840.0,-355.63
730,1920.0,9600.0,0.0,M7I2131,3.5,3312.0833333333335,131.19
731,1920.0,9600.0,0.0,M7I2132,3.6,3311.978021978022,109.16
732,1920.0,9600.0,0.0,M7I2133,4.4,3834.0,-504.55
733,1920.0,9600.0,0.0,M7I2134,2.3,3834.0,1055.45
734,1920.0,9600.0,0.0,M7I2135,2.7071428571428573,3140.990990990991,848.81
735,1920.0,9600.0,0.0,M7I2136,2.4,2915.3571428571427,995.0
736,0.0,0.0,0.0,M7I2137,2.8705882352941177,4403.398058252427,1070.86
737,0.0,0.0,0.0,M7I2138,3.2375,3900.0,-161.42
738,0.0,0.0,0.0,M7I2139,2.803125,4500.0,1079.74
739,0.0,0.0,0.0,M7I2140,2.34375,4560.0,1470.48
740,0.0,0.0,0.0,M7I2141,2.771875,4305.588235294118,1054.28
741,0.0,0.0,0.0,M7I2142,2.8657142857142857,3900.0,161.83
742,0.0,0.0,0.0,M7I2143,2.9611111111111112,4642.761904761905,995.21
743,0.0,0.0,0.0,M7I2144,2.1638888888888888,3900.0,1525.87
744,0.0,0.0,0.0,M7I2145,3.203333333333333,3000.0,652.68
745,0.0,0.0,0.0,M7I2146,3.55625,4680.0,553.37
746,0.0,0.0,0.0,M7I2147,2.988888889,4037.9411764705883,904.21
747,0.0,0.0,0.0,M7I2148,1.982222222,3000.0,2003.94
748,0.0,0.0,0.0,M7I2149,3.2851851850000005,3000.0,486.93
749,1050.0,7770.0,0.0,M7I2150,3.3,2400.0,83.5
750,1050.0,7770.0,0.0,M7I2151,3.1,3717.0,349.32
751,1050.0,7770.0,0.0,M7I2152,3.35,3540.0,116.95
752,1050.0,7770.0,0.0,M7I2153,3.05,3540.0,401.31
753,1050.0,7770.0,0.0,M7I2154,2.8,2400.0,567.91
754,1050.0,7770.0,0.0,M7I2155,3.5,2340.0,56.43
755,0.0,0.0,0.0,M7I2156,3.8,3580.1901257283043,-43.81
756,0.0,0.0,0.0,M7I2157,3.4,4053.714285714286,295.39
757,0.0,0.0,0.0,M7I2158,3.6,4288.301886792453,120.65
758,0.0,0.0,0.0,M7I2159,1.6800000000000002,5377.222222222223,1327.21
759,0.0,0.0,0.0,M7I2160,1.5666666666666667,5274.074074074074,1293.0
760,0.0,0.0,0.0,M7I2161,2.4511111111111115,3780.0,835.69
761,2000.0,9200.0,0.0,M7I2162,2.542222222222222,2640.0,571.3
762,0.0,0.0,0.0,M7I2163,1.551923076923077,3960.0,1420.99
763,1400.0,10360.0,0.0,M7I2166,2.5,4200.0,1038.11
764,1400.0,10360.0,0.0,M7I2167,2.5,4410.0,205.61
765,1175.0,8695.0,0.0,M7I2168,2.1875,3779.982418686425,1210.74
766,1175.0,8695.0,0.0,M7I2169,1.8125,3780.0174194351125,1448.31
767,1400.0,10360.0,0.0,M7I2170,2.2399999999999998,2700.0,1373.13
768,1175.0,8695.0,0.0,M7I2171,1.988888888888889,3780.0382717292778,1351.55
769,1175.0,8695.0,0.0,M7I2172,1.776923076923077,3959.9851521900523,1638.82
770,1300.0,9620.0,0.0,M7I2173,1.6933333333333334,3959.989522624582,1721.33
771,0.0,0.0,0.0,M7I2174,2.43,5098.984771573604,1284.24
772,0.0,0.0,0.0,M7I2175,2.59,5215.217391304348,1132.28
773,0.0,0.0,0.0,M7I2176,2,4264.202657807309,1461.29
774,0.0,0.0,0.0,M7I2177,2.459999918937683,4283.90243902439,1125.68
775,0.0,0.0,0.0,M7I2178,2.8375000158945722,3075.0,106.79
776,0.0,0.0,0.0,M7I2179,3.4375,4283.958333333333,-1147.02
777,0.0,0.0,0.0,M7I2180,2.23,3840.0,1290.53
778,0.0,0.0,0.0,M7I2182,2.6862500000000002,2220.0,947.94
779,0.0,0.0,0.0,M7I2183,3.8146874999999993,4500.0,330.49
780,0.0,0.0,0.0,M7I2184,3.5370000000000004,2220.0,315.95
781,0.0,0.0,0.0,M7I2185,3.5774999999999997,3468.0,360.39
782,0.0,0.0,0.0,M7I2186,1.5891891891891892,4653.6,2525.0
783,0.0,0.0,0.0,M7I2187,1.5192307692307692,5291.4,2560.11
784,0.0,0.0,0.0,M7I2188,2.1115384615384616,3655.8,1974.12
785,0.0,0.0,0.0,M7I2189,1.4675675675675675,3750.6666666666665,2562.38
786,0.0,0.0,0.0,M7I2190,3.17,3600.0,826.22
787,0.0,0.0,0.0,M7I2192,2.8,2760.00702247191,-113.13
788,0.0,0.0,0.0,M7I2193,3.1818181818181817,4320.0,689.97
789,0.0,0.0,0.0,M7I2194,1.825,3780.0,-7.88
790,0.0,0.0,0.0,M7I2195,1.5182795698924731,3780.0,157.5
791,0.0,0.0,0.0,M7I2196,3.2,3300.0,-53.86
792,0.0,0.0,0.0,M7I2198,3.4,3000.0,-550.94
793,0.0,0.0,0.0,M7I2199,3,2760.0,158.85
794,0.0,0.0,0.0,M7V2001,2.6719999999999997,3663.3333333333335,266.88
795,0.0,0.0,0.0,M7V2002,2.973170731707317,2593.846153846154,-90.65
796,0.0,0.0,0.0,M7V2003,2.5142857142857142,4148.231292517007,364.96
797,0.0,0.0,0.0,M7V2004,3.0808988764044942,3708.5227272727275,162.44
798,0.0,0.0,0.0,M7V2005,2.8587499999999997,1740.7692307692307,-46.05
799,0.0,0.0,0.0,M7V2006,2.5,1162.375,1056.86
800,0.0,0.0,0.0,M7V2007,4.6,3018.2,-1373.27
801,0.0,0.0,0.0,M7V2008,3.5487804878048776,2620.0,222.16
802,0.0,0.0,0.0,M7V2009,4.5285714285714285,2134.5,-510.9
803,0.0,0.0,0.0,M7V2010,5,2763.0,-811.34
804,0.0,0.0,0.0,M7V2011,4.6,3497.4418604651164,-1247.12
805,0.0,0.0,0.0,M7V2012,4.8,4758.4,-519.56
806,0.0,0.0,0.0,M7V2013,5.5,1647.4615384615386,-577.56
807,0.0,0.0,0.0,M7V2014,3.4,2910.8571428571427,561.83
808,0.0,0.0,0.0,M7V2015,2.5,6041.796875,996.76
809,0.0,0.0,0.0,M7V2016,2.5,5181.12676056338,908.8
810,0.0,0.0,0.0,M7V2017,2.551489361702128,4672.826086956522,993.89
811,0.0,0.0,0.0,M7V2018,2.3996666666666657,4283.666666666667,1038.15
812,0.0,0.0,0.0,M7V2019,2.80340909090909,4112.747252747253,834.37
813,0.0,0.0,0.0,M7V2023,4.5,3685.6190476190477,-493.88
814,0.0,0.0,0.0,M7V2024,2.5,5446.666666666667,1135.37
815,0.0,0.0,0.0,M7V2025,4.5,3197.3333333333335,-1146.97
816,0.0,0.0,0.0,M7V2026,4.8,4785.333333333333,-665.73
817,0.0,0.0,0.0,M7V2027,5.3,4104.833333333333,-1427.07
818,0.0,0.0,0.0,M7V2028,4.6,3308.9166666666665,-1074.05
819,0.0,0.0,0.0,M7V2029,2.5,4416.88,1255.56
820,0.0,0.0,0.0,M7V2030,2.5,4351.727272727273,914.34
821,0.0,0.0,0.0,M7V2031,2.5,3427.2727272727275,820.02
822,0.0,0.0,0.0,M7V2032,2.5,2931.276595744681,689.96
823,0.0,0.0,0.0,M7V2033,2.5,4662.738095238095,-194.42
824,0.0,0.0,0.0,M7V2034,2.5,4016.076923076923,1248.87
825,0.0,0.0,0.0,M7V2036,2.3162500000000006,4349.313725490196,1426.97
826,0.0,0.0,0.0,M7V2037,3.5,4907.058823529412,295.28
827,0.0,0.0,0.0,M7V2038,3.65,5416.976744186047,218.81
828,0.0,0.0,0.0,M7V2042,4.5,1172.1951219512196,-1727.93
829,0.0,0.0,0.0,M7V2043,4.5,1517.857142857143,-670.44
830,0.0,0.0,0.0,M7V2044,2.5,1326.7241379310344,754.15
831,0.0,0.0,0.0,M7V2047,4.5,1112.5,-917.13
832,0.0,0.0,0.0,M7V2050,4.5,4338.064516129032,-270.7
833,0.0,0.0,0.0,M7V2051,4.015,4040.9836065573772,78.11
834,0.0,0.0,0.0,M7V2052,3.505,3475.0819672131147,498.02
835,0.0,0.0,0.0,M7V2055,2.9016666666666664,5914.347826086957,1119.41
836,0.0,0.0,0.0,M7V2059,2.8,709.080459770115,363.12
837,0.0,0.0,0.0,M7V2060,3.4,659.2592592592592,-162.48
838,0.0,0.0,0.0,M7V2061,0.95,1753.4193548387098,1640.06
839,0.0,0.0,0.0,M7V2062,3.4274509803921567,3134.266666666667,675.88
840,0.0,0.0,0.0,M7V2063,3.254545455,3002.2,518.34
841,0.0,0.0,0.0,M7V2064,3.25,1616.8,-65.3
842,0.0,0.0,0.0,M7V2065,3.727576923076923,1947.625,183.82
843,0.0,0.0,0.0,M7V2066,2.8793666666666664,5128.16,887.96
844,0.0,0.0,0.0,M7V2067,2.5,3306.0,1106.38
845,0.0,0.0,0.0,M7V2071,2.5,4511.190476190476,1260.4
846,0.0,0.0,0.0,M7V2072,2.5,2666.1946902654868,266.63
847,0.0,0.0,0.0,M7V2101,2.5,3772.0,1094.49
848,0.0,0.0,0.0,M7V2102,2.5,2601.6666666666665,635.65
849,0.0,0.0,0.0,M7V2103,2.5,3053.269230769231,1501.11
850,0.0,0.0,0.0,M7V2104,2.5,4177.278911564626,1610.33
851,0.0,0.0,0.0,M7V2105,2.5,5090.795454545455,1598.43
852,0.0,0.0,0.0,M7V2108,2.5,5512.4358974358975,1063.82
853,0.0,0.0,0.0,M7V2109,3.1,4983.529411764706,889.29
854,2400.0,12000.0,0.0,M7V2110,2.3,3888.235294117647,1379.92
855,4000.0,10800.0,3200.0,M7V2111,2.5,3704.0,995.51
856,4000.0,10800.0,3200.0,M7V2112,2.5,3497.28,932.95
857,0.0,0.0,0.0,M7V2115,2.9285714285714284,4616.96,1131.2
858,0.0,0.0,0.0,M7V2116,3.9,3886.2727272727275,183.79
859,0.0,0.0,0.0,M7V2117,3.54,3330.909090909091,497.31
860,0.0,0.0,0.0,M7V2118,3.657142857142857,3255.531914893617,567.74
861,0.0,0.0,0.0,M7V2119,3.3125,3063.214285714286,742.46
862,0.0,0.0,0.0,M7V2120,2.5,4475.555555555556,2027.96
863,0.0,0.0,0.0,M7V2121,2.5,5371.75,434.41
864,0.0,0.0,0.0,M7V2122,2.5,2817.2,1367.99
865,0.0,0.0,0.0,M7V2123,2.5,2083.6363636363635,1269.01
866,0.0,0.0,0.0,M7V2124,2.5,3650.0,-402.67
867,0.0,0.0,0.0,M7V2125,2.5,3275.1162790697676,1324.09
868,0.0,0.0,0.0,M7V2126,2.5,1897.0666666666666,-408.64
869,0.0,0.0,0.0,M7V2127,2.5,4888.307692307692,-346.99
870,0.0,0.0,0.0,M7V2128,2.5,4826.285714285715,384.3
871,0.0,0.0,0.0,M7V2129,3.671951219512195,4457.802197802198,333.95
872,0.0,0.0,0.0,M7V2130,3.3425,4876.25,727.1
873,0.0,0.0,0.0,M7V2131,3.2488549618320612,3373.90625,764.59
874,0.0,0.0,0.0,M7V2132,3.479710144927536,4218.732394366197,563.84
875,0.0,0.0,0.0,M7V2133,2.5,3576.0833333333335,1189.74
876,0.0,0.0,0.0,M7V2134,2.5,4474.75,695.54
877,0.0,0.0,0.0,M7V2137,3.2700000000000005,2789.3865030674847,1626.4
878,0.0,0.0,0.0,M7V2138,2.5,2333.3333333333335,1198.62
879,0.0,0.0,0.0,M7V2139,2.5,2713.217391304348,1555.52
880,0.0,0.0,0.0,M7V2140,2.5,3573.9622641509436,1550.66
881,0.0,0.0,0.0,M7V2141,2.5,2113.3333333333335,1198.42
882,0.0,0.0,0.0,M7V2142,2.5,4063.2380952380954,654.06
883,0.0,0.0,0.0,M7V2143,2.5,3128.9166666666665,-499.54
884,0.0,0.0,0.0,M7V2144,2.5,5575.166666666667,62.84
885,0.0,0.0,0.0,M7V2145,2.5,4855.428571428572,922.66
886,0.0,0.0,0.0,M7V2146,2.5,2928.6153846153848,687.7
887,0.0,0.0,0.0,M7V2147,2.5,5445.166666666667,1101.12
888,0.0,0.0,0.0,M7V2148,4.3575,1979.6,-238.45
889,0.0,0.0,0.0,M7V2149,4.404999999999999,2234.8837209302324,-258.51
890,0.0,0.0,0.0,M7V2150,4.154999999999999,2264.8888888888887,-54.1
891,0.0,0.0,0.0,M7V2151,1.8,3133.4,1597.46
892,0.0,0.0,0.0,M7V2153,3,2660.764705882353,749.88
893,0.0,0.0,0.0,M7V2154,3.5,4833.777777777777,432.04
894,0.0,0.0,0.0,M7V2155,4.3,3062.7118644067796,-1917.69
895,0.0,0.0,0.0,M7V2156,2.3,5243.2,1469.79
896,0.0,0.0,0.0,M7V2157,1.78,2749.181818181818,1645.88
897,0.0,0.0,0.0,M7V2158,1.7100000000000002,2321.1111111111113,1615.81
898,0.0,0.0,0.0,M7V2159,4,3037.1666666666665,211.31
899,1028.0,7710.0,11150.0,M8V2101,2.006896551724138,3013.9823008849557,1563.34
900,1028.0,7710.0,11150.0,M8V2102,1.9853658536585368,2443.9024390243903,1375.42
901,0.0,0.0,0.0,M8V2112,2.7416666666666667,1769.91452991453,836.03
902,0.0,0.0,0.0,M8V2113,2.665,2681.101694915254,532.7
903,0.0,0.0,0.0,M8V2114,1.5399999999999987,4786.795626576955,-30.27
904,0.0,0.0,0.0,M8V2115,2.02,6155.9255631733595,-384.02
905,0.0,0.0,0.0,M8V2117,3.9115384615384614,3988.2051282051284,-356.59
906,0.0,0.0,0.0,M8V2119,3.832,3622.1794871794873,-324.7
907,0.0,0.0,0.0,M8V2123,2.5,1901.2676056338028,798.82
908,0.0,0.0,0.0,M8V2124,2.1864285714285714,3103.0434782608695,1417.4
909,0.0,0.0,0.0,M8V2125,2.4337999999999997,2567.4,1180.36
910,0.0,0.0,0.0,M8V2126,3.068571428571428,2592.8571428571427,780.88
911,0.0,0.0,0.0,M8V2127,2.563913043478261,1744.375,765.19
912,0.0,0.0,0.0,M8V2128,2.717777777777777,3425.8333333333335,871.47
913,0.0,0.0,0.0,M8V2129,2.5357142857142856,1985.3424657534247,1031.5
914,0.0,0.0,0.0,M8V2130,2.5846153846153843,2561.5789473684213,1705.3
915,1700.0,12580.0,0.0,M8V2131,4.611764705882353,5823.725490196079,-148.62
916,0.0,0.0,0.0,M8V2132,2.5,3183.6190476190477,175.9
917,2400.0,12000.0,0.0,M8V2138,4.1125,3032.3,-1866.87
918,0.0,0.0,0.0,M8V2139,2.5,4651.111111111111,1876.18
919,0.0,0.0,0.0,M8V2140,2.5,2872.0,1625.27
920,0.0,0.0,0.0,M8V2141,2.5,3122.7027027027025,1770.6
921,0.0,0.0,0.0,M8V2142,2.5,2338.75,1742.96
922,0.0,0.0,0.0,M8V2143,2.5,1939.7777777777778,1764.19
923,0.0,0.0,0.0,M8V2144,2.6,2013.25,562.63
924,0.0,0.0,0.0,M8V2145,2.4,2140.206896551724,1044.24
925,1700.0,12580.0,0.0,M8V2146,3.7,3327.5,456.16
926,1700.0,12580.0,0.0,M8V2148,4.88125,2681.75,-350.22
927,0.0,0.0,0.0,M8V2149,2.4337999999999997,1699.8,1076.78
928,1700.0,12580.0,0.0,M8V2150,5.9074074074074066,2829.6103896103896,-233.82
929,1600.0,12800.0,0.0,M8V2151,2.5,3215.714285714286,-665.62
930,9000.0,0.0,6000.0,M8V2152,2.5,1100.0,429.34
931,9000.0,0.0,6000.0,M8V2153,2.5,628.0,406.39
932,0.0,0.0,0.0,M8V2160,2.69,4587.384615384615,449.67
933,0.0,0.0,0.0,M8V2161,5.38,6741.676646706587,-1035.15
934,0.0,0.0,0.0,M8V2162,5.38,6482.275449101797,-1092.21
935,0.0,0.0,0.0,M8V2163,3.75,3372.6890756302523,-427.99
936,0.0,0.0,0.0,M8V2164,2.86,4358.666666666667,417.6
