,Field_Name,CO2_kg_per_Ha,Crop_Protection_Application_Doses,Soil_Organic_Matter,Yield_kg_per_Ha,Total_N,Total_P,Total_K,Season,Hybrid,Planned_Yield_kg_per_ha
0,M6I2035,-220.35,14.0,2.5,3049.333333333333,205.5,48.0,48.0,WINTER,DKB335PRO3,4700.0
1,M6I2036,3847.21,18.0,2.5,3575.055555555556,492.0,216.0,216.0,WINTER,DKB335PRO3,4700.0
2,M6I2037,415.52,13.0,2.5,3116.2,198.0,60.0,60.0,WINTER,DKB335PRO3,4700.0
3,M6I2009,724.51,9.0,2.5,7678.888888888889,202.4,95.2,96.0,WINTER,AG8480PRO3,6300.0
4,M6I2010,502.1,9.0,2.5,7756.363636363636,179.4,95.2,90.0,WINTER,AG8480PRO3,6300.0
5,M6I2011,539.27,10.0,2.5,8235.2,179.4,95.2,102.0,WINTER,AG8480PRO3,6300.0
6,M6I20175,814.34,9.0,2.5,8178.0,207.85000000000002,122.6,138.0,WINTER,AG8480PRO3,6300.0
7,M6I2022,549.46,10.0,2.5,7470.315789473684,179.95000000000002,97.8,102.0,WINTER,AG8480PRO3,6300.0
8,M6I20134,730.99,17.0,2.5,8674.7,177.5,75.0,140.0,WINTER,DKB255PRO3,6100.0
9,M6V2017,-246.74,14.0,3.69,7586.243386243387,170.2,0.0,0.0,SUMMER,AS1777PRO3,6200.0
10,M6V2018,219.02,20.0,3.38,7204.924242424243,179.4,0.0,90.0,SUMMER,AS1777PRO3,6200.0
11,M6I2015,407.45,9.0,2.5,5015.5,135.0,0.0,0.0,WINTER,AG8088PRO2,6500.0
12,M6I2016,314.58,15.0,2.5,11978.28125,99.55,119.6,0.0,WINTER,AG8065PRO3,10300.0
13,M6V2039,860.73,18.0,2.6814285714285715,11941.555555555557,148.5,0.0,0.0,SUMMER,AG7088PRO3,7000.0
14,M6V2040,799.98,17.0,2.6814285714285715,10673.777777777776,148.5,0.0,0.0,SUMMER,AG7088PRO3,7000.0
15,M7I2030,1048.51,15.0,2.5,8771.363636363636,206.0,104.0,120.0,WINTER,AG8780PRO3,5400.0
16,M7I2031,965.63,17.0,2.5,7753.2692307692305,196.8,104.0,120.0,WINTER,AG8780PRO3,5400.0
17,M7I2032,1019.04,20.0,2.5,8737.058823529413,209.8,85.0,90.0,WINTER,AG8780PRO3,5400.0
18,M7I2033,1034.53,19.0,2.5,8637.333333333334,196.8,104.0,120.0,WINTER,AG8780PRO3,5400.0
19,M7I2034,1211.95,16.0,2.5,5898.333333333333,229.0,104.0,108.0,WINTER,AG8088PRO2,6100.0
20,M7I2027,1238.38,23.0,2.5,6616.829268292683,217.0,156.0,90.0,WINTER,AG8480PRO3,6700.0
21,M7I2028,1107.38,19.0,2.5,5581.979166666667,214.7,156.0,108.0,WINTER,AG8480PRO3,6700.0
22,M7I2029,1084.94,19.0,2.5,5845.0,212.4,156.0,90.0,WINTER,AS1666PRO3,3200.0
23,M7V2036,1426.97,25.0,2.3162500000000006,6964.509803921569,211.88,114.4,120.0,SUMMER,AG9025PRO3,8600.0
24,M6V2074,-1118.18,15.0,3.320000000000001,11586.42857142857,23.0,75.9,0.0,SUMMER,AG8780PRO3,6300.0
25,M6V2075,-1069.08,15.0,3.05,6791.805555555556,23.0,75.9,0.0,SUMMER,AG8780PRO3,6300.0
26,M6V2076,-611.26,15.0,2.620000000000001,10860.333333333334,26.0,85.8,0.0,SUMMER,AG8780PRO3,6300.0
27,M6V2077,-562.59,15.0,2.5842857142857145,11823.36,23.5,77.55,0.0,SUMMER,AG8780PRO3,6300.0
28,M6I2017,124.6,14.0,2.5,6613.846153846154,99.55,119.6,0.0,WINTER,AG8088PRO2,6500.0
29,M6V2042,827.28,10.0,2.575555555555556,13583.214285714286,148.5,0.0,0.0,SUMMER,AG7088PRO3,7000.0
30,M6V2085,-37.64,13.0,2.5,7345.714285714285,74.25,0.0,0.0,SUMMER,DKB360PRO3,6000.0
31,M6V2086,58.13,15.0,2.47,8371.777777777777,74.25,0.0,0.0,SUMMER,DKB360PRO3,6000.0
32,M6V2019,456.65,20.0,2.5,5388.190476190476,144.82999999999998,1.56,90.0,SUMMER,DKB230PRO3,4700.0
33,M6V2020,585.01,18.0,2.3,6132.5,144.5,0.0,90.0,SUMMER,DKB230PRO3,4700.0
34,M6V2021,158.27,17.0,2.7,2694.6153846153848,144.5,0.0,90.0,SUMMER,DKB230PRO3,4700.0
35,M6V2022,312.2,18.0,2.2,3626.0416666666665,114.0,0.0,90.0,SUMMER,DKB230PRO3,4700.0
36,M6V2023,821.49,21.0,1.9,2272.0689655172414,144.5,0.0,90.0,SUMMER,DKB230PRO3,4700.0
37,M6V2024,550.49,15.0,2.2,4642.5,144.5,0.0,90.0,SUMMER,DKB230PRO3,4700.0
38,M6V2005,647.47,20.0,2.68,9017.383669885863,172.77999999999997,124.88000000000001,139.8,SUMMER,AG8700PRO3,4200.0
39,M6V2006,-370.11,14.0,2.68,7787.478108581436,71.36,123.84,139.8,SUMMER,AG8700PRO3,4200.0
40,M6I2049,-653.39,15.0,2.5,6687.857142857143,16.5,78.0,0.0,WINTER,AG8780PRO3,4800.0
41,M6V2073,575.44,16.0,3.03695652173913,8377.307692307691,198.0,105.0,176.0,SUMMER,AG7088RR2,8000.0
42,M6I20151,920.28,13.0,2.5,4854.146341463415,209.3,119.6,132.0,WINTER,3320RR2,4400.0
43,M6I2069,922.04,13.0,2.5,4907.093023255814,209.3,119.6,132.0,WINTER,3320RR2,4400.0
44,M6V2034,917.31,14.0,2.4,9935.121951219511,184.0,0.0,0.0,SUMMER,AS1757PRO3,6300.0
45,M6V2035,152.32,15.0,2.5,6537.954545454545,117.3,119.6,0.0,SUMMER,AS1757PRO3,6300.0
46,M6I2052,-841.28,15.0,2.5,3373.333333333333,0.0,0.0,90.0,WINTER,AS1633PRO3,4100.0
47,M6I20167,791.93,10.0,2.5,4364.0,220.0,108.0,150.0,WINTER,AS1844PRO3,5300.0
48,M6I20168,1052.09,16.0,2.5,7129.333333333333,220.0,108.0,270.0,WINTER,AS1844PRO3,5300.0
49,M2V2027,3214.68,16.0,2.5,3149.894736842105,386.45810000000006,337.3292,162.0,SUMMER,DKB363PRO3,2800.0
50,M6I2093,280.04,18.0,2.5,7101.0,25.3,119.6,120.0,WINTER,AG8480PRO3,6700.0
51,M6I2094,286.06,19.0,2.5,6639.666666666667,25.3,119.6,120.0,WINTER,AG8480PRO3,6700.0
52,M6I2095,1077.33,15.0,2.5,6489.5,25.3,119.6,120.0,WINTER,AG8480PRO3,6600.0
53,M6I2096,1258.23,21.0,2.5,8330.0,25.3,119.6,120.0,WINTER,AG8480PRO3,6700.0
54,M6I2097,1109.83,16.0,2.5,6873.333333333333,25.3,119.6,120.0,WINTER,AG8480PRO3,6600.0
55,M6I2098,1058.22,13.0,2.5,7185.0,25.3,119.6,120.0,WINTER,AG8480PRO3,6600.0
56,M6V2052,-82.91,9.0,2.86,5548.832116788321,219.7,0.0,0.0,SUMMER,AG7098PRO2,3100.0
57,M6I2038,-559.76,15.0,2.5,8398.99096068951,17.93,84.76,69.6,WINTER,DKB255PRO3,6600.0
58,M6I2041,-469.93,15.0,2.5,8854.282990603295,25.52,120.64,117.6,WINTER,DKB255PRO3,6600.0
59,M6I2042,-559.94,15.0,2.5,8654.46682839363,13.75,65.0,123.6,WINTER,DKB255PRO3,6600.0
60,M6I2043,-576.1,15.0,2.5,7692.449156209434,15.84,74.88,121.8,WINTER,DKB255PRO3,5900.0
61,M6I2044,167.25,15.0,2.5,9146.819955700876,108.1306,97.9992,105.0,WINTER,DKB255PRO3,6600.0
62,M6I2045,-517.03,15.0,2.5,8609.218436873747,20.5183,96.9956,111.6,WINTER,DKB255PRO3,6600.0
63,M6I2046,-492.96,15.0,2.5,8957.34126984127,23.87,112.84,82.8,WINTER,DKB255PRO3,6600.0
64,M6I2047,94.93,15.0,2.5,9069.224137931034,100.60000000000001,62.4,84.0,WINTER,DKB255PRO3,6500.0
65,M6I2048,147.03,15.0,2.5,9911.151736745886,100.60000000000001,62.4,145.99800000000002,WINTER,DKB255PRO3,6500.0
66,M2I2036,-598.51,15.0,2.5,7140.826446280992,22.0,104.0,0.0,WINTER,AG8480PRO3,6100.0
67,M2I2037,-563.55,15.0,2.5,8248.023952095808,22.0,104.0,0.0,WINTER,AG8480PRO3,6100.0
68,M2V2017,813.39,23.0,2.5,8683.153153153153,165.60000000000002,0.0,0.0,SUMMER,DKB290PRO3,4500.0
69,M6I20130,890.3,16.0,2.5,9297.166666666666,186.3,119.6,120.0,WINTER,AG8780PRO3,4800.0
70,M6I20131,40.85,15.0,2.5,8500.70588235294,94.3,119.6,120.0,WINTER,AG8780PRO3,4800.0
71,M7I2076,866.61,15.0,2.5,4653.882352941177,201.38,82.16,102.0,WINTER,AG9030PRO3,5700.0
72,M7I2077,1129.61,19.0,2.5,6022.033898305085,214.52,79.04,111.0,WINTER,AG9030PRO3,5700.0
73,M7I2078,1070.73,21.0,2.5,7221.714285714285,200.72,79.04,117.0,WINTER,AS1666PRO3,3300.0
74,M7V2067,1106.38,17.0,2.5,8185.222222222223,206.0,104.0,120.0,SUMMER,AG9030PRO3,4800.0
75,M6I20152,950.98,21.0,2.5,2361.45447983398,209.3,119.6,0.0,WINTER,DKB363PRO3,2900.0
76,M6I20153,1043.16,22.0,2.5,4633.441383036196,209.3,119.6,0.0,WINTER,DKB363PRO3,2900.0
77,M6I20154,423.63,13.0,2.5,4860.881277660189,163.3,119.6,0.0,WINTER,DKB363PRO3,2900.0
78,M6I20155,919.91,13.0,2.5,4996.134483998562,209.3,119.6,120.0,WINTER,DKB363PRO3,2900.0
79,M7I2024,870.74,20.0,2.5,5461.153846153846,188.26000000000002,107.12,120.0,WINTER,AS1777PRO3,3700.0
80,M7I2025,976.89,20.0,2.5,6461.785714285715,197.13,105.56,90.0,WINTER,AS1777PRO3,3600.0
81,M7I2026,881.41,18.0,2.5,7190.566037735849,187.93,105.56,120.0,WINTER,AS1777PRO3,3500.0
82,M7V2029,1255.56,25.0,2.5,8833.76,202.49999999999997,109.2,120.0,SUMMER,AG8700PRO3,4200.0
83,M7V2030,914.34,23.0,2.5,7752.909090909091,179.39999999999998,0.0,0.0,SUMMER,AG9025PRO3,8600.0
84,M7V2031,820.02,21.0,2.5,6075.0,179.39999999999998,0.0,0.0,SUMMER,AG9025PRO3,8600.0
85,M7V2032,689.96,15.0,2.5,5848.510638297872,179.39999999999998,0.0,0.0,SUMMER,AG9025PRO3,7800.0
86,M7V2033,-194.42,18.0,2.5,8117.5,59.8,0.0,0.0,SUMMER,AG9025PRO3,8600.0
87,M7V2034,1248.87,26.0,2.5,7974.7692307692305,202.49999999999997,109.2,120.0,SUMMER,DKB265PRO3,6300.0
88,M6I2012,-577.94,15.0,2.5,7512.5,22.0,104.0,72.0,WINTER,DKB255PRO3,6200.0
89,M6I2013,163.09,15.0,2.5,8578.942307692309,114.0,104.0,72.0,WINTER,DKB255PRO3,6200.0
90,M6I2014,496.51,15.0,2.5,7708.988764044944,204.0,104.0,72.0,WINTER,DKB255PRO3,6200.0
91,M7V2023,-493.88,13.0,4.5,8476.666666666666,201.6,83.2,120.0,SUMMER,AS1868PRO3,5800.0
92,M7V2024,1135.37,16.0,2.5,11399.537037037036,200.5,78.0,120.0,SUMMER,AG7088PRO3,7000.0
93,M7V2025,-1146.97,23.0,4.5,6534.5,114.0,104.0,120.0,SUMMER,AG8480PRO3,5900.0
94,M7V2026,-665.73,15.0,4.8,9130.47619047619,200.5,78.0,120.0,SUMMER,AG7088PRO3,8000.0
95,M7V2027,-1427.07,19.0,5.3,8814.416666666666,108.5,78.0,108.0,SUMMER,DKB290PRO3,4400.0
96,M7V2028,-1074.05,28.0,4.6,7668.5,115.1,109.2,120.0,SUMMER,DKB290PRO3,4600.0
97,M7I2012,1102.21,20.0,2.5,8712.75,201.6,83.2,108.0,WINTER,AG8480PRO3,6600.0
98,M7I2013,1018.44,16.0,2.5,8740.93023255814,201.6,83.2,102.0,WINTER,AG8480PRO3,6700.0
99,M7I2014,1009.29,16.0,2.5,6153.333333333333,208.3,104.0,120.0,WINTER,DKB265PRO3,4400.0
100,M7I2015,961.43,13.0,2.5,7102.875,207.28,114.4,108.0,WINTER,DKB265PRO3,4400.0
101,M7I2016,1064.11,15.0,2.5,9339.53846153846,206.35999999999999,114.4,108.0,WINTER,AG8780PRO3,5600.0
102,M7I2017,1038.79,15.0,2.5,9348.25,203.7,104.0,108.0,WINTER,AG8780PRO3,5600.0
103,M7I2018,876.16,12.0,2.5,5494.769230769231,205.89999999999998,114.4,108.0,WINTER,DKB265PRO3,4400.0
104,M7I2035,1058.31,15.0,2.5,8804.222222222223,208.2,114.4,90.0,WINTER,DKB255PRO3,6600.0
105,M7V2006,1056.86,20.0,2.5,2369.875,212.79999999999998,114.4,132.0,SUMMER,AG9025PRO3,8300.0
106,M7V2007,-1373.27,14.0,4.6,6683.4,116.76,104.0,132.0,SUMMER,AS1633PRO3I,5400.0
107,M7V2008,222.16,13.0,3.5487804878048776,6931.454545454545,207.38,104.0,126.0,SUMMER,AS1633PRO3I,5400.0
108,M7V2009,-510.9,16.0,4.5285714285714285,4167.25,209.68,104.0,120.0,SUMMER,AG9025PRO3,8600.0
109,M7V2010,-811.34,16.0,5.0,6390.0,207.38,104.0,126.0,SUMMER,AS1633PRO3I,5400.0
110,M7V2011,-1247.12,17.0,4.6,9002.558139534884,116.3,104.0,120.0,SUMMER,AS1633PRO3I,5400.0
111,M7V2012,-519.56,19.0,4.8,8598.533333333333,208.3,104.0,132.0,SUMMER,DKB360PRO3,6000.0
112,M7V2013,-577.56,14.0,5.5,4279.2307692307695,214.17999999999998,114.4,120.0,SUMMER,AG7098PRO2,3000.0
113,M7V2014,561.83,24.0,3.4,6122.857142857143,210.5,114.4,122.4,SUMMER,AG7098PRO2,3000.0
114,M4V2061,181.96,17.0,2.5,7146.2,108.94239999999999,5.2,90.0,SUMMER,2200RR2,5900.0
115,M6V2050,-1724.9,9.0,4.05,5607.727272727273,97.83,36.56,115.0,SUMMER,AG8061PRO2,5200.0
116,M6V2051,-1769.89,12.0,4.2,5769.565217391304,97.83,36.56,115.0,SUMMER,AG8061PRO2,5200.0
117,M6V2043,1628.68,13.0,0.15,5491.818181818182,224.5,87.5,132.5,SUMMER,AS1666PRO3,6000.0
118,M6V2044,394.27,11.0,1.6800000000000002,4162.266666666666,224.5,87.5,132.5,SUMMER,AS1666PRO3,6000.0
119,M2I2029,592.87,8.0,2.5,8261.25,174.8,0.0,120.0,WINTER,AS1820PRO3,6200.0
120,M2I2030,678.78,13.0,2.5,7737.6,174.8,0.0,120.0,WINTER,AS1820PRO3,6200.0
121,M2I2031,662.85,11.0,2.5,8530.0,174.8,0.0,120.0,WINTER,AS1820PRO3,6200.0
122,M4V2043,-325.26,23.0,2.5,9476.136363636362,52.65,2.6,50.0,SUMMER,DKB240PRO3,7900.0
123,M4V2044,198.65,20.0,2.16,8895.888888888889,152.25,141.2,95.0,SUMMER,DKB240PRO3,7900.0
124,M7V2047,-917.13,10.0,4.5,3853.25,184.0,0.0,0.0,SUMMER,AG9030PRO3,4800.0
125,M6V2045,-900.04,11.0,3.61,4908.617021276596,227.0,87.5,135.0,SUMMER,AS1666PRO3,6000.0
126,M2I2021,786.73,12.0,2.5,8271.533333333333,192.2,104.0,0.0,WINTER,AG8480PRO3,6500.0
127,M2I2023,793.47,12.0,2.5,8546.5625,192.2,104.0,0.0,WINTER,AG8480PRO3,6500.0
128,M2I2033,706.08,11.0,2.5,7845.057471264367,187.6,104.0,0.0,WINTER,AG8480PRO3,6500.0
129,M2V2014,657.14,14.0,2.5,9572.19512195122,165.60000000000002,0.0,0.0,SUMMER,AG8780PRO,4500.0
130,M6V2068,194.58,15.0,2.47,8051.103448275862,170.2,0.0,0.0,SUMMER,AS1844PRO3,7000.0
131,M4V2011,985.51,15.0,2.5,11175.0,189.06,0.0,81.0,SUMMER,AG8480PRO3,7700.0
132,M7V2059,363.12,14.0,2.8,1808.9655172413795,184.0,0.0,0.0,SUMMER,DKB363PRO3,3400.0
133,M7V2060,-162.48,10.0,3.4,1880.3703703703704,184.0,0.0,0.0,SUMMER,DKB363PRO3,3400.0
134,M7V2061,1640.06,12.0,0.95,3533.032258064516,184.0,0.0,0.0,SUMMER,DKB363PRO3,3400.0
135,M7V2037,295.28,24.0,3.5,9614.21568627451,184.0,0.0,0.0,SUMMER,DKB265PRO3,6300.0
136,M7V2038,218.81,24.0,3.65,10724.651162790698,184.0,0.0,0.0,SUMMER,DKB265PRO3,6300.0
137,M4V2007,996.19,15.0,2.726315789473684,7468.25,216.2,0.0,132.0,SUMMER,DKB230PRO3,5600.0
138,M4V2008,-476.89,15.0,4.366666666666666,8269.0,188.6,0.0,130.8,SUMMER,DKB230PRO3,5900.0
139,M4V2009,-152.04,14.0,4.057142857142857,7913.676470588235,202.4,0.0,105.0,SUMMER,DKB230PRO3,5600.0
140,M4V2010,-204.65,11.0,4.1875,7487.333333333333,212.98,0.0,130.8,SUMMER,DKB230PRO3,5900.0
141,M6V2078,-181.11,21.0,2.9,8008.279569892473,92.0,0.0,0.0,SUMMER,AG8061,4600.0
142,M4V2045,-8.44,18.0,4.1,9278.87323943662,209.5,98.8,78.0,SUMMER,AG8070PRO3,5600.0
143,M4V2046,304.35,17.0,3.6,8073.271889400922,209.5,98.8,78.0,SUMMER,AG8070PRO3,5600.0
144,M4V2047,795.7,10.0,2.5,8596.428571428572,188.6,0.0,78.0,SUMMER,AG8070PRO3,5600.0
145,M4V2048,122.23,12.0,3.4,7139.943342776204,188.6,0.0,78.0,SUMMER,AG8070PRO3,5600.0
146,M4V2049,247.1,10.0,3.2,7688.983050847458,188.6,0.0,78.0,SUMMER,AG8070PRO3,5600.0
147,M4V2050,-380.29,9.0,4.0,6271.578947368421,188.6,0.0,156.0,SUMMER,AG8070PRO3,5600.0
148,M4V2051,763.64,8.0,2.5,7861.712439418417,188.6,0.0,156.0,SUMMER,AG8070PRO3,5600.0
149,M4V2052,742.03,10.0,2.5,6892.428198433421,188.6,0.0,78.0,SUMMER,AG8070PRO3,5600.0
150,M2V2016,-271.76,17.0,2.5,4977.743902439024,62.1,0.0,60.0,SUMMER,DKB363PRO3,2800.0
151,M2I2034,-704.27,21.0,2.5,4886.357142857143,0.44,2.08,0.0,WINTER,AS1844PRO3,6400.0
152,M6V2011,-358.9,24.0,3.911538461538461,8106.282051282052,157.88,119.68,120.0,SUMMER,AS1777PRO3,6200.0
153,M6V2012,973.03,25.0,3.124137931034483,6564.48717948718,236.29999999999998,120.72000000000001,120.0,SUMMER,AS1777PRO3,6000.0
154,M6V2013,-551.39,24.0,3.832,6561.538461538462,134.88,119.68,120.0,SUMMER,AS1777PRO3,6000.0
155,M6V2066,748.4,24.0,2.007894736842105,7302.051282051282,125.68,119.68,120.0,SUMMER,AS1777PRO3,6200.0
156,M2I2008,1060.97,19.0,2.5,8715.555555555555,210.0,119.6,120.0,WINTER,DKB255PRO3,6300.0
157,M2I2009,490.6,19.0,2.5,8331.743119266055,145.6,119.6,240.0,WINTER,DKB255PRO3,6300.0
158,M2I2010,-85.83,18.0,2.5,8048.495575221239,85.8,119.6,120.0,WINTER,DKB255PRO3,6300.0
159,M2I2011,-213.99,16.0,2.5,8352.192982456141,59.8,0.0,120.0,WINTER,DKB255PRO3,6300.0
160,M2I2012,-534.9,17.0,2.5,8712.521739130434,26.0,119.6,120.0,WINTER,DKB255PRO3,6300.0
161,M6I20174,-623.14,15.0,2.5,6688.068181818182,33.0,99.0,105.0,WINTER,DKB360PRO3,5200.0
162,M6I2025,-59.9,15.0,2.5,7028.653846153846,206.0,78.0,90.0,WINTER,DKB360PRO3,5200.0
163,M6I2026,-666.04,15.0,2.5,5214.333333333333,35.0,105.0,97.8,WINTER,DKB360PRO3,5300.0
164,M6I2027,-621.57,15.0,2.5,6849.423076923077,33.0,99.0,96.0,WINTER,DKB360PRO3,5200.0
165,M6I2028,-631.81,15.0,2.5,6524.180327868852,33.0,99.0,96.0,WINTER,DKB360PRO3,5200.0
166,M6I2029,-649.24,15.0,2.5,7230.178571428572,33.0,99.0,0.0,WINTER,DKB360PRO3,5200.0
167,M6I2030,-645.24,15.0,2.5,5972.533333333334,33.0,99.0,106.2,WINTER,DKB360PRO3,5300.0
168,M6V2025,649.19,15.0,2.63,4640.0,184.0,0.0,120.0,SUMMER,AS1757PRO3,6300.0
169,M6V2026,674.23,15.0,2.6480952380952383,5855.384615384615,184.0,0.0,120.0,SUMMER,AS1757PRO3,0.0
170,M4V2062,-1225.34,9.0,3.896808510638298,4618.734177215189,92.0,0.0,120.0,SUMMER,DKB230PRO3,5600.0
171,M4V2063,-1563.34,8.0,3.537352933705884,7924.310344827586,0.0,0.0,120.0,SUMMER,DKB230PRO3,5900.0
172,M4V2064,56.49,15.0,2.9929411764705884,7826.333333333333,138.0,0.0,120.0,SUMMER,DKB230PRO3,5600.0
173,M6V2028,1184.99,9.0,2.11,7948.108108108108,202.3,130.0,120.0,SUMMER,DKB177PRO3,6000.0
174,M6V2029,-208.48,15.0,2.11,11160.81081081081,26.4,242.4,0.0,SUMMER,DKB177PRO3,7400.0
175,M6V2030,233.08,15.0,1.98,9598.395061728395,108.5,130.0,120.0,SUMMER,DKB177PRO3,6000.0
176,M6V2031,44.18,15.0,1.98,11270.487804878048,27.5,130.0,120.0,SUMMER,DKB177PRO3,6500.0
177,M6V2046,-558.69,10.0,4.8,11369.0,211.6,0.0,162.0,SUMMER,DKB290PRO3,6700.0
178,M6V2047,-689.42,14.0,4.0,10479.545454545454,128.8,0.0,165.0,SUMMER,DKB290PRO3,6700.0
179,M6V2069,-679.33,12.0,3.3,9809.285714285714,82.8,0.0,0.0,SUMMER,DKB290PRO3,6700.0
180,M6V2091,-624.06,8.0,3.41,5019.090909090909,119.6,0.0,168.0,SUMMER,AG7098PRO2,5600.0
181,M6I20140,238.65,23.0,2.5,3991.285714285714,120.6,135.2,90.0,WINTER,DKB265PRO3,3800.0
182,M6V2079,495.01,15.0,2.91,6495.0,188.6,0.0,0.0,SUMMER,DKB390PRO2,6900.0
183,M2V2011,953.79,21.0,2.5,8188.333333333333,186.3,0.0,0.0,SUMMER,DKB290PRO3,4500.0
184,M2V2012,797.78,20.0,2.7,8609.418604651162,186.3,0.0,0.0,SUMMER,DKB290PRO3,4500.0
185,M7I2045,1069.84,20.0,2.5,9939.23076923077,199.6,115.44,108.0,WINTER,AG8065PRO3,9500.0
186,M7I2098,1088.29,16.0,2.5,8619.411764705883,215.2,230.88,216.0,WINTER,AS1820PRO3,6100.0
187,M7I2005,593.5,22.0,2.5,7023.560209424084,148.5,104.0,120.0,WINTER,AG8700PRO3,4800.0
188,M7I2006,361.95,14.0,2.5,4494.579439252337,149.88,104.0,120.0,WINTER,AG8700PRO3,4800.0
189,M7I2007,389.23,15.0,2.5,4455.333333333333,150.8,104.0,120.0,WINTER,AG8700PRO3,4800.0
190,M7I2008,2634.56,46.0,2.5,4699.090909090909,299.0,239.2,240.0,WINTER,AG8700PRO3,4800.0
191,M7I2009,536.26,18.0,2.5,6549.430894308943,153.0,114.4,120.0,WINTER,AG8700PRO3,4800.0
192,M2I2024,788.37,15.0,2.5,6563.369565217391,192.00000000000003,124.8,0.0,WINTER,DKB265PRO3,5200.0
193,M2I2047,755.18,15.0,2.5,5513.484848484848,192.00000000000003,124.8,0.0,WINTER,AG8480PRO3,6500.0
194,M2V2013,786.2,23.0,2.5,7827.023809523809,165.60000000000002,0.0,0.0,SUMMER,AG8480PRO3,6500.0
195,M6V2037,205.85,11.0,3.405,12768.0,148.5,0.0,0.0,SUMMER,AG7088PRO3,7000.0
196,M6V2038,72.04,14.0,3.5666666666666678,10385.2,148.5,0.0,0.0,SUMMER,AG9025PRO3,8600.0
197,M6V2041,363.87,10.0,3.0591666666666666,10293.333333333334,148.5,0.0,0.0,SUMMER,AG9025PRO3,8600.0
198,M2V2030,-62.67,19.0,2.5,8847.784431137725,83.1,0.0,21.0,SUMMER,AG8480PRO3,6500.0
199,M2V2026,1275.25,18.0,1.975555555555556,6968.59375,185.38,0.0,99.6,SUMMER,DKB290PRO3,4500.0
200,M6V2053,562.77,18.0,1.95,8166.7692307692305,120.916,126.0,72.0,SUMMER,AS1757PRO3,6300.0
201,M6V2084,-83.87,14.0,2.53,8788.2,84.64,0.0,0.0,SUMMER,AS1757PRO3,6300.0
202,M6I20115,750.63,10.0,2.5,6532.359550561798,199.0,90.0,132.0,WINTER,AG9050PRO3,3600.0
203,M6I20116,854.15,14.0,2.5,7361.186440677966,199.0,90.0,120.0,WINTER,AG9050PRO3,3600.0
204,M6I20117,814.24,14.0,2.5,6310.833333333333,197.3,79.8,125.6,WINTER,AG9050PRO3,3600.0
205,M6I20103,-469.06,13.0,2.5,4554.6875,81.5,130.0,120.0,WINTER,DKB363PRO3,3000.0
206,M6I20104,-714.94,11.0,2.5,4720.0,54.0,0.0,120.0,WINTER,DKB363PRO3,3000.0
207,M6I20105,-679.61,12.0,2.5,5190.5,54.0,0.0,120.0,WINTER,DKB363PRO3,3000.0
208,M6I20106,-619.52,15.0,2.5,5149.032258064516,54.0,0.0,120.0,WINTER,DKB363PRO3,3000.0
209,M6I20129,-708.67,15.0,2.5,3658.707482993197,22.0,104.0,0.0,WINTER,DKB363PRO3,3000.0
210,M7I2052,910.12,17.0,2.5,2904.9333333333334,206.66,107.12,120.0,WINTER,DKB265PRO3,3800.0
211,M7I2053,1076.07,18.0,2.5,6827.5,208.86,117.52,120.0,WINTER,AG8700PRO3,4800.0
212,M7I2054,1060.16,17.0,2.5,6970.333333333333,208.86,117.52,120.0,WINTER,AG8700PRO3,4800.0
213,M2I2001,349.85,14.0,2.5,7955.7,170.4,0.0,108.0,WINTER,AS1777PRO3,4800.0
214,M2I2002,488.41,18.0,2.5,8902.285714285714,176.4,0.0,114.0,WINTER,AS1777PRO3,4800.0
215,M2I2003,462.26,20.0,2.5,7622.285714285715,170.4,0.0,108.0,WINTER,AS1777PRO3,4800.0
216,M7I2040,334.79,21.0,2.5,6999.6,100.87,85.04,112.2,WINTER,AG8061PRO2,3500.0
217,M7I2041,352.49,25.0,2.5,4735.714285714285,101.19999999999999,86.60000000000001,123.6,WINTER,AG8061PRO2,3800.0
218,M7I2042,358.37,21.0,2.5,3013.333333333333,114.25999999999999,84.52000000000001,125.4,WINTER,AG8061PRO2,3800.0
219,M7I2043,375.07,21.0,2.5,3551.1428571428573,114.25999999999999,84.52000000000001,124.8,WINTER,AG8061PRO2,3800.0
220,M7I2044,300.12,25.0,2.5,2687.872340425532,103.75999999999999,106.72,118.8,WINTER,DKB265PRO3,4300.0
221,M7I2046,275.9,25.0,2.5,2283.913043478261,101.19999999999999,86.60000000000001,125.4,WINTER,DKB265PRO3,4300.0
222,M7V2001,266.88,21.0,2.672,6693.333333333333,100.1,52.0,120.0,SUMMER,AS1666PRO3,6000.0
223,M7V2002,-90.65,21.0,2.973170731707317,4595.641025641025,93.1,57.2,138.0,SUMMER,AS1666PRO3,6000.0
224,M7V2003,364.96,22.0,2.5142857142857142,7292.993197278912,94.2,62.4,138.0,SUMMER,AS1666PRO3,0.0
225,M7V2004,162.44,21.0,3.0808988764044942,5827.272727272727,142.05,57.2,138.0,SUMMER,AS1666PRO3,0.0
226,M7V2005,-46.05,22.0,2.85875,3322.1153846153848,89.1,0.0,120.0,SUMMER,DKB363PRO3,3400.0
227,M6I20111,735.25,13.0,2.5,6178.769230769231,186.3,119.6,132.0,WINTER,3320RR2,4600.0
228,M6V2036,955.36,15.0,3.3,8398.301886792453,255.3,119.6,0.0,SUMMER,AS1757PRO3,6300.0
229,M4V2058,1747.49,17.0,2.0465306122448976,9726.80412371134,230.553,5.2,102.0,SUMMER,DKB265PRO3,7600.0
230,M6V2054,-311.7,15.0,2.5,9637.820512820514,46.0,0.0,0.0,SUMMER,DKB345PRO3,5600.0
231,M4V2067,1940.39,16.0,1.35,7184.255319148936,220.244,5.2,136.026,SUMMER,DKB230PRO3,5900.0
232,M7I20100,555.93,15.0,2.5,6447.166666666667,169.5,0.0,0.0,WINTER,DKB360PRO3,6000.0
233,M7I20101,536.12,13.0,2.5,7114.615384615385,169.5,0.0,0.0,WINTER,DKB360PRO3,6000.0
234,M7I2058,675.28,15.0,2.5,10225.818181818182,169.5,0.0,0.0,WINTER,AG8065PRO3,8900.0
235,M7I2059,620.22,16.0,2.5,7836.022727272727,169.5,0.0,0.0,WINTER,DKB290PRO3,6600.0
236,M7I2060,602.91,16.0,2.5,7288.921568627451,169.5,0.0,0.0,WINTER,DKB290PRO3,6600.0
237,M7I2061,564.37,13.0,2.5,8016.542056074766,169.5,0.0,0.0,WINTER,DKB290PRO3,6600.0
238,M4V2028,728.41,8.0,2.476,7036.571428571428,188.6,0.0,90.0,SUMMER,DKB230PRO3,5900.0
239,M2I2025,950.38,20.0,2.5,8445.285714285714,274.6,119.6,132.0,WINTER,AS1844PRO3,6500.0
240,M2I2026,46.64,17.0,2.5,7234.375,192.9,124.8,132.0,WINTER,AS1844PRO3,6500.0
241,M2I2027,23.35,18.0,2.5,5850.181818181818,192.9,124.8,132.0,WINTER,AS1844PRO3,6500.0
242,M2V2015,-590.36,15.0,2.8,5688.578947368421,55.2,0.0,0.0,SUMMER,AG8780PRO3,4500.0
243,M6I20142,-153.03,15.0,2.5,7211.111111111111,96.5,56.0,128.0,WINTER,AS1844PRO3,6300.0
244,M6I20143,-170.33,15.0,2.5,6667.222222222223,96.5,56.0,128.0,WINTER,AS1844PRO3,6300.0
245,M6I20144,-125.84,15.0,2.5,8070.4,96.5,56.0,128.0,WINTER,AS1844PRO3,6300.0
246,M6I20145,167.6,10.0,2.5,7160.8,137.0,56.0,128.0,WINTER,AS1844PRO3,6300.0
247,M6I2059,-130.78,15.0,2.5,7914.827586206897,96.5,56.0,128.0,WINTER,AS1844PRO3,6300.0
248,M6I2060,-124.07,15.0,2.5,8120.0,96.5,56.0,128.0,WINTER,AS1844PRO3,6300.0
249,M6I2061,1961.23,11.0,2.5,8572.242804217725,312.7,56.0,128.0,WINTER,AS1844PRO3,6300.0
250,M6I2062,761.95,9.0,2.5,9321.6,206.9,56.0,128.0,WINTER,AS1844PRO3,6300.0
251,M6I2063,807.55,12.0,2.5,9471.111111111111,206.9,56.0,128.0,WINTER,AS1844PRO3,6300.0
252,M6I2064,-133.61,15.0,2.5,7827.222222222223,96.5,56.0,128.0,WINTER,AS1844PRO3,6300.0
253,M6I2065,-175.62,15.0,2.5,6494.736842105263,96.5,56.0,128.0,WINTER,AS1844PRO3,6300.0
254,M6I2066,-276.05,8.0,2.5,7858.780487804878,96.5,56.0,128.0,WINTER,AS1844PRO3,6300.0
255,M6I2067,-122.66,15.0,2.5,8167.5,96.5,56.0,128.0,WINTER,AS1844PRO3,6300.0
256,M6I2018,61.97,15.0,2.5,7499.68,107.5,114.7,114.0,WINTER,AG9000PRO3,5600.0
257,M6I2019,59.15,15.0,2.5,7410.72,107.5,114.7,114.0,WINTER,AG9000PRO3,5600.0
258,M6I2020,1167.52,15.0,2.5,8659.25,218.65,163.8,120.0,WINTER,AG9000PRO3,5400.0
259,M6I2021,796.11,9.0,2.5,8139.75,200.25,120.25,120.0,WINTER,3500RR2,5500.0
260,M6I2075,731.08,8.0,2.5,6956.631578947368,199.5,114.7,114.0,WINTER,3500RR2,5300.0
261,M6V2001,-1611.75,15.0,3.7599999999999993,6629.76,16.25,120.25,0.0,SUMMER,AS1868PRO3,5800.0
262,M6V2002,-1686.75,15.0,3.87,6837.923076923077,16.25,120.25,0.0,SUMMER,AS1633PRO3I,5600.0
263,M6V2003,-2218.8,15.0,4.6,7160.5,16.25,120.25,0.0,SUMMER,AS1868PRO3,5800.0
264,M6I20149,948.73,10.0,2.5,8805.4,224.0,120.0,138.0,WINTER,DKB265PRO3,4400.0
265,M6I20150,980.97,15.0,2.5,6583.0,224.0,120.0,138.0,WINTER,DKB265PRO3,4600.0
266,M6V2061,1236.15,12.0,2.66,10010.5,252.2,126.0,72.0,SUMMER,AG8480PRO3,7000.0
267,M6V2062,-144.72,15.0,3.01,10753.8,128.0,126.0,72.0,SUMMER,AG8480PRO3,6200.0
268,M4V2057,1420.09,22.0,2.3,7250.272509265315,216.408,5.2,72.0,SUMMER,DKB230PRO3,5900.0
269,M4V2065,1363.35,20.0,1.98,8300.277777777777,186.8272,2.6,93.12,SUMMER,AS1677PRO3,5500.0
270,M2V2023,712.36,8.0,2.5,7132.0,197.39999999999998,119.6,0.0,SUMMER,AG8480PRO3,6500.0
271,M2V2024,-15.82,9.0,3.485483870967741,7907.5,193.0,98.8,0.0,SUMMER,DKB290PRO3,4500.0
272,M7I2010,599.17,15.0,2.5,7691.6,160.0,104.0,180.0,WINTER,AG8780PRO3,5400.0
273,M7I2011,609.35,16.0,2.5,8151.509433962264,160.0,104.0,120.0,WINTER,AG8780PRO3,5400.0
274,M6V2007,491.82,24.0,2.2008333333333328,6300.0,156.7,0.0,150.0,SUMMER,AG9025PRO3,8300.0
275,M6V2008,1342.52,9.0,2.1412499999999994,11026.142857142857,210.4,124.8,123.0,SUMMER,AG7088PRO3,8000.0
276,M6V2009,1014.71,24.0,2.598846153846154,7299.866666666667,190.9,0.0,135.6,SUMMER,AG9025PRO3,8300.0
277,M6V2010,1068.16,30.0,2.061562500000001,6932.631578947368,142.6,0.0,120.0,SUMMER,AG9025PRO3,8300.0
278,M2V2025,724.29,13.0,2.4,4618.048780487805,183.54,0.0,0.0,SUMMER,AG9040,5400.0
279,M6I2031,13.72,14.0,2.5,4222.916666666667,116.2,114.4,0.0,WINTER,DKB265PRO3,4600.0
280,M6I2032,-1.02,11.0,2.5,5948.166666666667,115.0,0.0,0.0,WINTER,DKB265PRO3,4600.0
281,M6I2033,816.63,13.0,2.5,3638.769230769231,208.2,114.4,0.0,WINTER,DKB265PRO3,4600.0
282,M6I2034,-228.0,13.0,2.5,5611.589743589743,85.4,0.0,0.0,WINTER,DKB265PRO3,4600.0
283,M6V2064,701.71,19.0,2.6,4278.166666666667,186.6,0.0,0.0,SUMMER,DKB363PRO3,3400.0
284,M6V2065,652.23,17.0,2.6,4003.5833333333335,186.6,0.0,0.0,SUMMER,DKB363PRO3,3400.0
285,M6I20170,-493.5,16.0,2.5,3926.5,108.8,110.4,85.2,WINTER,AG8061PRO2,3100.0
286,M4V2017,-42.83,15.0,2.5,7816.165598817151,189.99,0.0,118.2,SUMMER,DKB230PRO3,5600.0
287,M4V2018,-73.84,15.0,2.5,7821.632124352332,183.51,0.0,104.94,SUMMER,DKB230PRO3,5600.0
288,M6V2063,52.6,19.0,2.45,3772.0,101.2,0.0,0.0,SUMMER,AG7098PRO2,5900.0
289,M6I20165,811.5,11.0,2.5,7088.0,202.0,108.0,150.0,WINTER,AG8690PRO3,6700.0
290,M6I20166,783.94,10.0,2.5,6863.368421052632,202.0,108.0,150.0,WINTER,AG8690PRO3,6700.0
291,M6I20178,876.91,15.0,2.5,12122.0,186.65,127.8,139.8,WINTER,AG1051,8400.0
292,M6I20180,557.01,15.0,2.5,2010.1333333333332,186.65,127.8,139.8,WINTER,DKB255PRO3,3600.0
293,M7V2042,-1727.93,11.0,4.5,3166.5853658536585,92.0,0.0,0.0,SUMMER,AG9030PRO3,4800.0
294,M7V2043,-670.44,21.0,4.5,4518.214285714285,184.0,0.0,0.0,SUMMER,AG9030PRO3,4100.0
295,M7V2044,754.15,19.0,2.5,3878.017241379311,184.0,0.0,0.0,SUMMER,AG9030PRO3,4100.0
296,M2V2028,296.23,21.0,2.5,7863.188405797101,112.0,0.0,108.0,SUMMER,DKB290PRO3,4500.0
297,M2V2029,-147.6,19.0,4.0,7313.695652173913,192.5,0.0,108.0,SUMMER,DKB290PRO3,5100.0
298,M4V2059,-107.58,10.0,2.4435294117647057,6401.991150442477,198.0,90.0,120.0,SUMMER,DKB230PRO3,5900.0
299,M6I20118,-289.27,14.0,2.5,6679.384615384615,115.3,119.6,120.0,WINTER,AG8480PRO3,5400.0
300,M7I2055,271.42,13.0,2.5,7030.571428571428,138.0,0.0,0.0,WINTER,DKB290PRO3,6600.0
301,M7I2056,243.16,12.0,2.5,6781.041666666667,138.0,0.0,0.0,WINTER,DKB290PRO3,6600.0
302,M7I2057,371.45,18.0,2.5,6947.452830188679,138.0,0.0,0.0,WINTER,DKB290PRO3,6600.0
303,M6I20108,876.85,16.0,2.5,6234.054054054054,199.0,111.0,132.0,WINTER,AG7098PRO2,6200.0
304,M6I20109,864.07,13.0,2.5,7783.466666666666,199.0,111.0,132.0,WINTER,AG7098PRO2,6200.0
305,M6I20119,932.34,19.0,2.5,6045.238095238095,199.0,111.0,132.0,WINTER,AG7098PRO2,6200.0
306,M6V2056,-244.31,12.0,2.76,8559.714285714286,92.0,0.0,0.0,SUMMER,AG8061PRO2,0.0
307,M2V2018,950.49,23.0,2.6,8407.225806451614,184.46,0.0,99.6,SUMMER,AG8780PRO,4500.0
308,M7I2001,2098.82,22.0,2.5,6463.9,292.5,78.0,108.0,WINTER,DKB390PRO2,5800.0
309,M7I2002,1013.55,22.0,2.5,7839.1,194.0,70.0,128.0,WINTER,DKB390PRO2,6100.0
310,M7I2003,1099.29,17.0,2.5,6208.125,217.66,73.12,128.0,WINTER,AG9030PRO3,5700.0
311,M7I2004,874.87,21.0,2.5,11079.56043956044,171.0,70.0,128.0,WINTER,AG8065PRO3,9500.0
312,M7V2015,996.76,21.0,2.5,10259.453125,184.0,0.0,0.0,SUMMER,AG8480PRO3,7000.0
313,M7V2016,908.8,19.0,2.5,8770.985915492958,184.0,0.0,0.0,SUMMER,AG8480PRO3,7000.0
314,M7V2017,993.89,24.0,2.551489361702128,9424.782608695652,184.0,0.0,0.0,SUMMER,AS1777PRO3,5700.0
315,M7V2018,1038.15,23.0,2.3996666666666657,7915.083333333333,184.0,0.0,0.0,SUMMER,AG8700PRO3,4200.0
316,M7V2019,834.37,28.0,2.80340909090909,7711.978021978022,184.0,0.0,0.0,SUMMER,AG8700PRO3,4200.0
317,M7V2072,266.63,20.0,2.5,6222.300884955752,119.6,0.0,0.0,SUMMER,AG9030PRO3,4800.0
318,M6I2088,1025.8,16.0,2.5,7862.777777777777,220.0,108.0,150.0,WINTER,AG8088PRO2,6500.0
319,M6I2089,1027.58,17.0,2.5,7277.407407407408,220.0,108.0,150.0,WINTER,AG8088PRO2,6500.0
320,M6I2090,1002.87,17.0,2.5,6498.360655737705,220.0,108.0,150.0,WINTER,AG8088PRO2,6500.0
321,M6I2071,-704.43,15.0,2.5,3659.020979020979,16.5,78.0,108.0,WINTER,AS1633PRO3,3700.0
322,M4V2013,-75.24,15.0,2.5,7627.272727272728,181.305,0.0,138.0,SUMMER,DKB265PRO3,7600.0
323,M4V2014,76.09,16.0,2.5,10810.185185185184,193.23,0.0,94.8,SUMMER,DKB265PRO3,7600.0
324,M4V2015,-3.68,21.0,2.5,6524.8,176.94,0.0,138.6,SUMMER,DKB265PRO3,7600.0
325,M4V2016,-16.24,15.0,2.5,8779.38053097345,184.68,0.0,159.6,SUMMER,DKB265PRO3,7600.0
326,M7I2069,792.55,12.0,2.5,5920.865994774169,200.32,117.24,120.0,WINTER,DKB335PRO3,5300.0
327,M7I2070,829.63,15.0,2.5,5585.280080381814,198.55,106.19999999999999,120.0,WINTER,DKB335PRO3,5500.0
328,M7I2071,890.6,16.0,2.5,6939.067378386544,198.275,104.89999999999999,120.0,WINTER,DKB335PRO3,5300.0
329,M7I2072,969.56,20.0,2.5,6337.936154417224,200.49,119.38,120.0,WINTER,DKB335PRO3,5300.0
330,M7I2073,899.78,16.0,2.5,6838.920900995286,200.105,117.56,120.0,WINTER,DKB335PRO3,5300.0
331,M7I2074,932.07,18.0,2.5,6835.833333333333,198.66,106.72,120.0,WINTER,DKB335PRO3,5500.0
332,M2V2019,76.92,11.0,2.9,3938.991596638656,164.57999999999998,98.8,0.0,SUMMER,DKB255PRO3,6500.0
333,M2V2020,261.41,10.0,2.7,7206.190476190476,181.5,100.88,17.6,SUMMER,DKB290PRO3,4500.0
334,M4V2071,-71.95,18.0,2.5,5889.714285714285,181.71,0.0,125.7,SUMMER,DKB230PRO3,5900.0
335,M4V2072,-171.78,15.0,2.5,5573.333333333333,173.7,0.0,133.32,SUMMER,DKB230PRO3,5900.0
336,M6I20113,703.84,14.0,2.5,4542.794117647059,186.3,119.6,132.0,WINTER,AG8061PRO2,3100.0
337,M6I2072,581.43,11.0,2.5,4341.0,186.3,119.6,0.0,WINTER,AG8061PRO2,2800.0
338,M7I2068,1217.99,23.0,2.5,7416.722222222223,212.1,83.2,100.2,WINTER,AG8061PRO2,3900.0
339,M6I20136,1109.08,21.0,2.5,4730.902377105931,211.5,130.0,150.0,WINTER,DKB390PRO4,4500.0
340,M6I20137,1098.14,21.0,2.5,4390.595009596929,211.5,130.0,150.0,WINTER,DKB390PRO4,4500.0
341,M6I20138,1194.88,21.0,2.5,7440.571428571428,211.5,130.0,150.0,WINTER,AG8700PRO4,2400.0
342,M6I20139,1192.08,22.0,2.5,6708.032128514056,211.5,130.0,150.0,WINTER,AG8700PRO4,2400.0
343,M6I2079,1950.48,8.0,2.5,9276.57142857143,297.12,99.84,97.2,WINTER,DKB255PRO3,6100.0
344,M6I2080,1935.19,8.0,2.5,8748.695652173914,297.23,100.36,97.2,WINTER,DKB255PRO3,6100.0
345,M6I2081,2039.91,13.0,2.5,8759.0,297.01,99.32,108.0,WINTER,DKB255PRO3,6100.0
346,M6I2082,2001.49,13.0,2.5,7341.111111111111,297.45,101.4,111.0,WINTER,DKB255PRO3,6100.0
347,M6I2083,2034.25,15.0,2.5,7038.75,297.56,101.92,111.0,WINTER,DKB255PRO3,6100.0
348,M6I2084,1274.52,15.0,2.5,8870.0,228.34,100.88,97.8,WINTER,DKB255PRO3,6100.0
349,M6I2085,512.23,10.0,2.5,10769.454545454546,185.2,120.0,130.0,WINTER,AG1051,9200.0
350,M4V2001,1113.0,17.0,2.2,10422.657342657343,174.8,0.0,141.0,SUMMER,AG9025PRO3,8300.0
351,M4V2002,-760.82,13.0,3.5,8869.86301369863,87.4,0.0,96.0,SUMMER,AG9025PRO3,8300.0
352,M4V2003,820.0,11.0,2.2,5752.083333333333,173.65,0.0,114.0,SUMMER,AS1677PRO3,5500.0
353,M4V2054,474.06,15.0,2.5,6034.285714285715,151.8,0.0,84.0,SUMMER,DKB230PRO3,5600.0
354,M4V2055,734.38,13.0,2.5,5973.846153846154,184.0,0.0,90.0,SUMMER,DKB230PRO3,5900.0
355,M4V2056,-342.56,15.0,3.9441666666666655,7328.795811518324,174.8,0.0,90.0,SUMMER,DKB230PRO3,5900.0
356,M6V2048,1114.17,12.0,2.1,8843.460891505467,184.0,0.0,120.0,SUMMER,AS1850PRO3,0.0
357,M4V2004,-1323.71,13.0,4.546842105263158,8287.2,165.3,0.0,30.0,SUMMER,AS1844PRO3,7700.0
358,M4V2042,-750.58,12.0,4.336,8626.0,211.3,0.0,37.5,SUMMER,AS1844PRO3,7700.0
359,M6I2087,993.24,19.0,2.5,7521.25,197.9,109.2,69.0,WINTER,DKB255PRO3,6100.0
360,M6I2099,1109.08,18.0,2.5,7253.0,213.3,182.0,75.0,WINTER,DKB255PRO3,6100.0
361,M6I20100,1178.45,17.0,2.5,10580.588235294115,209.3,119.6,120.0,WINTER,DKB177PRO3,5700.0
362,M6I20101,1145.55,14.0,2.5,11482.658227848102,209.3,119.6,120.0,WINTER,DKB177PRO3,5700.0
363,M6I20102,1035.35,12.0,2.5,9292.307692307691,209.3,119.6,120.0,WINTER,DKB177PRO3,5700.0
364,M6V2070,240.19,18.0,3.7,8892.888888888889,209.3,119.6,0.0,SUMMER,DKB265PRO3,6300.0
365,M6V2071,-58.27,16.0,4.0,7797.555555555556,209.3,119.6,0.0,SUMMER,DKB265PRO3,6300.0
366,M6V2072,113.04,16.0,3.7,6168.210526315789,209.3,119.6,0.0,SUMMER,DKB265PRO3,6300.0
367,M7I2019,1107.87,24.0,2.5,6757.086614173229,200.28,76.96,103.2,WINTER,AS1868PRO3,5200.0
368,M7I2020,1094.84,24.0,2.5,6328.676470588235,200.28,76.96,105.0,WINTER,AS1868PRO3,5600.0
369,M7I2021,1150.63,24.0,2.5,7115.833333333333,203.57999999999998,92.56,103.2,WINTER,AS1868PRO3,5600.0
370,M7I2022,1119.66,24.0,2.5,7462.317073170731,199.18,71.76,103.2,WINTER,AS1868PRO3,5600.0
371,M7I2079,1057.6,21.0,2.5,7727.701149425287,199.18,71.76,82.2,WINTER,3700RR2,7100.0
372,M7I2080,1134.51,23.0,2.5,8327.8,200.17000000000002,76.44,100.2,WINTER,3700RR2,6300.0
373,M2I2005,409.14,10.0,2.5,7509.6,155.7,0.0,120.0,WINTER,3700RR2,7300.0
374,M2I2006,261.38,15.0,2.5,7468.571428571428,124.2,0.0,132.0,WINTER,3700RR2,6700.0
375,M2I2007,359.71,10.0,2.5,5949.333333333333,155.7,0.0,120.0,WINTER,3700RR2,7300.0
376,M2I2013,-553.55,10.0,2.5,8927.565217391304,31.5,0.0,120.0,WINTER,3700RR2,7300.0
377,M6I2073,1131.96,22.0,2.5,7112.815533980583,206.0,104.0,102.0,WINTER,AG8480PRO3,5400.0
378,M6I2074,1091.1,18.0,2.5,8368.155339805826,206.0,104.0,105.0,WINTER,AG8480PRO3,5100.0
379,M6I2076,1040.93,19.0,2.5,3772.127659574468,212.6,135.2,132.0,WINTER,AG8480PRO3,5400.0
380,M6V2032,-1403.76,15.0,4.01,10580.697674418603,46.0,0.0,0.0,SUMMER,DKB290PRO3,6700.0
381,M6V2033,-454.09,15.0,3.7,9857.0,138.0,0.0,0.0,SUMMER,DKB290PRO3,6700.0
382,M6I2001,-400.21,14.0,2.5,8632.333333333334,109.8,101.2,0.0,WINTER,AS1820PRO3,6200.0
383,M6I2002,-80.93,14.0,2.5,7972.0,202.0,110.0,0.0,WINTER,AS1820PRO3,6200.0
384,M6I2077,-61.75,15.0,2.5,8078.8,199.8,101.2,0.0,WINTER,AS1820PRO3,6200.0
385,M6I2078,-393.52,13.0,2.5,9496.0,109.8,101.2,0.0,WINTER,AS1820PRO3,6200.0
386,M4V2029,854.53,14.0,2.2181818181818183,6424.923076923077,170.2,0.0,108.0,SUMMER,DKB230PRO3,5900.0
387,M4V2030,972.93,13.0,1.9928571428571429,6806.216216216216,165.6,0.0,114.0,SUMMER,DKB230PRO3,5900.0
388,M4V2031,936.96,15.0,2.166666666666667,7095.833333333333,170.2,0.0,114.0,SUMMER,DKB230PRO3,5900.0
389,M6I20114,1256.85,22.0,2.5,4527.25,285.8,0.0,114.0,WINTER,AS1666PRO3,3300.0
390,M7V2055,1119.41,21.0,2.9016666666666664,12740.869565217392,214.8,145.6,120.0,SUMMER,DKB177PRO3,7400.0
391,M7V2065,183.82,19.0,3.727576923076923,3862.125,214.8,145.6,120.0,SUMMER,DKB230PRO3,5100.0
392,M7V2066,887.96,14.0,2.8793666666666664,9444.08,214.8,145.6,120.0,SUMMER,AS1757PRO3,6300.0
393,M4V2053,134.81,13.0,2.683333333333333,7726.666666666667,162.76,0.0,68.52,SUMMER,DKB230PRO3,5900.0
394,M7V2050,-270.7,16.0,4.5,7871.720430107527,221.66000000000003,117.52,90.0,SUMMER,AG8088PRO2,7200.0
395,M7V2051,78.11,22.0,4.015,7277.131147540984,208.3,104.0,120.0,SUMMER,AS1666PRO3,6000.0
396,M7V2052,498.02,25.0,3.505,6395.0,208.85000000000002,106.6,120.0,SUMMER,AS1666PRO3,6000.0
397,M7V2062,675.88,28.0,3.4274509803921567,5601.866666666667,219.68,108.16,78.0,SUMMER,AG7098PRO2,3100.0
398,M7V2071,1260.4,22.0,2.5,8800.714285714286,209.18,108.16,120.0,SUMMER,AG8088PRO2,7200.0
399,M7V2063,518.34,18.0,3.254545455,6661.2,206.0,104.0,120.0,SUMMER,AS1757PRO3,6100.0
400,M7V2064,-65.3,21.0,3.25,6954.0,111.1,104.0,120.0,SUMMER,AS1633PRO3I,5600.0
401,M7I2047,785.26,23.0,2.5,4091.84,185.6,108.0,122.0,WINTER,DKB240PRO3,4500.0
402,M7I2048,1050.97,19.0,2.5,6277.76,224.0,108.0,122.0,WINTER,DKB360PRO3,6000.0
403,M7I2049,1153.82,24.0,2.5,6291.6,224.0,108.0,122.0,WINTER,DKB360PRO3,6000.0
404,M7I2050,1549.26,24.0,2.5,6391.44,250.0,108.0,122.0,WINTER,DKB360PRO3,6000.0
405,M7I2051,1085.45,22.0,2.5,8513.84,204.0,108.0,122.0,WINTER,DKB360PRO3,5900.0
406,M4V2068,-92.35,10.0,3.1782142857142865,8528.392857142857,147.2,0.0,90.0,SUMMER,AS1844PRO3,7700.0
407,M4V2069,-266.22,14.0,2.5,10678.260869565218,97.55,127.1,191.5,SUMMER,3110RR2,8300.0
408,M4V2070,297.04,23.0,2.5,11137.241379310344,202.55,127.1,169.0,SUMMER,3110RR2,8300.0
409,M6V2080,-773.93,15.0,2.62,7390.37037037037,0.0,0.0,75.0,SUMMER,AG8700PRO3,4000.0
410,M6V2081,61.57,24.0,2.62,4024.255319148936,98.9,0.0,105.0,SUMMER,AG8700PRO3,4000.0
411,M4V2060,-85.23,11.0,2.4866666666666672,7473.566878980892,198.0,90.0,120.0,SUMMER,DKB230PRO3,5900.0
412,M2I2039,459.49,19.0,2.5,7780.261437908497,141.4,124.8,132.0,WINTER,AG8480PRO3,6500.0
413,M7I2066,1116.66,21.0,2.5,8623.225806451614,201.6,83.2,100.2,WINTER,AS1666PRO3,3300.0
414,M7I2067,1040.41,15.0,2.5,10497.584745762711,200.28,76.96,100.2,WINTER,AS1666PRO3,3300.0
415,M6I20121,1028.14,18.0,2.5,7712.051282051282,162.275,1.3,115.8,WINTER,AG8700PRO3,6000.0
416,M6I20122,855.43,15.0,2.5,6163.571428571428,191.675,113.3,115.8,WINTER,AG8700PRO3,6000.0
417,M6I20123,876.99,16.0,2.5,6139.166666666667,192.2,127.6,115.8,WINTER,AG8700PRO3,6000.0
418,M6I20124,1063.18,20.0,2.5,7598.818181818182,162.0,0.0,115.8,WINTER,AG8700PRO3,6000.0
419,M6I20125,338.27,8.0,2.5,6052.8,154.4,255.2,0.0,WINTER,AG8700PRO3,5600.0
420,M6I20126,1088.88,16.0,2.5,6679.238095238095,199.4,112.0,115.8,WINTER,AG8700PRO3,6000.0
421,M6I20127,1131.04,22.0,2.5,7915.142857142857,177.0,0.0,115.8,WINTER,AG8700PRO3,6000.0
422,M7I2087,824.26,24.0,2.5,7722.0,171.5,73.5,96.0,WINTER,DKB360PRO3,5900.0
423,M7I2090,727.1,21.0,2.5,6595.576923076923,171.5,73.5,96.0,WINTER,AG9030PRO3,5700.0
424,M6I20164,-490.81,14.0,2.5,5946.145833333333,104.86,86.64,77.07,WINTER,AS1666PRO3,3300.0
425,M2I2041,186.07,17.0,2.5,3980.8547008547007,172.0,0.0,80.0,WINTER,AG8700PRO3,5500.0
426,M2I2042,243.67,22.0,2.5,4981.4,146.0,0.0,133.8,WINTER,AG8700PRO3,5800.0
427,M2I2043,146.48,15.0,2.5,4029.2473118279568,172.0,0.0,80.0,WINTER,AG8700PRO3,10000.0
428,M2I2044,150.72,15.0,2.5,4163.870967741936,172.0,0.0,80.0,WINTER,AG8700PRO3,5000.0
429,M7I2093,1092.64,24.0,2.5,3058.333333333333,210.84,126.88,105.0,WINTER,AS1633PRO3,4000.0
430,M7I2094,1070.82,21.0,2.5,2771.078431372549,215.24,147.68,120.0,WINTER,AS1633PRO3,3600.0
431,M7I2095,1114.04,22.0,2.5,3144.879518072289,216.34,152.88000000000002,120.0,WINTER,AS1633PRO3,4100.0
432,M7I2096,960.06,26.0,2.5,2507.4,198.94,109.38,120.0,WINTER,AS1633PRO3,4100.0
433,M7I2097,1072.26,22.0,2.5,2162.8571428571427,215.24,147.68,120.0,WINTER,AS1633PRO3,3600.0
434,M2I2045,612.67,8.0,2.5,5387.460317460317,186.3,0.0,120.0,WINTER,AS1820PRO3,6100.0
435,M6I20135,905.4,15.0,2.5,7557.058823529412,200.2,119.88,132.0,WINTER,DKB335PRO3,5300.0
436,M7I2091,1001.87,20.0,2.5,6034.857142857143,201.16,81.12,80.4,WINTER,AS1666PRO3,3300.0
437,M7I2092,1038.38,20.0,2.5,7116.666666666667,200.72,79.04,96.0,WINTER,AS1666PRO3,3300.0
438,M7I2084,1057.15,20.0,2.5,2645.266666666667,216.34,152.88000000000002,120.0,WINTER,AS1633PRO3,4100.0
439,M7I2085,1036.88,19.0,2.5,2991.969696969697,215.24,147.68,120.0,WINTER,AS1633PRO3,4000.0
440,M7I2086,1011.75,23.0,2.5,2490.851063829787,206.44,106.08,105.0,WINTER,AS1633PRO3,4000.0
441,M6I20141,-751.2,15.0,2.5,5822.153846153846,0.0,0.0,120.0,WINTER,AG8061PRO2,3800.0
442,M6I20147,-33.22,12.0,2.5,11270.5,161.0,120.0,122.0,WINTER,AG1051,9200.0
443,M6I20156,-631.74,15.0,2.5,5327.111111111111,25.3,119.6,0.0,WINTER,AG8480PRO3,5400.0
444,M6I20177,472.93,9.0,2.5,10953.25,185.2,120.0,70.0,WINTER,AG1051,9200.0
445,M6I20157,1204.59,12.0,2.5,5955.416666666667,235.04000000000002,145.6,130.2,WINTER,DKB335PRO3,5600.0
446,M6I20158,371.18,15.0,2.5,9202.135922330095,132.6,83.2,96.0,WINTER,AS1666PRO3,3300.0
447,M6I20159,1207.57,21.0,2.5,8292.0,212.6,135.2,90.0,WINTER,AG8690PRO3,5300.0
448,M6I20161,1334.76,16.0,2.5,7427.25,236.0,93.6,102.0,WINTER,DKB265PRO3,4300.0
449,M6I20163,1163.01,16.0,2.5,7566.5,220.3,143.6,152.0,WINTER,DKB265PRO3,4200.0
450,M6I20160,1281.43,15.0,2.5,6394.0,236.0,93.6,102.0,WINTER,DKB265PRO3,4300.0
451,M2I2051,780.85,13.0,2.5,7467.254901960784,186.3,0.0,120.0,WINTER,DKB255PRO3,6500.0
452,M6I20179,456.07,9.0,2.5,9647.333333333334,185.2,120.0,130.0,WINTER,AG1051,9200.0
453,M7I2088,865.97,26.0,2.5,7742.875,171.5,73.5,96.0,WINTER,DKB360PRO3,6000.0
454,M7I2089,870.72,26.0,2.5,6551.066666666667,172.0,77.0,192.0,WINTER,DKB360PRO3,6000.0
455,M6I2130,830.74,12.0,2.5,4734.444444444444,208.2,114.4,0.0,WINTER,DKB335PRO3,3600.0
456,M6I2172,-883.5,12.0,2.72,4734.25,24.2,114.4,0.0,WINTER,DKB335PRO3,4500.0
457,M7I21131,-398.67,20.0,3.950561797752809,6921.797752808989,157.45,80.6,111.0,WINTER,AS1820PRO3,6000.0
458,M7I2196,-53.86,20.0,3.2,6345.0,137.53500000000003,77.22,109.98,WINTER,AS1820PRO3,6000.0
459,M7I2198,-550.94,22.0,3.4,5768.148148148148,97.878,79.976,98.16,WINTER,AS1820PRO3,6000.0
460,M7I2199,158.85,23.0,3.0,5385.4098360655735,133.9,88.4,100.2,WINTER,DKB360PRO3,4600.0
461,M7I2177,1125.68,20.0,2.459999918937683,7526.341463414634,204.9,98.8,108.0,WINTER,AS1822PRO3,6800.0
462,M7I2178,106.79,25.0,2.837500015894572,7687.6,111.8,93.6,108.0,WINTER,AG8700PRO4,4100.0
463,M7I2179,-1147.02,20.0,3.4375,7526.354166666667,19.8,93.6,120.0,WINTER,AS1822PRO3,6800.0
464,M7V2109,889.29,25.0,3.1,8704.85294117647,211.5,130.0,108.0,SUMMER,AS1820PRO3,6800.0
465,M7V2110,1379.92,29.0,2.3,6867.156862745098,208.0,120.0,108.0,SUMMER,AG9050PRO3,4600.0
466,M6V2139,802.59,15.0,0.5903333333333334,9676.0,23.3,76.89,0.0,SUMMER,AG8780PRO3,6300.0
467,M6V2140,534.02,15.0,1.453709677419355,11065.76,69.3,76.89,0.0,SUMMER,AG8780PRO3,6900.0
468,M6V2143,744.04,15.0,0.5900000000000001,9590.416666666666,0.0,0.0,90.0,SUMMER,AG8780PRO3,6300.0
469,M6V2136,-1008.32,15.0,3.73,12916.551724137931,112.33,105.56,120.0,SUMMER,AS1822PRO3,9800.0
470,M6I2133,889.8,21.0,3.0125,1434.888888888889,244.5,286.0,0.0,WINTER,DKB265PRO3,4200.0
471,M6I2173,1427.98,13.0,2.230769230769231,5278.0,244.5,286.0,0.0,WINTER,DKB335PRO3,4700.0
472,M6I2161,441.3,15.0,3.330000000000003,6480.0,213.7,140.4,138.0,WINTER,AS1800PRO3,4800.0
473,M6V2144,-454.38,15.0,2.4,6429.756097560976,29.7,140.4,0.0,SUMMER,AG7098PRO2,4200.0
474,M6I2142,874.36,21.0,2.9875,9095.272595544286,210.4,124.8,150.0,WINTER,DKB360PRO3,5400.0
475,M6I2145,493.64,21.0,3.1,8130.11063011063,190.8,249.6,0.0,WINTER,DKB360PRO3,5400.0
476,M6I21119,-1190.97,15.0,3.0355140186915888,3024.769230769231,15.0,90.0,120.0,WINTER,AS1633PRO3,3900.0
477,M6I21120,-1410.83,15.0,3.318181818181818,2710.3076923076924,15.0,90.0,120.0,WINTER,AS1633PRO3,3900.0
478,M6I21121,-1190.97,15.0,3.0355140186915888,3024.8571428571427,15.0,90.0,120.0,WINTER,AS1633PRO3,3900.0
479,M6I21124,-1262.25,15.0,3.1419354838709674,3266.830065359477,15.0,90.0,120.0,WINTER,AS1633PRO3,3900.0
480,M8V2112,836.03,13.0,2.7416666666666667,4611.452991452991,216.2,0.0,90.0,SUMMER,AG9030PRO3,4800.0
481,M8V2113,532.7,15.0,2.665,6139.406779661017,174.8,0.0,0.0,SUMMER,AG9030PRO3,4600.0
482,M6I2146,-780.0,15.0,2.67,6736.851851851852,34.4,120.4,68.8,WINTER,AS1822PRO3,7300.0
483,M6I2147,-784.57,15.0,2.66,6363.333333333333,34.4,120.4,68.8,WINTER,AS1822PRO3,7300.0
484,M6I2148,-878.14,15.0,2.66,3400.0,34.4,120.4,68.8,WINTER,AS1822PRO3,6800.0
485,M6I2149,-815.78,15.0,2.76,7722.5,34.4,120.4,68.8,WINTER,AS1822PRO3,7300.0
486,M6I2150,-806.41,15.0,2.62,4736.5,34.4,120.4,68.8,WINTER,AS1822PRO3,7300.0
487,M6I2151,-892.81,15.0,2.8,6221.428571428572,34.4,120.4,68.8,WINTER,AS1822PRO3,7300.0
488,M6I2152,-526.57,15.0,2.22,4187.666666666667,34.4,120.4,68.8,WINTER,AS1822PRO3,7300.0
489,M6I21186,1050.18,15.0,2.2394736842105263,3097.375,204.6,130.0,130.2,WINTER,AS1633PRO3,3900.0
490,M6I21187,874.96,15.0,2.4363636363636365,2185.0,204.6,130.0,130.2,WINTER,AS1633PRO3,3500.0
491,M6I21188,924.29,24.0,2.6045454545454545,1858.9166666666667,204.6,130.0,130.2,WINTER,AS1633PRO3,3900.0
492,M8V2144,562.63,12.0,2.6,4517.25,184.66,3.12,0.0,SUMMER,AG8780PRO3,5200.0
493,M8V2145,1044.24,26.0,2.4,5779.6551724137935,185.32,6.24,0.0,SUMMER,AG8780PRO3,5200.0
494,M2I2118,-560.47,15.0,3.525,4175.988023952096,130.20000000000002,93.6,120.0,WINTER,AS1844PRO3,6700.0
495,M2I2120,-549.69,15.0,2.3200000000000003,7972.954545454545,0.0,0.0,120.0,WINTER,AG8480PRO3,8000.0
496,M2I2121,-1596.85,9.0,3.595,4123.609467455622,19.8,93.6,120.0,WINTER,AS1844PRO3,7200.0
497,M2I2122,10.59,9.0,3.365,6385.785123966943,185.95000000000002,96.2,120.0,WINTER,AS1844PRO3,7200.0
498,M2I2141,-608.16,15.0,2.407264,8170.533333333334,0.0,0.0,120.0,WINTER,AG8480PRO3,8000.0
499,M7V2159,211.31,25.0,4.0,7427.75,212.38,134.16,162.0,SUMMER,AG9030PRO3,4400.0
500,M8V2124,1417.4,28.0,2.1864285714285714,6290.869565217391,197.7,130.0,114.0,SUMMER,AG8480PRO3,7600.0
501,M8V2125,1180.36,25.0,2.4338,4910.8,203.2,156.0,114.0,SUMMER,AG8480PRO3,8300.0
502,M8V2126,780.88,25.0,3.068571428571428,5725.714285714285,207.8,156.0,114.6,SUMMER,AG8480PRO3,8300.0
503,M8V2149,1076.78,24.0,2.4338,3928.4,197.7,130.0,114.0,SUMMER,AG8480PRO3,7600.0
504,M6V21110,1107.97,15.0,2.5,10627.333333333334,206.0,104.0,120.0,SUMMER,AS1822PRO3,8700.0
505,M6V21111,-433.52,15.0,2.5,9658.608695652174,22.0,104.0,120.0,SUMMER,AS1822PRO3,8700.0
506,M8V2127,765.19,14.0,2.563913043478261,4805.416666666667,194.0,156.0,115.8,SUMMER,AG8480PRO3,7600.0
507,M8V2128,871.47,17.0,2.717777777777777,6978.75,203.2,156.0,115.8,SUMMER,AG8480PRO3,7600.0
508,M8V2129,1031.5,25.0,2.5357142857142856,4213.561643835616,197.7,130.0,115.8,SUMMER,AG8480PRO3,7600.0
509,M8V2130,1705.3,16.0,2.5846153846153843,5381.578947368421,276.8,156.0,115.8,SUMMER,AG8480PRO3,7600.0
510,M7V2137,1626.4,31.0,3.2700000000000005,5677.60736196319,284.46000000000004,76.96,120.0,SUMMER,3800RR2,6800.0
511,M7V2138,1198.62,27.0,2.5,4981.533333333334,209.48,76.96,0.0,SUMMER,AG7098PRO2,5900.0
512,M7V2139,1555.52,37.0,2.5,5611.565217391304,217.76,76.96,111.0,SUMMER,3800RR2,6800.0
513,M7V2140,1550.66,33.0,2.5,7689.245283018868,223.28,76.96,0.0,SUMMER,DKB290PRO3,5800.0
514,M7V2141,1198.42,32.0,2.5,4662.666666666667,200.28,76.96,0.0,SUMMER,AG7098PRO2,5900.0
515,M6I2185,1227.33,15.0,2.5,7342.524916943521,247.0,120.0,160.0,WINTER,DKB290PRO3,5300.0
516,M6I2186,1227.33,15.0,2.5,7342.532467532467,247.0,120.0,160.0,WINTER,DKB290PRO3,5300.0
517,M6I21146,367.54,12.0,2.95,7889.0625,184.0,0.0,0.0,WINTER,DKB360PRO3,6300.0
518,M6I21147,387.73,12.0,2.9,7350.1984126984125,184.0,0.0,0.0,WINTER,DKB360PRO3,5900.0
519,M6I21148,247.19,14.0,3.2,8663.257670241956,184.0,0.0,0.0,WINTER,DKB360PRO3,5900.0
520,M6I21149,424.83,13.0,2.9,7879.950083194675,184.0,0.0,0.0,WINTER,DKB360PRO3,5900.0
521,M7I2156,-43.81,21.0,3.8,6652.177246243484,187.76,135.2,120.0,WINTER,AG9000PRO3,5100.0
522,M7I2157,295.39,21.0,3.4,7674.285714285715,189.14,135.2,111.0,WINTER,AG9000PRO3,5100.0
523,M7I2158,120.65,24.0,3.6,7704.150943396226,179.88,93.6,103.8,WINTER,AG9000PRO3,5100.0
524,M7V2115,1131.2,20.0,2.9285714285714284,8543.68,233.06,231.92,132.0,SUMMER,DKB360PRO3,5300.0
525,M7V2116,183.79,18.0,3.9,7527.272727272727,219.06,228.8,115.2,SUMMER,DKB360PRO3,5000.0
526,M7V2117,497.31,18.0,3.54,7495.0,223.53,230.36,118.2,SUMMER,DKB360PRO3,5000.0
527,M7V2118,567.74,18.0,3.657142857142857,7065.106382978724,239.5,231.92,124.2,SUMMER,DKB360PRO3,5000.0
528,M7V2119,742.46,19.0,3.3125,6109.166666666667,233.06,231.92,118.2,SUMMER,DKB360PRO3,5000.0
529,M7V2120,2027.96,27.0,2.5,8636.666666666666,274.64,428.48,135.6,SUMMER,DKB360PRO3,5300.0
530,M6I21181,476.87,23.0,2.6153846153846154,5666.153846153846,14.0,152.0,0.0,WINTER,AG8088PRO2,4500.0
531,M6I21182,754.96,18.0,2.3625,5678.461538461538,14.0,152.0,0.0,WINTER,AG8088PRO2,4500.0
532,M4V2156,1296.0,28.0,2.5964285714285715,7594.888888888889,224.5438,76.22160000000001,72.6624,SUMMER,DKB230PRO3,5800.0
533,M4V2157,1704.04,27.0,2.745945945945946,6293.545454545455,273.475,73.6344,54.5412,SUMMER,DKB230PRO3,6400.0
534,M4V2158,931.08,24.0,2.371052631578947,5362.086956521739,186.608,73.0296,69.38040000000001,SUMMER,DKB230PRO3,5800.0
535,M7V2142,654.06,18.0,2.5,8170.476190476191,128.13,95.16,120.0,SUMMER,AG8061PRO2,5400.0
536,M7V2143,-499.54,16.0,2.5,7009.166666666667,22.0,104.0,114.0,SUMMER,DKB290PRO3,5800.0
537,M7V2144,62.84,21.0,2.5,9692.583333333334,72.07,123.24,120.0,SUMMER,AG1051,9300.0
538,M7V2145,922.66,18.0,2.5,8304.190476190477,167.42000000000002,120.64,120.0,SUMMER,AG1051,9300.0
539,M7V2146,687.7,21.0,2.5,7864.0,125.93,84.76,120.0,SUMMER,DKB290PRO3,5800.0
540,M7V2147,1101.12,26.0,2.5,9402.833333333334,175.17499999999998,131.3,120.0,SUMMER,AG1051,9300.0
541,M7V2155,-1917.69,10.0,4.3,7749.830508474576,24.2,114.4,120.0,SUMMER,DKB290PRO3,6100.0
542,M7I2101,486.58,17.0,3.4,9272.75,210.98,88.4,114.0,WINTER,DKB360PRO3,5900.0
543,M7I2102,67.82,22.0,1.662,4491.777777777777,19.8,93.6,114.0,WINTER,DKB335PRO3,5900.0
544,M7I2103,-677.41,20.0,3.7,6625.538461538462,111.8,93.6,90.0,WINTER,DKB335PRO3,5900.0
545,M7I2104,1029.05,15.0,2.5,6030.0,213.0,93.6,108.0,WINTER,DKB360PRO3,5900.0
546,M7I2105,245.89,21.0,3.6,6828.0,201.6,83.2,108.0,WINTER,DKB335PRO3,5900.0
547,M7I2106,216.15,17.0,3.5,6522.888888888889,200.39999999999998,88.4,108.0,WINTER,DKB335PRO3,5900.0
548,M7I2107,1629.12,19.0,2.0926829268292684,6377.125,232.5,98.8,108.0,WINTER,DKB360PRO3,6100.0
549,M7I2108,359.61,16.0,3.5,9417.692307692309,208.4,93.6,90.0,WINTER,DKB360PRO3,5900.0
550,M7I2194,-7.88,17.0,1.825,7513.461538461538,20.9,98.8,108.0,WINTER,DKB360PRO3,6300.0
551,M7I2195,157.5,17.0,1.5182795698924731,7513.406593406594,19.8,93.6,90.0,WINTER,DKB360PRO3,6300.0
552,M7V2121,434.41,23.0,2.5,9795.375,114.0,104.0,102.0,SUMMER,AS1822PRO3,8700.0
553,M7V2122,1367.99,36.0,2.5,5625.3,201.6,83.2,108.0,SUMMER,3500RR2,4900.0
554,M7V2123,1269.01,31.0,2.5,3978.0,208.2,114.4,90.0,SUMMER,3500RR2,4900.0
555,M7V2124,-402.67,22.0,2.5,6748.1,20.9,98.8,90.0,SUMMER,3320RR2,6700.0
556,M7V2125,1324.09,30.0,2.5,6660.930232558139,206.2,83.2,108.0,SUMMER,3500RR2,4900.0
557,M7V2126,-408.64,25.0,2.5,4366.0,22.0,104.0,90.0,SUMMER,AG9000PRO3,4200.0
558,M7V2127,-346.99,20.0,2.5,9044.076923076924,24.2,114.4,90.0,SUMMER,AG8700PRO3,5100.0
559,M7V2128,384.3,21.0,2.5,9175.42857142857,116.2,114.4,84.0,SUMMER,AG8700PRO3,5100.0
560,M7V2134,695.54,37.0,2.5,8528.25,116.2,114.4,93.0,SUMMER,AS1822PRO3,8700.0
561,M4V2161,1650.92,22.0,2.4,6342.036553524805,256.7628,76.76480000000001,68.89920000000001,SUMMER,2200RR2,5900.0
562,M6V2146,-1562.35,15.0,4.3,11647.727272727272,109.5,67.5,114.0,SUMMER,AG1051,11000.0
563,M6V2147,-1590.2,15.0,4.25,11672.173913043478,90.6,85.0,111.0,SUMMER,AG1051,11000.0
564,M6V2102,-253.39,15.0,1.9448275862068964,7282.533333333334,16.2,88.2,0.0,SUMMER,DKB177PRO3,7200.0
565,M6V2103,-198.31,15.0,1.9448275862068964,9030.454545454546,16.2,86.4,0.0,SUMMER,DKB177PRO3,7200.0
566,M6V2101,-1270.38,15.0,3.61,5404.36170212766,106.2,88.2,120.0,SUMMER,AG9025PRO3,8700.0
567,M4V2130,963.51,19.0,2.8476190476190477,9507.71653543307,213.66000000000003,48.6,106.8,SUMMER,DKB265PRO3,7200.0
568,M2I2102,328.06,20.0,3.362285714285714,10312.378048780489,187.60000000000002,104.0,0.0,WINTER,DKB255PRO3,6900.0
569,M2I2103,856.51,13.0,3.445714285714285,8392.413793103447,179.4,0.0,0.0,WINTER,DKB255PRO3,6800.0
570,M2I2104,254.73,18.0,3.524375,8814.133333333333,201.4,104.0,0.0,WINTER,DKB255PRO3,6900.0
571,M2I2105,55.05,14.0,3.546875,8181.142857142857,187.60000000000002,104.0,132.0,WINTER,DKB255PRO3,6800.0
572,M2I2106,921.34,14.0,2.5,8424.9,201.4,104.0,0.0,WINTER,DKB255PRO3,6800.0
573,M2V2106,-1058.29,19.0,3.8333333333333335,4640.609756097561,80.5,119.6,132.0,SUMMER,AG8690PRO3,6000.0
574,M2V2108,435.27,15.0,2.83,2379.390243902439,187.60000000000002,104.0,72.0,SUMMER,3700RR2,5100.0
575,M2V2109,-487.94,18.0,2.9,2216.7073170731705,77.2,104.0,132.0,SUMMER,3700RR2,5100.0
576,M4V2162,406.01,22.0,2.3,10532.916666666666,211.75,86.8,90.8,SUMMER,AS1850PRO3,6800.0
577,M4V2163,346.03,22.0,2.4,9965.6,219.4,86.8,84.8,SUMMER,AS1850PRO3,5400.0
578,M4V2164,779.56,21.0,1.8,9846.818181818182,220.7,93.4,93.6,SUMMER,AS1850PRO3,6800.0
579,M4V2171,499.34,18.0,2.1,10669.333333333334,217.15,86.8,84.8,SUMMER,AS1850PRO3,5400.0
580,M6I21189,563.59,15.0,3.1,7688.625,206.0,104.0,108.0,WINTER,AS1822PRO3,6400.0
581,M8V2132,175.9,14.0,2.5,6973.9047619047615,113.45,101.4,150.0,SUMMER,AS1730PRO3,4100.0
582,M4V2126,205.23,10.0,3.797568000000001,13901.309523809525,208.4,114.4,114.0,SUMMER,AG9025PRO3,8500.0
583,M4V2127,420.3,15.0,2.95625,7194.757695824444,182.16,0.0,0.0,SUMMER,DKB230PRO3,5800.0
584,M4V2148,-707.3,18.0,3.742857142857143,7756.923076923077,106.72,0.0,120.0,SUMMER,DKB230PRO3,5800.0
585,M6V21101,-1221.14,17.0,4.06,4417.826086956522,208.0,98.0,56.0,SUMMER,DKB240PRO3,4900.0
586,M6V21102,-705.88,19.0,3.5,6256.2,208.0,98.0,56.0,SUMMER,DKB240PRO3,4900.0
587,M4V2135,-614.3,15.0,3.358,4207.333333333333,110.4,0.0,0.0,SUMMER,DKB235PRO3,4500.0
588,M4V2137,-167.92,8.0,3.1,4812.0,154.10000000000002,0.0,0.0,SUMMER,AG8070PRO3,5100.0
589,M4V2138,40.92,13.0,3.233,7957.57281553398,165.60000000000002,0.0,0.0,SUMMER,AG8070PRO3,5100.0
590,M4V2139,-44.34,8.0,2.823,4779.83651226158,149.3,0.0,0.0,SUMMER,AG8070PRO3,5500.0
591,M4V2140,184.33,11.0,2.903,6038.338926174497,165.60000000000002,0.0,0.0,SUMMER,AG8070PRO3,5500.0
592,M4V2141,-155.47,15.0,3.525,7309.642857142857,165.60000000000002,0.0,0.0,SUMMER,DKB230PRO3,5800.0
593,M4V2136,1.82,9.0,2.575,8027.114427860696,110.4,0.0,88.8,SUMMER,DKB230PRO3,5800.0
594,M2V2119,-691.47,12.0,2.45,2479.25,22.0,104.0,105.0,SUMMER,AG8088PRO2,6300.0
595,M8V2117,-356.59,14.0,3.911538461538461,6908.333333333333,179.0,104.0,78.0,SUMMER,AS1777PRO3,6600.0
596,M8V2119,-324.7,14.0,3.832,6130.0,179.0,104.0,72.0,SUMMER,AS1777PRO3,6600.0
597,M6I2102,1019.7,15.0,2.5,7189.28,232.0,120.0,120.0,WINTER,AG8480PRO4,4700.0
598,M6I2103,1296.1,17.0,2.5,4777.294117647059,280.0,240.0,210.0,WINTER,AG8480PRO4,4700.0
599,M6I2107,-195.48,15.0,2.845833333333333,6207.2,237.5,105.0,120.0,WINTER,DKB335PRO3,4700.0
600,M6I2108,754.39,15.0,3.0529411764705885,6363.365384615385,242.0,105.0,155.0,WINTER,DKB335PRO3,4700.0
601,M6I2112,1094.21,15.0,2.5821428571428573,6517.666666666667,242.0,105.0,35.0,WINTER,DKB335PRO3,4700.0
602,M6I2113,631.06,15.0,3.1923076923076925,6207.295081967213,242.0,105.0,0.0,WINTER,DKB335PRO3,5900.0
603,M6I2114,991.57,15.0,2.6923076923076925,5389.886363636364,242.0,105.0,120.0,WINTER,DKB335PRO3,5900.0
604,M4V2132,13.1,12.0,3.5780769036366387,5760.0,204.0,90.0,90.0,SUMMER,DKB230PRO3,5800.0
605,M4V2133,-557.02,10.0,3.061363636363637,3331.029411764706,112.0,90.0,90.0,SUMMER,DKB230PRO3,6400.0
606,M4V2134,313.0,15.0,3.181578943603917,3987.2093023255816,204.0,90.0,90.0,SUMMER,AG8070PRO3,5500.0
607,M4V2175,2381.35,19.0,0.3868888888888889,4939.014620468656,204.0,90.0,90.0,SUMMER,DKB230PRO3,5800.0
608,M4V2128,-403.45,23.0,3.2058823529411766,4316.451612903225,221.07000000000002,102.04,105.0,SUMMER,DKB235PRO3,4600.0
609,M4V2149,266.99,23.0,2.450136363636364,7144.761904761905,226.0,99.84,115.8,SUMMER,AG9025PRO3,7300.0
610,M6V2112,-247.57,15.0,2.0,5877.321428571428,19.8,93.6,0.0,SUMMER,DKB230PRO3,5400.0
611,M6V2168,-1210.33,20.0,4.0,4456.4,182.5,130.0,120.0,SUMMER,DKB363PRO3,3000.0
612,M6V2169,-401.61,23.0,3.1,5512.954545454545,193.75,130.0,120.0,SUMMER,DKB363PRO3,3000.0
613,M6V2170,-60.97,26.0,3.4,6593.958333333333,297.5,104.0,0.0,SUMMER,DKB230PRO3,5400.0
614,M6V2171,-697.13,22.0,3.4,5286.493506493506,182.5,130.0,120.0,SUMMER,DKB363PRO3,3000.0
615,M6V2172,-636.59,23.0,3.3,4212.53164556962,182.5,130.0,120.0,SUMMER,DKB363PRO3,3000.0
616,M6V2183,-209.26,20.0,3.4,4831.756357185098,302.5,130.0,0.0,SUMMER,DKB230PRO3,5400.0
617,M6V2189,-609.78,22.0,3.3,5704.8,182.5,130.0,120.0,SUMMER,DKB230PRO3,5400.0
618,M2V2126,1159.53,20.0,2.5,7325.333333333333,207.0,0.0,114.0,SUMMER,AG8088PRO2,6300.0
619,M2V2127,1165.53,20.0,2.5,7506.470588235294,207.0,0.0,114.0,SUMMER,AG8088PRO2,6300.0
620,M7I2147,904.21,22.0,2.988888889,7723.823529411765,217.22,157.04,120.0,WINTER,AG8700PRO3,6400.0
621,M7I2148,2003.94,17.0,1.982222222,6000.0,263.0,156.0,139.8,WINTER,AS1800PRO3,5000.0
622,M7I2149,486.93,15.0,3.2851851850000005,5861.634615384615,217.0,156.0,138.0,WINTER,AG8700PRO3,4600.0
623,M7I2180,1290.53,17.0,2.23,3918.362068965517,221.6,156.0,120.0,WINTER,AG8700PRO3,6400.0
624,M6I2116,212.07,24.0,2.66,4545.245901639344,204.5,128.0,56.0,WINTER,3500RR2,4600.0
625,M6I2117,525.88,23.0,2.25,4856.724137931034,137.0,128.0,56.0,WINTER,3500RR2,4500.0
626,M6I2118,-501.85,20.0,2.45,5207.6,56.0,128.0,56.0,WINTER,3500RR2,4500.0
627,M6I2119,-367.94,20.0,2.74,3466.0,96.5,128.0,56.0,WINTER,3500RR2,4600.0
628,M6I2120,-447.93,20.0,2.88,4227.5,96.5,128.0,56.0,WINTER,3500RR2,4600.0
629,M6I2121,286.75,19.0,2.45,5207.831325301205,204.5,56.0,128.0,WINTER,3500RR2,4500.0
630,M6I2122,420.36,23.0,2.41,5899.36507936508,204.5,128.0,56.0,WINTER,3500RR2,4500.0
631,M6I2123,327.75,21.0,2.45,5208.181818181818,204.5,56.0,128.0,WINTER,3500RR2,4500.0
632,M6I2124,232.41,20.0,2.5,3395.714285714286,137.0,128.0,56.0,WINTER,3500RR2,4500.0
633,M4V2116,742.69,18.0,3.436,8944.21052631579,244.2482,90.0,70.71000000000001,SUMMER,AS1730PRO3,4800.0
634,M4V2117,1488.34,25.0,2.5,9842.598010532476,229.86,79.8,76.4,SUMMER,AS1730PRO3,5700.0
635,M4V2118,1491.18,23.0,2.602702702702703,10463.824289405686,238.5188,75.9672,102.71600000000001,SUMMER,AS1730PRO3,4800.0
636,M7I2109,306.89,19.0,2.6,1768.4552845528456,150.8,104.0,108.0,WINTER,AS1868PRO3,3600.0
637,M7I2110,283.84,21.0,2.7,2084.205607476636,150.8,104.0,108.0,WINTER,AS1868PRO3,3600.0
638,M7I2111,-293.4,19.0,3.4,1578.9528795811518,150.8,104.0,108.0,WINTER,AS1868PRO3,3600.0
639,M7I2112,78.75,20.0,2.9,947.4545454545456,150.8,104.0,108.0,WINTER,AS1868PRO3,3600.0
640,M7I2113,14.22,20.0,3.1,3600.0,150.8,104.0,108.0,WINTER,AS1868PRO3,3800.0
641,M2I2145,1081.32,17.0,2.5,4048.0434782608695,230.1,129.5,18.5,WINTER,AS1850PRO3,6300.0
642,M2V2118,-711.77,17.0,2.845090909090909,7658.802395209581,23.1,109.2,102.0,SUMMER,AG8690PRO3,6000.0
643,M8V2123,798.82,30.0,2.5,3934.647887323944,160.0,104.0,120.0,SUMMER,DKB230PRO3,5100.0
644,M6V2151,-1.24,15.0,1.95,8123.538461538462,30.8,145.6,138.0,SUMMER,AS1633PRO3,5100.0
645,M6I2174,863.47,10.0,2.293846153846154,5682.247191011236,198.17000000000002,92.6,120.0,WINTER,DKB255PRO3,6700.0
646,M6I2175,-254.38,13.0,3.785454545454545,7694.444444444444,184.37,92.6,120.0,WINTER,AG9035PRO3,5700.0
647,M6I2176,9.29,12.0,3.2555555555555555,3540.0,184.59,93.64,168.0,WINTER,AG9035PRO3,4400.0
648,M8V2101,1563.34,23.0,2.006896551724138,5500.0,217.28,77.1,111.5,SUMMER,3500RR2,4700.0
649,M8V2102,1375.42,18.0,1.9853658536585368,4552.682926829269,210.38,77.1,111.5,SUMMER,3500RR2,4700.0
650,M2I2124,-874.1,15.0,3.01,2775.0714285714284,55.2,0.0,0.0,WINTER,AG9025PRO3,5300.0
651,M7I21108,945.65,24.0,2.7826666666666666,6588.4,206.44,106.08,90.0,WINTER,AS1820PRO3,5800.0
652,M2V2101,575.77,23.0,2.5,9615.142857142857,186.8,115.0,134.0,SUMMER,AG8480PRO3,6100.0
653,M2V2102,519.62,19.0,2.45,9265.263157894737,186.8,115.0,70.0,SUMMER,AG8480PRO3,6100.0
654,M2V2103,258.82,21.0,2.9,10292.586206896553,186.8,115.0,134.0,SUMMER,AG8480PRO3,6100.0
655,M2V2104,95.45,15.0,2.855,7959.1,186.8,115.0,134.0,SUMMER,DKB255PRO3,4900.0
656,M2V2105,682.7,18.0,2.21,9428.46153846154,186.8,115.0,134.0,SUMMER,AG8480PRO3,6100.0
657,M2I2150,581.15,11.0,2.33,8965.0,175.6,0.0,173.6,WINTER,AG8480PRO3,6700.0
658,M2I2151,22.05,15.0,2.1,7992.5,83.6,0.0,173.6,WINTER,AG8480PRO3,6700.0
659,M7I2124,1256.69,23.0,2.2,5438.200582687275,207.04000000000002,102.68,132.6,WINTER,DKB265PRO3,4400.0
660,M7I2125,525.31,20.0,3.1,5404.768583450211,207.04000000000002,102.68,132.0,WINTER,DKB265PRO3,3500.0
661,M7I2126,917.24,21.0,2.6,5404.920913884007,207.04000000000002,102.68,132.0,WINTER,DKB265PRO3,4400.0
662,M7V2101,1094.49,37.0,2.5,6400.923076923077,138.59,119.08,134.13,SUMMER,DKB335PRO3,4900.0
663,M7V2102,635.65,26.0,2.5,4478.75,122.39000000000001,119.08,139.18200000000002,SUMMER,DKB335PRO3,4900.0
664,M7V2103,1501.11,34.0,2.5,6136.025641025641,188.72,131.04,132.0,SUMMER,AG9000PRO3,3900.0
665,M7V2104,1610.33,27.0,2.5,7837.34693877551,205.02,120.64,140.4,SUMMER,AS1757PRO3,5200.0
666,M7V2105,1598.43,23.0,2.5,10280.227272727272,204.36,117.52,138.0,SUMMER,AS1757PRO3,5800.0
667,M7V2108,1063.82,18.0,2.5,9935.897435897436,169.59,119.08,111.132,SUMMER,AS1757PRO3,6500.0
668,M6I2162,155.08,15.0,2.5,4800.0,121.7,140.4,138.0,WINTER,AS1800PRO3,4400.0
669,M6V2138,-916.27,15.0,3.3,5925.2830188679245,59.4,280.8,0.0,SUMMER,AG7098PRO2,4200.0
670,M4V2122,372.01,21.0,2.15,6823.809523809524,211.3,98.4,96.0,SUMMER,DKB240PRO3,7800.0
671,M4V2123,808.53,27.0,1.85,922.8333333333334,204.57999999999998,108.16,97.8,SUMMER,AG9025PRO3,8500.0
672,M6I21113,1291.91,19.0,2.5,3721.794871794872,252.8,112.0,64.0,WINTER,AS1633,4400.0
673,M7I2137,1070.86,20.0,2.8705882352941177,8468.058252427185,228.51999999999998,120.64,132.0,WINTER,AG8700PRO3,6400.0
674,M7I2138,-161.42,14.0,3.2375,7712.058823529412,144.72,105.04,120.0,WINTER,AG8700PRO3,6500.0
675,M7I2139,1079.74,18.0,2.803125,8516.31067961165,228.85,122.2,120.0,WINTER,AS1820PRO3,7800.0
676,M7I2140,1470.48,20.0,2.34375,8629.801980198019,228.85,122.2,132.0,WINTER,AS1820PRO3,7800.0
677,M7I2141,1054.28,17.0,2.771875,8148.333333333333,227.2,114.4,120.0,WINTER,AS1820PRO3,7800.0
678,M7I2142,161.83,15.0,2.8657142857142857,7712.115384615385,147.8,119.6,120.0,WINTER,AG8700PRO3,6500.0
679,M7I2143,995.21,19.0,2.9611111111111112,8784.857142857143,228.74,121.68,132.0,WINTER,AG8700PRO3,6400.0
680,M7I2144,1525.87,18.0,2.1638888888888888,7712.056074766355,228.51999999999998,120.64,120.0,WINTER,AG8700PRO3,6500.0
681,M7I2145,652.68,16.0,3.203333333333333,5810.606060606061,228.51999999999998,120.64,120.0,WINTER,AS1820PRO3,4000.0
682,M7I2146,553.37,19.0,3.55625,8856.9,228.51999999999998,120.64,132.0,WINTER,AS1820PRO3,7800.0
683,M7I2190,826.22,21.0,3.17,7118.876404494382,228.51999999999998,120.64,132.0,WINTER,AG8700PRO3,6500.0
684,M2V2110,464.19,20.0,2.990923076923077,5976.526315789473,187.8,0.0,72.0,SUMMER,DKB290PRO3,5100.0
685,M2V2111,632.52,25.0,2.9569565217391305,7264.222222222223,187.8,0.0,72.0,SUMMER,DKB290PRO3,5100.0
686,M6I21170,-109.83,11.0,3.6208333333333336,5672.526315789473,200.0,118.4,120.0,WINTER,AG8088PRO2,4000.0
687,M6I21171,-113.96,14.0,3.6583333333333337,4480.0,200.0,118.4,120.0,WINTER,AG8700PRO3,6500.0
688,M6I21172,4.76,11.0,3.6125,9096.666666666666,200.0,118.4,120.0,WINTER,AG8700PRO3,6400.0
689,M6I21173,201.58,11.0,3.201639344262295,5672.583333333333,200.0,118.4,120.0,WINTER,AG8088PRO2,4000.0
690,M6I21174,-199.84,14.0,3.778688524590164,4582.8,200.0,118.4,120.0,WINTER,AG8700PRO3,6500.0
691,M6I21175,-219.87,13.0,3.756666666666667,4080.0,200.0,118.4,120.0,WINTER,AG8700PRO3,6500.0
692,M6V21108,-302.4,16.0,4.241269841269841,10193.2,200.22,119.44000000000001,0.0,SUMMER,DKB290TRE,5200.0
693,M6V2152,901.63,16.0,2.501639344262295,7395.409836065573,200.22,119.44000000000001,0.0,SUMMER,AG8780TRE,4400.0
694,M6V2153,865.69,12.0,2.5,8818.692307692309,200.22,119.44000000000001,0.0,SUMMER,DKB290TRE,5200.0
695,M6V2154,508.42,17.0,2.963235294117647,5644.37037037037,197.72,100.94000000000001,0.0,SUMMER,AG8780PRO4,4400.0
696,M6V2134,-615.47,15.0,3.01,9860.5,126.0,126.0,72.0,SUMMER,AS1770PRO3,6400.0
697,M7V2148,-238.45,21.0,4.3575,6557.6,206.44,106.08,120.0,SUMMER,3700RR2,5200.0
698,M7V2149,-258.51,23.0,4.404999999999999,5751.046511627907,206.44,106.08,120.0,SUMMER,3700RR2,5500.0
699,M7V2150,-54.1,22.0,4.154999999999999,6984.222222222223,206.44,106.08,120.0,SUMMER,3700RR2,5200.0
700,M7V2156,1469.79,25.0,2.3,9656.0,206.44,106.08,120.0,SUMMER,AS1666PRO3,5600.0
701,M4V2159,587.82,26.0,3.196551724137931,10478.153846153846,185.9,49.95,71.1,SUMMER,DKB265PRO3,5700.0
702,M4V2160,1700.85,19.0,2.01,10465.6,227.0,78.3,89.0,SUMMER,DKB265PRO3,7200.0
703,M4V2119,-172.76,17.0,2.8991625,9710.526315789471,211.75,98.4,99.0,SUMMER,AS1677PRO3,5200.0
704,M4V2120,-545.77,22.0,3.4415333333333336,8819.816513761469,201.85,98.4,78.0,SUMMER,AS1677PRO3,5200.0
705,M4V2121,403.06,19.0,2.0653,7302.666666666667,209.83,99.96000000000001,85.2,SUMMER,AS1677PRO3,5200.0
706,M4V2151,-269.84,22.0,3.068792307692308,10217.2,193.5,0.0,84.0,SUMMER,AG9025PRO3,7300.0
707,M4V2125,1619.65,23.0,2.3,6372.666666666667,234.77320000000003,95.9088,135.69,SUMMER,2200RR2,5900.0
708,M4V2172,1701.88,18.0,2.3,10834.222222222224,238.61950000000002,87.8176,143.328,SUMMER,3800RR2,6800.0
709,M4V2173,1796.67,17.0,2.23,10172.666666666666,245.961,91.0,121.5,SUMMER,3800RR2,6800.0
710,M6I2125,74.28,13.0,2.55,4734.420500873616,204.5,56.0,128.0,WINTER,3500RR2,4500.0
711,M6I2126,127.18,15.0,2.55,5089.285714285715,204.5,56.0,132.8,WINTER,3500RR2,4400.0
712,M6I2127,193.44,15.0,2.46,5089.423648247178,204.5,56.0,128.0,WINTER,3500RR2,4400.0
713,M6I2128,215.73,15.0,2.43,5088.96551724138,204.5,56.0,128.0,WINTER,3500RR2,4400.0
714,M6I2129,128.99,9.0,2.375,4941.2855377008655,204.5,56.0,128.0,WINTER,3500RR2,4400.0
715,M7I21106,-121.4,15.0,3.648484848484848,6571.985294117647,159.3,114.4,114.0,WINTER,AS1868PRO3,5400.0
716,M7I21107,-140.26,15.0,3.574647887323944,7423.928571428572,159.3,112.2,114.0,WINTER,AS1868PRO3,5400.0
717,M6I2156,265.5,15.0,2.5,11529.833333333334,116.2,114.4,0.0,WINTER,AS1822PRO3,8100.0
718,M6I2157,250.86,15.0,2.5,8623.333333333334,125.4,114.4,0.0,WINTER,AS1822PRO3,8100.0
719,M6V2104,487.25,20.0,2.8,4627.052631578948,174.8,0.0,0.0,SUMMER,AG9025PRO3,9200.0
720,M4V2165,710.23,21.0,1.7,6099.375,238.5,126.0,111.0,SUMMER,AS1677PRO3,5200.0
721,M4V2166,201.1,21.0,2.45,6382.312298479963,225.65,94.55,99.6,SUMMER,AS1677PRO3,5200.0
722,M4V2167,830.19,27.0,1.6,6937.291666666667,215.38,90.16,88.76,SUMMER,AS1677PRO3,5200.0
723,M4V2105,1334.24,14.0,2.371428571428572,4629.522431259045,237.776,125.632,130.26,SUMMER,DKB230PRO3,5800.0
724,M4V2106,1544.63,12.0,2.129169230769231,6909.94560994561,237.641,117.0,121.2,SUMMER,DKB230PRO3,5800.0
725,M4V2146,291.22,14.0,3.5431200000000005,6120.696721311476,220.35500000000002,117.208,122.4,SUMMER,DKB230PRO3,5800.0
726,M2I2131,-395.02,9.0,2.275294117647059,7384.7,42.0,0.0,99.0,WINTER,AG8480PRO3,5900.0
727,M2I2132,-503.51,15.0,2.132941176470588,2945.75,40.0,0.0,30.0,WINTER,AG8480PRO3,5900.0
728,M2I2133,-1218.33,15.0,3.245,8827.368421052632,0.0,0.0,99.0,WINTER,AG8480PRO3,5600.0
729,M7I21124,1363.32,16.0,1.8857142857142857,6600.0,209.0,70.0,97.0,WINTER,AS1868PRO3,3600.0
730,M7I21125,1199.44,15.0,1.7,1578.8709677419354,209.0,70.0,97.0,WINTER,AS1868PRO3,3600.0
731,M7I21126,949.9,15.0,2.20625,3538.695652173913,196.65,70.84,72.0,WINTER,AS1868PRO3,3800.0
732,M7I21127,1283.56,11.0,1.586111111111111,5800.0,196.65,93.61,72.0,WINTER,AS1868PRO3,3600.0
733,M7I21128,1303.87,17.0,1.9933333333333332,6600.0,209.0,70.0,97.0,WINTER,AS1868PRO3,3600.0
734,M7I21129,890.51,12.0,2.225,2210.5333333333333,209.0,70.0,97.0,WINTER,AS1868PRO3,3600.0
735,M6V2114,75.63,15.0,1.5,8237.368421052632,16.2,88.2,120.0,SUMMER,DKB255PRO3,6900.0
736,M6V2115,53.55,8.0,1.9,8481.875,111.8,93.6,120.0,SUMMER,DKB255PRO3,6900.0
737,M6V2116,382.73,15.0,2.0,6156.285714285715,201.8,93.6,120.0,SUMMER,DKB255PRO3,6900.0
738,M6V2167,-251.63,15.0,2.0,8170.222222222223,16.2,88.2,120.0,SUMMER,DKB255PRO3,6900.0
739,M7I2166,1038.11,21.0,2.5,8348.22966507177,198.33,105.16,120.0,WINTER,DKB360PRO3,5800.0
740,M7I2167,205.61,19.0,2.5,8765.66037735849,109.22,103.6,120.0,WINTER,DKB360PRO3,5800.0
741,M6V2117,-382.54,15.0,2.2,7406.071428571428,32.0,96.0,64.0,SUMMER,DKB290PRO3,7400.0
742,M6I2155,-1167.11,8.0,2.750270276456266,4613.4,0.22,1.04,0.0,WINTER,AG9030PRO3,3500.0
743,M6V2161,108.08,14.0,3.4420000076293946,5760.0,200.0,118.4,0.0,SUMMER,DKB390PRO4,5400.0
744,M6V2162,168.08,13.0,3.322222179836697,5488.260869565217,200.0,118.4,0.0,SUMMER,DKB390PRO4,5300.0
745,M6V2163,167.67,13.0,3.3119999980926518,4578.714285714285,202.2,128.8,0.0,SUMMER,DKB390PRO4,4300.0
746,M2V2107,78.64,18.0,3.047962962962964,4894.967741935484,201.5,88.4,177.0,SUMMER,3700RR2,5100.0
747,M7I21130,1306.64,12.0,1.5,2210.531914893617,209.0,70.0,97.0,WINTER,AS1868PRO3,3600.0
748,M6I21100,595.45,19.0,3.1,9223.606557377048,210.8,108.0,162.0,WINTER,AG8065PRO3,6900.0
749,M6I2199,661.0,18.0,3.1,8970.555555555555,220.0,108.0,162.0,WINTER,AG8065PRO3,6900.0
750,M6V21107,-434.81,15.0,2.3,6410.555555555556,36.0,63.0,150.0,SUMMER,DKB230PRO3,5400.0
751,M6I21142,-844.46,15.0,2.5,3266.7832167832166,0.0,0.0,90.0,WINTER,AS1633PRO3,3900.0
752,M4V2103,939.66,15.0,2.3788,7186.0,232.947,119.08,120.0,SUMMER,AG9025PRO3,8500.0
753,M7I2168,1210.74,23.0,2.1875,7070.7019967349,196.41,90.07000000000001,0.0,WINTER,DKB360PRO3,5400.0
754,M7I2169,1448.31,21.0,1.8125,7070.6731367425655,196.41,90.07000000000001,0.0,WINTER,DKB360PRO3,5400.0
755,M7I2170,1373.13,21.0,2.24,5328.645833333333,226.26,106.72,0.0,WINTER,DKB360PRO3,3900.0
756,M7I2171,1351.55,22.0,1.988888888888889,7513.445462785779,196.41,90.07000000000001,0.0,WINTER,DKB360PRO3,5800.0
757,M7I2172,1638.82,21.0,1.776923076923077,7871.1952487008175,210.21,90.07000000000001,0.0,WINTER,DKB360PRO3,5800.0
758,M7I2173,1721.33,21.0,1.6933333333333334,7871.193765961626,225.59,100.88,0.0,WINTER,DKB360PRO3,5800.0
759,M4V2104,1683.85,15.0,2.055,7855.5,237.165,124.28,120.0,SUMMER,AG9025PRO3,8500.0
760,M4V2107,1155.81,17.0,2.3166666666666678,8334.066666666668,198.78300000000002,2.6,124.02,SUMMER,AG9025PRO3,8500.0
761,M4V2147,1522.96,16.0,1.9209,5726.5,220.7,119.6,123.0,SUMMER,DKB235PRO3,4500.0
762,M4V2108,805.19,20.0,2.275,8624.755244755244,213.8,92.4,120.0,SUMMER,AG9025PRO3,8500.0
763,M4V2109,558.08,13.0,3.0,7366.8500687757905,215.54000000000002,91.74,108.0,SUMMER,AG9025PRO3,8500.0
764,M4V2145,864.86,20.0,2.543229166666667,5608.111111111111,231.3,145.6,120.0,SUMMER,DKB235PRO3,4500.0
765,M4V2114,228.94,20.0,2.5,5134.5,214.0,98.0,72.0,SUMMER,DKB230PRO3,6400.0
766,M4V2115,-216.25,17.0,3.642635294117648,6533.802816901408,229.0,98.0,96.0,SUMMER,DKB230PRO3,6400.0
767,M4V2113,1609.77,18.0,2.040909090909091,10623.492063492064,226.35,84.15,124.8,SUMMER,AG9025PRO3,8500.0
768,M7I21110,1104.08,22.0,2.5,5861.645569620253,206.44,106.08,120.0,WINTER,AG8700PRO3,4100.0
769,M7I21111,1091.39,23.0,2.5,4806.588235294118,206.44,106.08,120.0,WINTER,AG8700PRO3,4100.0
770,M7I21112,1029.89,20.0,2.5,4806.538461538462,206.44,106.08,120.0,WINTER,AG8700PRO3,4100.0
771,M7V2151,1597.46,19.0,1.8,5831.7,206.44,106.08,120.0,SUMMER,AS1666PRO3,5600.0
772,M7V2153,749.88,22.0,3.0,5275.117647058823,206.44,106.08,120.0,SUMMER,AS1666PRO3,5600.0
773,M7V2154,432.04,19.0,3.5,8812.888888888889,206.77,107.64,120.0,SUMMER,AS1666PRO3,5600.0
774,M7I21113,-561.2,23.0,4.9,7952.4,209.63,121.16,120.0,WINTER,AG9030PRO3,4200.0
775,M7I21114,-644.77,21.0,5.746666666666667,6542.461538461538,209.63,121.16,120.0,WINTER,AG9030PRO3,4500.0
776,M7I21115,-486.74,23.0,5.63,7501.692307692308,209.63,121.16,120.0,WINTER,AG9030PRO3,4500.0
777,M7I21116,-553.42,22.0,5.58,4867.6,209.63,121.16,120.0,WINTER,AG9030PRO3,4500.0
778,M7I21117,-510.27,18.0,5.46,6006.75,209.63,121.16,120.0,WINTER,AG9030PRO3,4500.0
779,M7I21118,-430.58,21.0,5.430769230769231,5895.826086956522,209.63,121.16,120.0,WINTER,AG9030PRO3,4200.0
780,M8V2152,429.34,15.0,2.5,2056.0714285714284,208.4,124.8,150.0,SUMMER,AG9025PRO3,8300.0
781,M8V2153,406.39,15.0,2.5,1329.6,208.4,124.8,150.0,SUMMER,AG9025PRO3,8300.0
782,M7I2121,-567.71,13.0,3.725806160860284,8669.655172413793,125.30000000000001,78.0,84.0,WINTER,AG7098TRE,6600.0
783,M7I2122,-410.53,22.0,3.641414141414141,5040.0,128.5,78.0,66.0,WINTER,AS1800PRO3,5000.0
784,M7I2123,383.8,13.0,2.5,7920.0,131.7,78.0,84.0,WINTER,AG7098TRE,6600.0
785,M7I2154,567.91,27.0,2.8,4800.0,171.5,77.7,90.0,WINTER,AG8780PRO4,4000.0
786,M7I2155,56.43,27.0,3.5,4680.0,171.5,77.7,120.0,WINTER,AG8780PRO4,3600.0
787,M7V2157,1645.88,24.0,1.78,5505.0,201.0,145.6,120.0,SUMMER,DKB230PRO3,5100.0
788,M7V2158,1615.81,27.0,1.7100000000000002,4651.481481481482,201.0,145.6,120.0,SUMMER,DKB230PRO3,5100.0
789,M4V2101,1716.36,22.0,1.708695652173913,7956.0,225.7,82.5,120.0,SUMMER,AG9025PRO3,8500.0
790,M4V2102,242.86,20.0,2.5,7508.94660894661,230.24,81.84,138.0,SUMMER,AG9025PRO3,8200.0
791,M6I21101,-131.89,15.0,2.5,5190.0,92.0,0.0,0.0,WINTER,DKB265PRO3,4600.0
792,M6I2169,421.94,15.0,3.0,1608.6046511627908,208.2,114.4,0.0,WINTER,DKB265PRO3,4800.0
793,M4V2152,-527.09,16.0,2.9,2783.0508474576272,178.0,96.0,117.0,SUMMER,DKB235PRO3,4600.0
794,M7I2159,1327.21,23.0,1.6800000000000002,9207.592592592591,145.0,104.0,120.0,WINTER,DKB360PRO3,5400.0
795,M7I2160,1293.0,17.0,1.5666666666666669,9349.444444444443,145.0,104.0,120.0,WINTER,DKB360PRO3,5400.0
796,M7I2161,835.69,26.0,2.4511111111111115,7070.72,145.0,104.0,120.0,WINTER,DKB360PRO3,5400.0
797,M7I2162,571.3,24.0,2.542222222222222,5280.0,143.0,92.0,120.0,WINTER,DKB290TRE,5300.0
798,M7I2163,1420.99,25.0,1.551923076923077,7871.192052980133,145.0,104.0,120.0,WINTER,DKB360PRO3,5800.0
799,M7V2111,995.51,27.0,2.5,6406.16,201.6,108.0,122.0,SUMMER,DKB230PRO3,5100.0
800,M7V2112,932.95,24.0,2.5,6371.36,201.6,108.0,122.0,SUMMER,DKB230PRO3,5100.0
801,M4V2129,-1042.23,15.0,3.0451679999999994,8458.681318681318,0.0,0.0,108.0,SUMMER,DKB290PRO3,5600.0
802,M4V2110,771.61,10.0,1.4,8233.333333333334,113.0,105.0,125.0,SUMMER,3110RR2,8300.0
803,M4V2111,696.66,12.0,1.5,6921.111111111111,113.0,105.0,125.0,SUMMER,3110RR2,8300.0
804,M4V2112,-753.31,10.0,2.45,4628.369565217391,21.0,105.0,125.0,SUMMER,DKB235PRO3,4600.0
805,M6I21112,-187.87,19.0,2.7,5519.069767441861,92.0,0.0,0.0,WINTER,AG8065PRO3,8500.0
806,M6I21134,546.65,12.0,2.69875,4573.619047619048,194.0,94.0,90.0,WINTER,AS1868PRO3,5400.0
807,M6I21135,643.77,19.0,2.89,7602.166666666667,194.0,94.0,90.0,WINTER,AS1868PRO3,5200.0
808,M6I21136,767.85,18.0,2.635,6183.238095238095,194.0,94.0,90.0,WINTER,AS1868PRO3,5400.0
809,M6I21137,706.31,17.0,2.7625,7874.272727272727,194.0,94.0,90.0,WINTER,AS1868PRO3,5400.0
810,M6I21138,950.91,17.0,2.38,6634.102564102564,194.0,94.0,90.0,WINTER,AS1868PRO3,5400.0
811,M6I21139,-2246.65,15.0,4.4,2324.6,10.0,94.0,90.0,WINTER,AS1868PRO3,5400.0
812,M6I21140,-1154.65,15.0,2.93,2324.5238095238096,10.0,94.0,90.0,WINTER,AS1868PRO3,5400.0
813,M7I2150,83.5,17.0,3.3,4800.0,180.7,77.7,102.0,WINTER,AG7098TRE,6000.0
814,M7I2151,349.32,29.0,3.1,3792.9,171.5,77.7,78.0,WINTER,AG8700PRO3,5900.0
815,M7I2152,116.95,27.0,3.35,3612.1951219512193,171.5,77.7,78.0,WINTER,AG8700PRO3,5900.0
816,M7I2153,401.31,30.0,3.05,3612.1917808219177,171.5,77.7,78.0,WINTER,AG8700PRO3,5900.0
817,M6I21178,-768.13,15.0,2.8,9984.857142857143,38.0,91.2,38.0,WINTER,AG1051,9800.0
818,M7I2114,192.63,14.0,3.4595238095238097,4648.488372093023,211.7,109.2,0.0,WINTER,AS1820PRO3,4000.0
819,M7I2115,2902.12,15.0,3.905769230769231,4648.431372549019,423.4,218.4,204.0,WINTER,AS1820PRO3,4000.0
820,M7I2127,-360.06,20.0,3.325,6837.65306122449,115.1,109.2,102.0,WINTER,AS1844PRO3,6000.0
821,M7I2128,354.65,16.0,3.4477611940298507,8205.151515151516,211.7,109.2,0.0,WINTER,AS1844PRO3,7200.0
822,M7I2193,689.97,25.0,3.1818181818181817,8205.166666666666,207.1,109.2,0.0,WINTER,AS1844PRO3,7200.0
823,M6I21133,772.27,12.0,2.7125,6477.0,207.65,111.8,120.0,WINTER,AS1666PRO3,3700.0
824,M6I21131,1047.35,11.0,2.2285714285714286,4453.0,207.65,111.8,120.0,WINTER,AS1666PRO3,3700.0
825,M6I21132,1158.87,16.0,2.18125,3628.0,207.65,111.8,120.0,WINTER,AS1666PRO3,3300.0
826,M6I21130,1095.32,14.0,2.1707317073170733,2670.75,207.65,111.8,120.0,WINTER,AS1666PRO3,3300.0
827,M4V2144,-717.18,20.0,3.6976714285714287,6700.472255017709,223.0,120.0,105.0,SUMMER,AG9021PRO3,4500.0
828,M4V2150,911.44,20.0,3.628457142857143,8162.790697674418,309.3,124.8,105.0,SUMMER,AG9021PRO3,4500.0
829,M8V2148,-350.22,17.0,4.88125,5594.0,201.0,125.8,90.0,SUMMER,AG8700PRO3,5000.0
830,M8V2150,-233.82,21.0,5.907407407407407,6168.831168831169,201.0,125.8,90.0,SUMMER,AG8700PRO3,5000.0
831,M8V2138,-1866.87,15.0,4.1125,6279.3,24.0,120.0,0.0,SUMMER,AG8700PRO3,5000.0
832,M4V2168,-131.55,15.0,3.922118181818182,10040.5,212.0,126.0,54.0,SUMMER,DKB265PRO3,7200.0
833,M8V2131,-148.62,22.0,4.611764705882353,10596.372549019608,201.0,125.8,90.0,SUMMER,AG8700PRO3,5000.0
834,M8V2139,1876.18,27.0,2.5,8937.222222222223,257.5,130.0,90.0,SUMMER,AG8480PRO3,8300.0
835,M8V2140,1625.27,18.0,2.5,6294.666666666667,211.5,130.0,90.0,SUMMER,AG8480PRO3,8300.0
836,M8V2141,1770.6,27.0,2.5,5607.2972972972975,257.5,130.0,90.0,SUMMER,AG8480PRO3,8300.0
837,M8V2142,1742.96,25.0,2.5,4330.25,119.5,130.0,90.0,SUMMER,AG8480PRO3,7600.0
838,M8V2143,1764.19,27.0,2.5,3699.777777777778,119.5,130.0,90.0,SUMMER,AG8480PRO3,7600.0
839,M6I2137,2261.29,17.0,0.4,2225.0,199.4,72.8,120.0,WINTER,AG9030PRO3,3600.0
840,M8V2146,456.16,23.0,3.7,7326.041666666667,178.0,125.8,96.0,SUMMER,AG7088PRO3,8200.0
841,M6I21205,945.5,17.0,2.7564102564102564,5091.914893617021,153.8,93.6,120.0,WINTER,DKB360PRO3,5400.0
842,M6I2164,2071.85,23.0,2.5,7201.851851851852,210.0,104.0,120.0,WINTER,DKB360PRO3,5300.0
843,M6I2165,928.75,13.0,2.661904761904762,5091.964285714285,153.8,93.6,108.0,WINTER,DKB360PRO3,5400.0
844,M6I2166,326.57,16.0,2.6166666666666667,5092.0,153.8,93.6,90.0,WINTER,DKB360PRO3,5400.0
845,M6I2167,572.75,25.0,2.5,7029.069767441861,108.1,83.2,120.0,WINTER,DKB360PRO3,5400.0
846,M6I2168,1915.66,25.0,2.7564102564102564,6981.276595744681,210.0,104.0,120.0,WINTER,DKB360PRO3,5400.0
847,M6I2183,1348.88,14.0,2.5708333333333333,4054.7619047619046,206.4,78.4,134.8,WINTER,DKB360PRO3,4300.0
848,M6I2184,1061.97,16.0,2.5278260869565217,4054.7619047619046,153.8,93.6,120.0,WINTER,DKB360PRO3,4300.0
849,M6V2173,-998.34,15.0,2.95,5226.086956521739,16.5,78.0,0.0,SUMMER,DKB230PRO3,5400.0
850,M6V2174,-582.69,15.0,2.5708333333333333,7885.238095238095,16.5,78.0,120.0,SUMMER,DKB230PRO3,5400.0
851,M6V2175,-606.88,15.0,2.5278260869565217,6110.6349206349205,16.5,78.0,120.0,SUMMER,DKB230PRO3,5400.0
852,M6V2176,-16.35,15.0,2.5,7518.214285714285,70.5,78.0,120.0,SUMMER,DKB230PRO3,4700.0
853,M6V2177,-716.67,15.0,2.5,3560.9523809523807,16.5,78.0,0.0,SUMMER,DKB230PRO3,5400.0
854,M7I2129,354.92,15.0,3.2,5927.894736842105,206.4,112.0,120.0,WINTER,DKB290TRE,5500.0
855,M7I2130,-355.63,15.0,4.2,7680.0,203.2,96.0,108.0,WINTER,DKB290TRE,5500.0
856,M7I2131,131.19,15.0,3.5,6623.958333333333,203.2,96.0,108.0,WINTER,AG8700PRO4,4600.0
857,M7I2132,109.16,15.0,3.6,8280.0,203.2,96.0,108.0,WINTER,AG8700PRO4,4600.0
858,M7I2133,-504.55,15.0,4.4,7668.0,203.2,96.0,108.0,WINTER,DKB290TRE,5500.0
859,M7I2134,1055.45,15.0,2.3,7668.0,203.2,96.0,108.0,WINTER,DKB290TRE,5500.0
860,M7I2135,848.81,22.0,2.7071428571428573,6399.72972972973,203.2,96.0,90.0,WINTER,DKB390PRO4,5200.0
861,M7I2136,995.0,19.0,2.4,5748.035714285715,203.2,96.0,90.0,WINTER,DKB390PRO4,5200.0
862,M7V2129,333.95,19.0,3.671951219512195,8920.87912087912,210.29,124.28,102.0,SUMMER,AG8700PRO3,5000.0
863,M7V2130,727.1,25.0,3.3425,9819.166666666666,209.96,122.72,102.0,SUMMER,AG8700PRO3,5000.0
864,M7V2131,764.59,27.0,3.248854961832061,7313.59375,210.62,125.84,102.0,SUMMER,3700RR2,5200.0
865,M7V2132,563.84,22.0,3.479710144927536,9149.154929577464,211.9125,131.95,108.0,SUMMER,3700RR2,5500.0
866,M7V2133,1189.74,17.0,2.5,9190.75,211.82999999999998,131.56,108.0,SUMMER,3700RR2,5500.0
867,M6I21102,635.2,17.0,3.046875,4054.754098360656,156.4,78.4,164.8,WINTER,DKB360PRO3,4300.0
868,M6V2178,-1169.08,15.0,3.2221463414634144,6212.0,16.5,78.0,0.0,SUMMER,DKB363PRO3,3000.0
869,M6V2179,-695.83,15.0,2.5,4221.263157894737,16.5,78.0,0.0,SUMMER,DKB363PRO3,3000.0
870,M8V2151,-665.62,15.0,2.5,5333.75,16.0,128.0,126.0,SUMMER,DKB230PRO4,4800.0
871,M6V21100,-643.96,15.0,3.2,7576.382978723404,180.0,0.0,180.0,SUMMER,DKB290PRO3,6300.0
872,M6V2199,-399.78,15.0,2.8,5906.981132075472,180.0,0.0,180.0,SUMMER,DKB290PRO3,6300.0
873,M2V2128,32.85,10.0,3.5,8383.939393939394,186.3,0.0,100.2,SUMMER,AG8088PRO2,6200.0
874,M2V2129,-1145.98,8.0,3.6,7419.192546583851,62.1,0.0,181.2,SUMMER,AG8088PRO2,6200.0
875,M6I21183,863.69,15.0,2.5,4650.769230769231,215.4,108.0,168.0,WINTER,AG8065PRO3,6900.0
876,M6I21184,514.75,15.0,3.1,6298.125,220.0,108.0,162.0,WINTER,AG8065PRO3,6900.0
877,M6I21185,580.45,15.0,3.1,8210.882352941177,220.0,108.0,174.0,WINTER,AG8065PRO3,6900.0
878,M6V21109,-0.97,15.0,2.5,8201.75,92.0,0.0,0.0,SUMMER,DKB230PRO3,5400.0
879,M6V2191,-337.4,15.0,3.1,6407.142857142857,128.0,63.0,150.0,SUMMER,DKB230PRO3,5400.0
880,M6V2195,438.65,15.0,2.1,7456.0,128.0,126.0,150.0,SUMMER,DKB230PRO3,5400.0
881,M6V2196,848.98,15.0,2.5,7693.066666666667,201.6,63.0,150.0,SUMMER,DKB230PRO3,5400.0
882,M6I21143,105.64,9.0,3.540625,11689.75,191.34,121.68,138.0,WINTER,DKB177PRO3,7500.0
883,M6I21144,546.63,10.0,2.8833333333333333,9552.08695652174,191.34,121.68,138.0,WINTER,DKB177PRO3,7500.0
884,M6I21145,436.83,12.0,2.940625,10369.565217391304,177.32000000000002,120.64,138.0,WINTER,DKB177PRO3,7500.0
885,M8V2160,449.67,16.0,2.69,8992.923076923076,153.0,114.4,78.0,SUMMER,AG7088PRO3,8200.0
886,M8V2161,-1035.15,15.0,5.38,11044.670658682637,153.0,114.4,78.0,SUMMER,AG1051,9700.0
887,M8V2162,-1092.21,13.0,5.38,10502.634730538924,153.0,114.4,81.0,SUMMER,AG1051,9700.0
888,M8V2163,-427.99,15.0,3.75,6746.72268907563,153.0,114.4,81.0,SUMMER,AS1868PRO3,5500.0
889,M8V2164,417.6,20.0,2.86,9145.333333333334,153.55,117.0,84.0,SUMMER,AG7088PRO3,8200.0
890,M6I2188,1077.47,19.0,2.5,4670.967741935484,218.5,119.6,0.0,WINTER,DKB265PRO3,4600.0
891,M7I2174,1284.24,25.0,2.43,11398.984771573603,200.28,76.96,0.0,WINTER,3700RR2,6900.0
892,M7I2175,1132.28,20.0,2.59,11261.478260869566,203.57999999999998,92.56,102.0,WINTER,3700RR2,6900.0
893,M7I2176,1461.29,21.0,2.0,9490.78073089701,200.28,76.96,0.0,WINTER,3700RR2,6900.0
894,M7I2182,947.94,20.0,2.68625,4299.875,215.24,147.68,90.0,WINTER,AS1820PRO3,3700.0
895,M7I2183,330.49,24.0,3.8146874999999993,8516.307692307691,215.79,150.28,90.0,WINTER,AS1820PRO3,7100.0
896,M7I2184,315.95,20.0,3.5370000000000004,4299.8,215.24,147.68,90.0,WINTER,AS1820PRO3,3700.0
897,M7I2185,360.39,19.0,3.5775,6908.25,215.24,147.68,120.0,WINTER,AS1820PRO3,7100.0
898,M7I2186,2525.0,24.0,1.5891891891891892,10182.933333333332,271.55,132.6,108.0,WINTER,DKB290PRO3,6700.0
899,M7I2187,2560.11,21.0,1.5192307692307692,11515.6,271.77,133.64,108.0,WINTER,DKB290PRO3,6700.0
900,M7I2188,1974.12,20.0,2.1115384615384616,8252.4,258.05,132.6,108.0,WINTER,DKB290PRO3,6700.0
901,M7I2189,2562.38,24.0,1.4675675675675677,8504.8,271.55,132.6,108.0,WINTER,DKB290PRO3,6700.0
902,M6I21179,-610.22,15.0,2.7,5498.266666666666,112.0,86.4,78.0,WINTER,AG8480PRO4,3800.0
903,M6I21180,-81.29,15.0,2.66,5880.0,128.0,86.4,36.0,WINTER,AG8480PRO4,3800.0
904,M6I2187,237.95,25.0,2.5,9267.777777777776,208.0,136.0,168.0,WINTER,DKB360PRO3,4900.0
905,M7I2192,-113.13,15.0,2.8,5392.731741573034,44.1,0.0,120.0,WINTER,AG8700PRO3,4600.0
906,M7I21101,373.55,19.0,3.333333333333333,5610.5,208.10000000000002,98.8,90.0,WINTER,DKB265PRO3,5100.0
907,M7I21102,470.26,21.0,3.2583333333333337,5610.416666666667,208.10000000000002,98.8,90.0,WINTER,DKB265PRO3,5100.0
908,M7I21103,784.98,22.0,2.89375,5610.540540540541,210.4,98.8,90.0,WINTER,DKB265PRO3,5100.0
909,M7I21104,327.29,21.0,3.18125,8378.648648648648,170.3,98.8,90.0,WINTER,DKB265PRO3,5100.0
910,M7I21105,505.31,19.0,2.812903225806452,5610.5970149253735,173.5,98.8,90.0,WINTER,DKB265PRO3,5100.0
911,M6I21190,-648.15,18.0,4.16,5955.0,242.0,0.0,100.0,WINTER,AG8480PRO3,7100.0
912,M6I21191,912.52,21.0,2.5,6707.4,265.0,0.0,100.0,WINTER,AG8480PRO3,7100.0
913,M6I21192,529.23,22.0,2.91,3566.6129032258063,265.0,0.0,100.0,WINTER,AG8480PRO3,7200.0
914,M6I21193,202.99,18.0,3.3466666666666667,6105.581395348837,265.0,0.0,100.0,WINTER,AG8480PRO3,7100.0
915,M6I21197,-239.89,15.0,2.597850968320494,4073.493975903615,92.0,0.0,0.0,WINTER,DKB360PRO3,5400.0
916,M6I21199,314.8,17.0,3.12,6969.677419354839,184.0,0.0,0.0,WINTER,DKB360PRO3,5400.0
917,M6I21200,-312.82,19.0,2.93,6969.636363636364,92.0,0.0,0.0,WINTER,DKB360PRO3,5400.0
918,M6I21201,485.73,17.0,3.2400000000000007,7954.666666666667,207.0,0.0,0.0,WINTER,DKB360PRO3,5800.0
919,M6I21202,-522.49,18.0,4.25,6392.846153846154,184.0,0.0,0.0,WINTER,DKB360PRO3,5400.0
