,Field_Name,CO2_kg_per_Ha,Total_Water_Applied_mm,Crop_Protection_Application_Doses,Soil_Organic_Matter,Yield_kg_per_Ha,N_as_Urea_kg_per_Ha,N_as_Nitrate_kg_per_Ha,N_as_Ammonium_kg_per_Ha,P_as_Phosphorus_kg_per_Ha,P_as_P2O5_kg_per_Ha,K_as_Potassium_kg_per_Ha,K_as_K2O_kg_per_Ha
0,M6I2035,-220.35,350.0,14.0,2.5,3003.3333333333335,0.0,205.5,0.0,48.0,0.0,48.0,0.0
1,M6I2036,3847.21,350.0,18.0,2.5,2327.722222222222,138.0,108.0,0.0,108.0,0.0,108.0,0.0
2,M6I2037,415.52,350.0,13.0,2.5,3051.8,138.0,60.0,0.0,60.0,0.0,60.0,0.0
3,M6I2009,724.51,350.0,9.0,2.5,3732.777777777778,151.8,18.0,32.05,90.0,2.6,96.0,0.0
4,M6I2010,502.1,350.0,9.0,2.5,3919.2727272727275,128.8,18.0,32.05,90.0,2.6,90.0,0.0
5,M6I2011,539.27,350.0,10.0,2.5,4142.4,128.8,18.0,32.05,90.0,2.6,102.0,0.0
6,M6I20175,814.34,350.0,9.0,2.5,4123.2,151.8,24.0,32.05,120.0,2.6,0.0,138.0
7,M6I2022,549.46,350.0,10.0,2.5,3857.684210526316,128.8,18.0,32.05,90.0,2.6,0.0,102.0
8,M6I20134,730.99,350.0,17.0,2.5,4164.7,115.0,10.0,52.5,75.0,0.0,50.0,90.0
9,M6V2017,-246.74,450.0,14.0,3.69,4096.560846560847,170.2,0.0,0.0,0.0,0.0,0.0,0.0
10,M6V2018,219.02,450.0,20.0,3.38,3890.719696969697,87.4,0.0,0.0,0.0,0.0,0.0,90.0
11,M6I2015,407.45,350.0,9.0,2.5,2475.25,0.0,67.5,67.5,0.0,0.0,0.0,0.0
12,M6I2016,314.58,350.0,15.0,2.5,6446.71875,0.0,37.125,62.425,0.0,119.6,0.0,0.0
13,M6V2039,860.73,450.0,18.0,2.6814285714285715,5349.777777777777,0.0,37.125,37.125,0.0,0.0,0.0,0.0
14,M6V2040,799.98,450.0,17.0,2.6814285714285715,5162.888888888889,0.0,37.125,37.125,0.0,0.0,0.0,0.0
15,M7I2030,1048.51,350.0,15.0,2.5,3741.0227272727275,92.0,0.0,22.0,0.0,104.0,0.0,120.0
16,M7I2031,965.63,350.0,17.0,2.5,2910.576923076923,174.8,0.0,22.0,0.0,104.0,0.0,120.0
17,M7I2032,1019.04,350.0,20.0,2.5,3487.9411764705883,174.8,35.0,0.0,85.0,0.0,0.0,90.0
18,M7I2033,1034.53,350.0,19.0,2.5,3452.3333333333335,174.8,0.0,22.0,0.0,104.0,0.0,120.0
19,M7I2034,1211.95,350.0,16.0,2.5,3098.3333333333335,115.0,0.0,22.0,0.0,104.0,0.0,108.0
20,M7I2027,1238.38,350.0,23.0,2.5,3489.0243902439024,92.0,0.0,33.0,0.0,156.0,0.0,90.0
21,M7I2028,1107.38,350.0,19.0,2.5,2788.2291666666665,181.7,0.0,33.0,0.0,156.0,0.0,108.0
22,M7I2029,1084.94,350.0,19.0,2.5,3055.8,179.4,0.0,33.0,0.0,156.0,0.0,90.0
23,M7V2036,1426.97,450.0,25.0,2.3162500000000006,4349.313725490196,187.68,0.0,24.2,0.0,114.4,0.0,120.0
24,M6V2074,-1118.18,450.0,15.0,3.320000000000001,5116.571428571428,0.0,23.0,0.0,75.9,0.0,0.0,0.0
25,M6V2075,-1069.08,450.0,15.0,3.05,3283.1944444444443,0.0,23.0,0.0,75.9,0.0,0.0,0.0
26,M6V2076,-611.26,450.0,15.0,2.620000000000001,5462.833333333333,0.0,26.0,0.0,85.8,0.0,0.0,0.0
27,M6V2077,-562.59,450.0,15.0,2.5842857142857145,5368.96,0.0,23.5,0.0,77.55,0.0,0.0,0.0
28,M6I2017,124.6,350.0,14.0,2.5,3305.769230769231,0.0,37.125,62.425,0.0,119.6,0.0,0.0
29,M6V2042,827.28,450.0,10.0,2.575555555555556,5806.785714285715,0.0,37.125,37.125,0.0,0.0,0.0,0.0
30,M6V2085,-37.64,450.0,13.0,2.5,3375.3571428571427,0.0,37.125,37.125,0.0,0.0,0.0,0.0
31,M6V2086,58.13,450.0,15.0,2.4699999999999998,3923.777777777778,0.0,37.125,37.125,0.0,0.0,0.0,0.0
32,M6V2019,456.65,450.0,20.0,2.5,2414.3809523809523,92.0,0.0,52.83,0.0,1.56,0.0,90.0
33,M6V2020,585.01,450.0,18.0,2.3,2586.5,92.0,0.0,52.5,0.0,0.0,0.0,90.0
34,M6V2021,158.27,450.0,17.0,2.7,959.2307692307693,92.0,0.0,52.5,0.0,0.0,0.0,90.0
35,M6V2022,312.2,450.0,18.0,2.2,1745.2083333333333,27.6,0.0,58.8,0.0,0.0,0.0,90.0
36,M6V2023,821.49,450.0,21.0,1.9,900.0,92.0,0.0,52.5,0.0,0.0,0.0,90.0
37,M6V2024,550.49,450.0,15.0,2.2,1893.6538461538462,92.0,0.0,52.5,0.0,0.0,0.0,90.0
38,M6V2005,647.47,450.0,20.0,2.68,4462.686567164179,147.2,24.48,1.1,119.68,5.2,0.0,139.8
39,M6V2006,-370.11,450.0,14.0,2.68,3909.2819614711034,46.0,24.48,0.8800000000000001,119.68,4.16,0.0,139.8
40,M6I2049,-653.39,350.0,15.0,2.5,2754.081632653061,0.0,0.0,16.5,0.0,78.0,0.0,0.0
41,M6V2073,575.44,450.0,16.0,3.03695652173913,3549.423076923077,92.0,14.0,0.0,105.0,0.0,56.0,120.0
42,M6I20151,920.28,350.0,13.0,2.5,2078.5365853658536,92.0,0.0,25.3,0.0,119.6,0.0,132.0
43,M6I2069,922.04,350.0,13.0,2.5,2146.3953488372094,184.0,0.0,25.3,0.0,119.6,0.0,132.0
44,M6V2034,917.31,450.0,14.0,2.4,5074.878048780488,92.0,0.0,0.0,0.0,0.0,0.0,0.0
45,M6V2035,152.32,450.0,15.0,2.5,3308.181818181818,92.0,0.0,25.3,0.0,119.6,0.0,0.0
46,M6I2052,-841.28,350.0,15.0,2.5,3263.0,0.0,0.0,0.0,0.0,0.0,0.0,90.0
47,M6I20167,791.93,350.0,10.0,2.5,1846.0,92.0,36.0,0.0,108.0,0.0,54.0,96.0
48,M6I20168,1052.09,350.0,16.0,2.5,3111.2,92.0,36.0,0.0,108.0,0.0,54.0,216.0
49,M2V2027,3214.68,450.0,16.0,2.5,1664.421052631579,315.1,0.0,71.35810000000001,0.0,337.32919999999996,0.0,162.0
50,M6I2093,280.04,350.0,18.0,2.5,3896.5,0.0,0.0,25.3,0.0,119.6,0.0,120.0
51,M6I2094,286.06,350.0,19.0,2.5,3576.0,0.0,0.0,25.3,0.0,119.6,0.0,120.0
52,M6I2095,1077.33,350.0,15.0,2.5,3100.0,0.0,0.0,25.3,0.0,119.6,0.0,120.0
53,M6I2096,1258.23,350.0,21.0,2.5,4442.5,0.0,0.0,25.3,0.0,119.6,0.0,120.0
54,M6I2097,1109.83,350.0,16.0,2.5,3835.5555555555557,0.0,0.0,25.3,0.0,119.6,0.0,120.0
55,M6I2098,1058.22,350.0,13.0,2.5,3613.3333333333335,0.0,0.0,25.3,0.0,119.6,0.0,120.0
56,M6V2052,-82.91,450.0,9.0,2.86,2778.832116788321,69.0,150.7,0.0,0.0,0.0,0.0,0.0
57,M6I2038,-559.76,350.0,15.0,2.5,4367.458482236704,0.0,0.0,17.93,0.0,84.76,0.0,69.6
58,M6I2041,-469.93,350.0,15.0,2.5,4900.040855236279,0.0,0.0,25.52,0.0,120.64,0.0,117.6
59,M6I2042,-559.94,350.0,15.0,2.5,4677.776605843265,0.0,0.0,13.75,0.0,65.0,0.0,123.6
60,M6I2043,-576.1,350.0,15.0,2.5,3610.7745564690613,0.0,0.0,15.84,0.0,74.88,0.0,121.8
61,M6I2044,167.25,350.0,15.0,2.5,5174.348697394789,87.4,0.0,20.7306,0.0,97.9992,0.0,105.0
62,M6I2045,-517.03,350.0,15.0,2.5,4983.862461765636,0.0,0.0,20.5183,0.0,96.9956,0.0,111.6
63,M6I2046,-492.96,350.0,15.0,2.5,4856.646825396825,0.0,0.0,23.87,0.0,112.84,0.0,82.8
64,M6I2047,94.93,350.0,15.0,2.5,5222.068965517241,87.4,0.0,13.2,0.0,62.4,0.0,84.0
65,M6I2048,147.03,350.0,15.0,2.5,5696.892138939671,87.4,0.0,13.2,0.0,62.4,0.0,145.99800000000002
66,M2I2036,-598.51,350.0,15.0,2.5,3796.03305785124,0.0,0.0,22.0,0.0,104.0,0.0,0.0
67,M2I2037,-563.55,350.0,15.0,2.5,4414.311377245509,0.0,0.0,22.0,0.0,104.0,0.0,0.0
68,M2V2017,813.39,450.0,23.0,2.5,3461.0810810810813,55.2,0.0,0.0,0.0,0.0,0.0,0.0
69,M6I20130,890.3,350.0,16.0,2.5,4189.333333333333,161.0,0.0,25.3,0.0,119.6,0.0,120.0
70,M6I20131,40.85,350.0,15.0,2.5,3646.823529411765,69.0,0.0,25.3,0.0,119.6,0.0,120.0
71,M7I2076,866.61,350.0,15.0,2.5,2054.3529411764707,184.0,0.0,17.05,0.0,80.6,0.0,102.0
72,M7I2077,1129.61,350.0,19.0,2.5,2698.4745762711864,105.8,0.0,16.72,0.0,79.04,0.0,111.0
73,M7I2078,1070.73,350.0,21.0,2.5,4224.0,92.0,0.0,16.72,0.0,79.04,0.0,117.0
74,M7V2067,1106.38,450.0,17.0,2.5,3306.0,92.0,0.0,22.0,0.0,104.0,0.0,120.0
75,M6I20152,950.98,350.0,21.0,2.5,1123.612740232789,184.0,0.0,25.3,0.0,119.6,0.0,0.0
76,M6I20153,1043.16,350.0,22.0,2.5,2386.2776877363585,92.0,0.0,25.3,0.0,119.6,0.0,0.0
77,M6I20154,423.63,350.0,13.0,2.5,2535.405041370021,138.0,0.0,25.3,0.0,119.6,0.0,0.0
78,M6I20155,919.91,350.0,13.0,2.5,2679.4318590435096,92.0,0.0,25.3,0.0,119.6,0.0,120.0
79,M7I2024,870.74,350.0,20.0,2.5,2918.974358974359,55.2,0.0,22.33,0.0,105.56,0.0,120.0
80,M7I2025,976.89,350.0,20.0,2.5,3232.1428571428573,117.3,0.0,22.33,0.0,105.56,0.0,90.0
81,M7I2026,881.41,350.0,18.0,2.5,4033.2075471698113,82.8,0.0,22.33,0.0,105.56,0.0,120.0
82,M7V2029,1255.56,450.0,25.0,2.5,4416.88,59.8,0.0,23.1,0.0,109.2,0.0,120.0
83,M7V2030,914.34,450.0,23.0,2.5,4351.727272727273,59.8,0.0,0.0,0.0,0.0,0.0,0.0
84,M7V2031,820.02,450.0,21.0,2.5,3427.2727272727275,59.8,0.0,0.0,0.0,0.0,0.0,0.0
85,M7V2032,689.96,450.0,15.0,2.5,2931.276595744681,59.8,0.0,0.0,0.0,0.0,0.0,0.0
86,M7V2033,-194.42,450.0,18.0,2.5,4662.738095238095,59.8,0.0,0.0,0.0,0.0,0.0,0.0
87,M7V2034,1248.87,450.0,26.0,2.5,4016.076923076923,59.8,0.0,23.1,0.0,109.2,0.0,120.0
88,M6I2012,-577.94,350.0,15.0,2.5,3829.1346153846152,0.0,0.0,22.0,0.0,104.0,72.0,0.0
89,M6I2013,163.09,350.0,15.0,2.5,4292.692307692308,92.0,0.0,22.0,0.0,104.0,72.0,0.0
90,M6I2014,496.51,350.0,15.0,2.5,4125.393258426966,92.0,90.0,22.0,0.0,104.0,72.0,0.0
91,M7V2023,-493.88,450.0,13.0,4.5,3685.6190476190477,92.0,0.0,17.6,0.0,83.2,0.0,120.0
92,M7V2024,1135.37,450.0,16.0,2.5,5446.666666666667,92.0,0.0,16.5,0.0,78.0,0.0,120.0
93,M7V2025,-1146.97,450.0,23.0,4.5,3197.3333333333335,92.0,0.0,22.0,0.0,104.0,0.0,120.0
94,M7V2026,-665.73,450.0,15.0,4.8,4785.333333333333,92.0,0.0,16.5,0.0,78.0,0.0,120.0
95,M7V2027,-1427.07,450.0,19.0,5.3,4104.833333333333,92.0,0.0,16.5,0.0,78.0,0.0,108.0
96,M7V2028,-1074.05,450.0,28.0,4.6,3308.9166666666665,92.0,0.0,23.1,0.0,109.2,0.0,120.0
97,M7I2012,1102.21,350.0,20.0,2.5,4794.625,92.0,0.0,17.6,0.0,83.2,0.0,108.0
98,M7I2013,1018.44,350.0,16.0,2.5,4817.906976744186,92.0,0.0,17.6,0.0,83.2,0.0,102.0
99,M7I2014,1009.29,350.0,16.0,2.5,3685.222222222222,186.3,0.0,22.0,0.0,104.0,0.0,120.0
100,M7I2015,961.43,350.0,13.0,2.5,3783.0,183.07999999999998,0.0,24.2,0.0,114.4,0.0,108.0
101,M7I2016,1064.11,350.0,15.0,2.5,4267.2307692307695,182.16,0.0,24.2,0.0,114.4,0.0,108.0
102,M7I2017,1038.79,350.0,15.0,2.5,4260.0,181.7,0.0,22.0,0.0,104.0,0.0,108.0
103,M7I2018,876.16,350.0,12.0,2.5,3112.769230769231,181.7,0.0,24.2,0.0,114.4,0.0,108.0
104,M7I2035,1058.31,350.0,15.0,2.5,4696.222222222223,92.0,0.0,24.2,0.0,114.4,0.0,90.0
105,M7V2006,1056.86,450.0,20.0,2.5,1162.375,188.60000000000002,0.0,24.2,0.0,114.4,0.0,132.0
106,M7V2007,-1373.27,450.0,14.0,4.6,3018.2,94.76,0.0,22.0,0.0,104.0,0.0,132.0
107,M7V2008,222.16,450.0,13.0,3.5487804878048776,2620.0,185.38,0.0,22.0,0.0,104.0,0.0,126.0
108,M7V2009,-510.9,450.0,16.0,4.5285714285714285,2134.5,187.68,0.0,22.0,0.0,104.0,0.0,120.0
109,M7V2010,-811.34,450.0,16.0,5.0,2763.0,185.38,0.0,22.0,0.0,104.0,0.0,126.0
110,M7V2011,-1247.12,450.0,17.0,4.6,3497.4418604651164,94.3,0.0,22.0,0.0,104.0,0.0,120.0
111,M7V2012,-519.56,450.0,19.0,4.8,4758.4,186.3,0.0,22.0,0.0,104.0,0.0,132.0
112,M7V2013,-577.56,450.0,14.0,5.5,1647.4615384615386,189.98000000000002,0.0,24.2,0.0,114.4,0.0,120.0
113,M7V2014,561.83,450.0,24.0,3.4,2910.8571428571427,186.3,0.0,24.2,0.0,114.4,0.0,122.4
114,M4V2061,181.96,450.0,17.0,2.5,4305.6,98.6424,0.0,0.55,0.0,2.6,0.0,90.0
115,M6V2050,-1724.9,450.0,9.0,4.05,2070.0,0.0,97.5,0.33,35.0,1.56,115.0,0.0
116,M6V2051,-1769.89,450.0,12.0,4.2,1793.0434782608695,0.0,97.5,0.33,35.0,1.56,115.0,0.0
117,M6V2043,1628.68,450.0,13.0,0.15,2368.6363636363635,0.0,224.5,0.0,87.5,0.0,132.5,0.0
118,M6V2044,394.27,450.0,11.0,1.6800000000000002,1887.2,0.0,224.5,0.0,87.5,0.0,132.5,0.0
119,M2I2029,592.87,350.0,8.0,2.5,4770.0,174.8,0.0,0.0,0.0,0.0,0.0,120.0
120,M2I2030,678.78,350.0,13.0,2.5,4025.9,174.8,0.0,0.0,0.0,0.0,0.0,120.0
121,M2I2031,662.85,350.0,11.0,2.5,4810.932203389831,174.8,0.0,0.0,0.0,0.0,0.0,120.0
122,M4V2043,-325.26,450.0,23.0,2.5,5194.744318181818,0.0,50.0,2.6500000000000004,0.0,2.6,50.0,0.0
123,M4V2044,198.65,450.0,20.0,2.16,4845.555555555556,0.0,149.6,2.6500000000000004,138.6,2.6,95.0,0.0
124,M7V2047,-917.13,450.0,10.0,4.5,1112.5,92.0,0.0,0.0,0.0,0.0,0.0,0.0
125,M6V2045,-900.04,450.0,11.0,3.6100000000000003,2051.276595744681,0.0,227.0,0.0,87.5,0.0,135.0,0.0
126,M2I2021,786.73,350.0,12.0,2.5,4986.866666666667,115.0,0.0,22.0,0.0,104.0,0.0,0.0
127,M2I2023,793.47,350.0,12.0,2.5,5081.8125,115.0,0.0,22.0,0.0,104.0,0.0,0.0
128,M2I2033,706.08,350.0,11.0,2.5,4409.770114942528,82.8,0.0,22.0,0.0,104.0,0.0,0.0
129,M2V2014,657.14,450.0,14.0,2.5,3812.621951219512,55.2,0.0,0.0,0.0,0.0,0.0,0.0
130,M6V2068,194.58,450.0,15.0,2.47,4800.896551724138,69.0,101.2,0.0,0.0,0.0,0.0,0.0
131,M4V2011,985.51,450.0,15.0,2.5,6087.083333333333,139.38,0.0,0.0,0.0,0.0,0.0,81.0
132,M7V2059,363.12,450.0,14.0,2.8,709.080459770115,115.0,0.0,0.0,0.0,0.0,0.0,0.0
133,M7V2060,-162.48,450.0,10.0,3.4,659.2592592592592,115.0,0.0,0.0,0.0,0.0,0.0,0.0
134,M7V2061,1640.06,450.0,12.0,0.95,1753.4193548387098,115.0,0.0,0.0,0.0,0.0,0.0,0.0
135,M7V2037,295.28,450.0,24.0,3.5,4907.058823529412,92.0,0.0,0.0,0.0,0.0,0.0,0.0
136,M7V2038,218.81,450.0,24.0,3.65,5416.976744186047,92.0,0.0,0.0,0.0,0.0,0.0,0.0
137,M4V2007,996.19,450.0,15.0,2.7263157894736842,4159.75,121.9,0.0,0.0,0.0,0.0,0.0,132.0
138,M4V2008,-476.89,450.0,15.0,4.366666666666666,4323.0,108.1,0.0,0.0,0.0,0.0,0.0,130.8
139,M4V2009,-152.04,450.0,14.0,4.057142857142857,4161.029411764706,112.7,0.0,0.0,0.0,0.0,0.0,105.0
140,M4V2010,-204.65,450.0,11.0,4.1875,4053.6666666666665,212.98,0.0,0.0,0.0,0.0,0.0,130.8
141,M6V2078,-181.11,450.0,21.0,2.9,3784.7311827956987,92.0,0.0,0.0,0.0,0.0,0.0,0.0
142,M4V2045,-8.44,450.0,18.0,4.1,4243.192488262911,188.6,0.0,20.9,0.0,98.8,0.0,78.0
143,M4V2046,304.35,450.0,17.0,3.6,3820.276497695853,188.6,0.0,20.9,0.0,98.8,0.0,78.0
144,M4V2047,795.7,450.0,10.0,2.5,4241.517857142858,188.6,0.0,0.0,0.0,0.0,0.0,78.0
145,M4V2048,122.23,450.0,12.0,3.4,2788.101983002833,188.6,0.0,0.0,0.0,0.0,0.0,78.0
146,M4V2049,247.1,450.0,10.0,3.2,3455.367231638418,188.6,0.0,0.0,0.0,0.0,0.0,78.0
147,M4V2050,-380.29,450.0,9.0,4.0,3214.2105263157896,188.6,0.0,0.0,0.0,0.0,0.0,78.0
148,M4V2051,763.64,450.0,8.0,2.5,4127.46365105008,188.6,0.0,0.0,0.0,0.0,0.0,78.0
149,M4V2052,742.03,450.0,10.0,2.5,3290.3394255874678,188.6,0.0,0.0,0.0,0.0,0.0,78.0
150,M2V2016,-271.76,450.0,17.0,2.5,2536.6463414634145,62.1,0.0,0.0,0.0,0.0,0.0,60.0
151,M2I2034,-704.27,350.0,21.0,2.5,2415.3571428571427,0.0,0.0,0.44,0.0,2.08,0.0,0.0
152,M6V2011,-358.9,450.0,24.0,3.9115384615384614,4377.4358974358975,133.4,24.48,0.0,119.68,0.0,0.0,120.0
153,M6V2012,973.03,450.0,25.0,3.124137931034483,3544.74358974359,101.2,24.48,0.22,119.68,1.04,0.0,120.0
154,M6V2013,-551.39,450.0,24.0,3.832,3543.2051282051284,55.2,24.48,0.0,119.68,0.0,0.0,120.0
155,M6V2066,748.4,450.0,24.0,2.007894736842105,3943.076923076923,101.2,24.48,0.0,119.68,0.0,0.0,120.0
156,M2I2008,1060.97,350.0,19.0,2.5,4960.0,124.2,26.0,0.0,119.6,0.0,0.0,120.0
157,M2I2009,490.6,350.0,19.0,2.5,4477.614678899083,59.8,26.0,0.0,119.6,0.0,0.0,120.0
158,M2I2010,-85.83,350.0,18.0,2.5,4445.221238938053,59.8,26.0,0.0,119.6,0.0,0.0,120.0
159,M2I2011,-213.99,350.0,16.0,2.5,4844.298245614035,59.8,0.0,0.0,0.0,0.0,0.0,120.0
160,M2I2012,-534.9,350.0,17.0,2.5,5228.347826086957,0.0,26.0,0.0,119.6,0.0,0.0,120.0
161,M6I20174,-623.14,350.0,15.0,2.5,3452.3863636363635,0.0,33.0,0.0,99.0,0.0,0.0,105.0
162,M6I2025,-59.9,350.0,15.0,2.5,3364.6153846153848,0.0,116.0,0.0,78.0,0.0,90.0,0.0
163,M6I2026,-666.04,350.0,15.0,2.5,2826.6666666666665,0.0,35.0,0.0,105.0,0.0,0.0,97.8
164,M6I2027,-621.57,350.0,15.0,2.5,3543.846153846154,0.0,33.0,0.0,99.0,0.0,0.0,96.0
165,M6I2028,-631.81,350.0,15.0,2.5,3157.7049180327867,0.0,33.0,0.0,99.0,0.0,0.0,96.0
166,M6I2029,-649.24,350.0,15.0,2.5,3660.714285714286,0.0,33.0,0.0,99.0,0.0,0.0,0.0
167,M6I2030,-645.24,350.0,15.0,2.5,3166.0,0.0,33.0,0.0,99.0,0.0,0.0,106.2
168,M6V2025,649.19,450.0,15.0,2.63,2351.5555555555557,92.0,0.0,0.0,0.0,0.0,0.0,120.0
169,M6V2026,674.23,450.0,15.0,2.6480952380952383,3188.269230769231,92.0,0.0,0.0,0.0,0.0,0.0,120.0
170,M4V2062,-1225.34,450.0,9.0,3.896808510638298,2461.772151898734,92.0,0.0,0.0,0.0,0.0,0.0,120.0
171,M4V2063,-1563.34,450.0,8.0,3.5373529337058836,4103.9655172413795,0.0,0.0,0.0,0.0,0.0,0.0,120.0
172,M4V2064,56.49,450.0,15.0,2.9929411764705884,4607.333333333333,138.0,0.0,0.0,0.0,0.0,0.0,120.0
173,M6V2028,1184.99,450.0,9.0,2.11,3625.135135135135,174.8,0.0,27.5,0.0,130.0,0.0,120.0
174,M6V2029,-208.48,450.0,15.0,2.11,4447.5675675675675,0.0,26.4,0.0,242.4,0.0,0.0,0.0
175,M6V2030,233.08,450.0,15.0,1.98,4180.9876543209875,0.0,81.0,27.5,0.0,130.0,0.0,120.0
176,M6V2031,44.18,450.0,15.0,1.98,4938.780487804878,0.0,0.0,27.5,0.0,130.0,0.0,120.0
177,M6V2046,-558.69,450.0,10.0,4.8,4937.333333333333,128.8,0.0,0.0,0.0,0.0,0.0,162.0
178,M6V2047,-689.42,450.0,14.0,4.0,4631.818181818182,128.8,0.0,0.0,0.0,0.0,0.0,165.0
179,M6V2069,-679.33,450.0,12.0,3.3,4561.25,82.8,0.0,0.0,0.0,0.0,0.0,0.0
180,M6V2091,-624.06,450.0,8.0,3.41,1858.6363636363637,119.6,0.0,0.0,0.0,0.0,0.0,168.0
181,M6I20140,238.65,350.0,23.0,2.5,1828.0,92.0,0.0,28.6,0.0,135.2,90.0,0.0
182,M6V2079,495.01,450.0,15.0,2.91,3654.75,188.6,0.0,0.0,0.0,0.0,0.0,0.0
183,M2V2011,953.79,450.0,21.0,2.5,3614.3333333333335,62.1,0.0,0.0,0.0,0.0,0.0,0.0
184,M2V2012,797.78,450.0,20.0,2.7,3464.4186046511627,62.1,0.0,0.0,0.0,0.0,0.0,0.0
185,M7I2045,1069.84,350.0,20.0,2.5,5816.346153846154,115.0,15.6,0.0,115.44,0.0,0.0,108.0
186,M7I2098,1088.29,350.0,16.0,2.5,4171.764705882353,138.0,15.6,0.0,115.44,0.0,0.0,108.0
187,M7I2005,593.5,350.0,22.0,2.5,3343.246073298429,126.5,0.0,22.0,0.0,104.0,0.0,120.0
188,M7I2006,361.95,350.0,14.0,2.5,1999.1588785046729,127.88,0.0,22.0,0.0,104.0,0.0,120.0
189,M7I2007,389.23,350.0,15.0,2.5,2140.8333333333335,128.8,0.0,22.0,0.0,104.0,0.0,120.0
190,M7I2008,2634.56,350.0,46.0,2.5,2811.090909090909,124.2,0.0,25.3,0.0,119.6,0.0,120.0
191,M7I2009,536.26,350.0,18.0,2.5,2942.682926829268,128.8,0.0,24.2,0.0,114.4,0.0,120.0
192,M2I2024,788.37,350.0,15.0,2.5,3511.413043478261,55.2,0.0,26.4,0.0,124.8,0.0,0.0
193,M2I2047,755.18,350.0,15.0,2.5,2860.3030303030305,55.2,0.0,26.4,0.0,124.8,0.0,0.0
194,M2V2013,786.2,450.0,23.0,2.5,3961.309523809524,55.2,0.0,0.0,0.0,0.0,0.0,0.0
195,M6V2037,205.85,450.0,11.0,3.4050000000000002,6176.0,0.0,37.125,37.125,0.0,0.0,0.0,0.0
196,M6V2038,72.04,450.0,14.0,3.5666666666666673,5896.8,0.0,37.125,37.125,0.0,0.0,0.0,0.0
197,M6V2041,363.87,450.0,10.0,3.0591666666666666,6322.222222222223,0.0,37.125,37.125,0.0,0.0,0.0,0.0
198,M2V2030,-62.67,450.0,19.0,2.5,4753.053892215569,62.1,21.0,0.0,0.0,0.0,21.0,0.0
199,M2V2026,1275.25,450.0,18.0,1.9755555555555557,2234.84375,123.28,0.0,0.0,0.0,0.0,0.0,99.6
200,M6V2053,562.77,450.0,18.0,1.95,4166.615384615385,84.916,36.0,0.0,126.0,0.0,72.0,0.0
201,M6V2084,-83.87,450.0,14.0,2.53,4952.2,84.64,0.0,0.0,0.0,0.0,0.0,0.0
202,M6I20115,750.63,350.0,10.0,2.5,3834.494382022472,92.0,15.0,0.0,90.0,0.0,30.0,102.0
203,M6I20116,854.15,350.0,14.0,2.5,4153.220338983051,92.0,15.0,0.0,90.0,0.0,30.0,90.0
204,M6I20117,814.24,350.0,14.0,2.5,3612.962962962963,92.0,13.3,0.0,79.8,0.0,26.6,99.0
205,M6I20103,-469.06,350.0,13.0,2.5,2226.875,0.0,54.0,27.5,0.0,130.0,0.0,120.0
206,M6I20104,-714.94,350.0,11.0,2.5,2600.689655172414,0.0,54.0,0.0,0.0,0.0,0.0,120.0
207,M6I20105,-679.61,350.0,12.0,2.5,2695.5,0.0,54.0,0.0,0.0,0.0,0.0,120.0
208,M6I20106,-619.52,350.0,15.0,2.5,2625.1612903225805,0.0,54.0,0.0,0.0,0.0,0.0,120.0
209,M6I20129,-708.67,350.0,15.0,2.5,1909.1156462585034,0.0,0.0,22.0,0.0,104.0,0.0,0.0
210,M7I2052,910.12,350.0,17.0,2.5,1805.4666666666667,92.0,0.0,22.33,0.0,105.56,0.0,120.0
211,M7I2053,1076.07,350.0,18.0,2.5,3460.8333333333335,92.0,0.0,24.529999999999998,0.0,115.96000000000001,0.0,120.0
212,M7I2054,1060.16,350.0,17.0,2.5,3525.5833333333335,92.0,0.0,24.529999999999998,0.0,115.96000000000001,0.0,120.0
213,M2I2001,349.85,350.0,14.0,2.5,4786.9,55.2,60.0,0.0,0.0,0.0,60.0,48.0
214,M2I2002,488.41,350.0,18.0,2.5,5234.476190476191,55.2,66.0,0.0,0.0,0.0,66.0,48.0
215,M2I2003,462.26,350.0,20.0,2.5,4358.380952380952,55.2,60.0,0.0,0.0,0.0,60.0,48.0
216,M7I2040,334.79,350.0,21.0,2.5,3546.0,0.0,55.55,45.32,81.4,3.64,0.0,112.2
217,M7I2041,352.49,350.0,25.0,2.5,2173.214285714286,0.0,55.55,45.32,81.4,3.64,0.0,123.6
218,M7I2042,358.37,350.0,21.0,2.5,986.6666666666666,0.0,62.3,51.629999999999995,81.4,1.56,0.0,125.4
219,M7I2043,375.07,350.0,21.0,2.5,1495.4285714285713,0.0,62.3,51.629999999999995,81.4,1.56,0.0,124.8
220,M7I2044,300.12,350.0,25.0,2.5,1485.531914893617,0.0,58.55,44.879999999999995,103.6,1.56,0.0,118.8
221,M7I2046,275.9,350.0,25.0,2.5,1156.9565217391305,0.0,55.55,45.32,81.4,3.64,0.0,125.4
222,M7V2001,266.88,450.0,21.0,2.6719999999999997,3663.3333333333335,0.0,44.55,55.55,0.0,52.0,0.0,120.0
223,M7V2002,-90.65,450.0,21.0,2.973170731707317,2593.846153846154,0.0,40.5,52.6,0.0,57.2,0.0,138.0
224,M7V2003,364.96,450.0,22.0,2.5142857142857142,4148.231292517007,0.0,40.5,53.7,0.0,62.4,0.0,138.0
225,M7V2004,162.44,450.0,21.0,3.0808988764044942,3708.5227272727275,98.9,15.525,27.625,0.0,57.2,0.0,138.0
226,M7V2005,-46.05,450.0,22.0,2.8587499999999997,1740.7692307692307,0.0,44.55,44.55,0.0,0.0,0.0,120.0
227,M6I20111,735.25,350.0,13.0,2.5,3025.6923076923076,161.0,0.0,25.3,0.0,119.6,0.0,132.0
228,M6V2036,955.36,450.0,15.0,3.3,4370.566037735849,230.0,0.0,25.3,0.0,119.6,0.0,0.0
229,M4V2058,1747.49,450.0,17.0,2.0465306122448976,5355.567010309278,221.053,0.0,4.75,0.0,2.6,0.0,102.0
230,M6V2054,-311.7,450.0,15.0,2.5,4194.358974358975,46.0,0.0,0.0,0.0,0.0,0.0,0.0
231,M4V2067,1940.39,450.0,16.0,1.35,3716.3120567375886,219.144,0.0,0.55,0.0,2.6,0.0,136.026
232,M7I20100,555.93,350.0,15.0,2.5,3388.6666666666665,69.0,0.0,31.5,0.0,0.0,0.0,0.0
233,M7I20101,536.12,350.0,13.0,2.5,3597.153846153846,69.0,0.0,31.5,0.0,0.0,0.0,0.0
234,M7I2058,675.28,350.0,15.0,2.5,5675.272727272727,69.0,0.0,31.5,0.0,0.0,0.0,0.0
235,M7I2059,620.22,350.0,16.0,2.5,3871.818181818182,69.0,0.0,31.5,0.0,0.0,0.0,0.0
236,M7I2060,602.91,350.0,16.0,2.5,3647.3529411764707,69.0,0.0,31.5,0.0,0.0,0.0,0.0
237,M7I2061,564.37,350.0,13.0,2.5,3883.177570093458,69.0,0.0,31.5,0.0,0.0,0.0,0.0
238,M4V2028,728.41,450.0,8.0,2.476,4068.5714285714284,188.6,0.0,0.0,0.0,0.0,0.0,90.0
239,M2I2025,950.38,350.0,20.0,2.5,4560.428571428572,82.8,112.5,25.3,0.0,119.6,132.0,0.0
240,M2I2026,46.64,350.0,17.0,2.5,3651.875,0.0,112.5,26.4,0.0,124.8,132.0,0.0
241,M2I2027,23.35,350.0,18.0,2.5,2936.818181818182,0.0,112.5,26.4,0.0,124.8,132.0,0.0
242,M2V2015,-590.36,450.0,15.0,2.8,1850.4736842105262,55.2,0.0,0.0,0.0,0.0,0.0,0.0
243,M6I20142,-153.03,350.0,15.0,2.5,3447.222222222222,0.0,76.25,20.25,56.0,0.0,56.0,72.0
244,M6I20143,-170.33,350.0,15.0,2.5,3261.6666666666665,0.0,76.25,20.25,56.0,0.0,56.0,72.0
245,M6I20144,-125.84,350.0,15.0,2.5,4075.6,0.0,76.25,20.25,56.0,0.0,56.0,72.0
246,M6I20145,167.6,350.0,10.0,2.5,3445.6,0.0,76.25,20.25,56.0,0.0,56.0,72.0
247,M6I2059,-130.78,350.0,15.0,2.5,3782.4137931034484,0.0,76.25,20.25,56.0,0.0,56.0,72.0
248,M6I2060,-124.07,350.0,15.0,2.5,4185.833333333333,0.0,76.25,20.25,56.0,0.0,56.0,72.0
249,M6I2061,1961.23,350.0,11.0,2.5,4595.896266742661,216.2,76.25,20.25,56.0,0.0,128.0,0.0
250,M6I2062,761.95,350.0,9.0,2.5,4851.866666666667,110.4,76.25,20.25,56.0,0.0,56.0,72.0
251,M6I2063,807.55,350.0,12.0,2.5,4938.333333333333,110.4,76.25,20.25,56.0,0.0,128.0,0.0
252,M6I2064,-133.61,350.0,15.0,2.5,3663.8888888888887,0.0,76.25,20.25,56.0,0.0,56.0,72.0
253,M6I2065,-175.62,350.0,15.0,2.5,3012.6315789473683,0.0,76.25,20.25,56.0,0.0,56.0,72.0
254,M6I2066,-276.05,350.0,8.0,2.5,4163.414634146341,0.0,76.25,20.25,56.0,0.0,56.0,72.0
255,M6I2067,-122.66,350.0,15.0,2.5,4289.583333333333,0.0,76.25,20.25,56.0,0.0,56.0,72.0
256,M6I2018,61.97,350.0,15.0,2.5,3871.28,92.0,15.5,0.0,114.7,0.0,0.0,114.0
257,M6I2019,59.15,350.0,15.0,2.5,3964.72,92.0,15.5,0.0,114.7,0.0,0.0,114.0
258,M6I2020,1167.52,350.0,15.0,2.5,4584.25,92.0,0.0,34.65,0.0,163.8,0.0,120.0
259,M6I2021,796.11,350.0,9.0,2.5,4822.833333333333,92.0,16.25,0.0,120.25,0.0,0.0,120.0
260,M6I2075,731.08,350.0,8.0,2.5,3593.0526315789475,92.0,15.5,0.0,114.7,0.0,0.0,114.0
261,M6V2001,-1611.75,450.0,15.0,3.7599999999999993,3221.36,0.0,16.25,0.0,120.25,0.0,0.0,0.0
262,M6V2002,-1686.75,450.0,15.0,3.87,3202.923076923077,0.0,16.25,0.0,120.25,0.0,0.0,0.0
263,M6V2003,-2218.8,450.0,15.0,4.6,3490.75,0.0,16.25,0.0,120.25,0.0,0.0,0.0
264,M6I20149,948.73,350.0,10.0,2.5,4389.6,92.0,40.0,0.0,120.0,0.0,60.0,78.0
265,M6I20150,980.97,350.0,15.0,2.5,3754.2,92.0,40.0,0.0,120.0,0.0,60.0,78.0
266,M6V2061,1236.15,450.0,12.0,2.66,4987.0,216.2,36.0,0.0,126.0,0.0,72.0,0.0
267,M6V2062,-144.72,450.0,15.0,3.01,5456.4,92.0,36.0,0.0,126.0,0.0,72.0,0.0
268,M4V2057,1420.09,450.0,22.0,2.3,3917.375190756486,206.90800000000002,0.0,4.75,0.0,2.6,0.0,72.0
269,M4V2065,1363.35,450.0,20.0,1.98,4323.611111111111,182.0772,0.0,4.75,0.0,2.6,0.0,93.12
270,M2V2023,712.36,450.0,8.0,2.5,3380.5555555555557,59.8,0.0,77.8,0.0,119.6,0.0,0.0
271,M2V2024,-15.82,450.0,9.0,3.485483870967741,2965.3333333333335,59.8,0.0,73.4,0.0,98.8,0.0,0.0
272,M7I2010,599.17,350.0,15.0,2.5,2908.2,138.0,0.0,22.0,0.0,104.0,0.0,180.0
273,M7I2011,609.35,350.0,16.0,2.5,2991.509433962264,138.0,0.0,22.0,0.0,104.0,0.0,120.0
274,M6V2007,491.82,450.0,24.0,2.2008333333333328,3521.714285714286,66.7,90.0,0.0,0.0,0.0,90.0,60.0
275,M6V2008,1342.52,450.0,9.0,2.1412499999999994,5423.857142857143,92.0,0.0,26.4,0.0,124.8,0.0,123.0
276,M6V2009,1014.71,450.0,24.0,2.598846153846154,4325.2,190.9,0.0,0.0,0.0,0.0,0.0,135.6
277,M6V2010,1068.16,450.0,30.0,2.061562500000001,4297.578947368421,142.6,0.0,0.0,0.0,0.0,0.0,120.0
278,M2V2025,724.29,450.0,13.0,2.4,991.4634146341464,61.18,0.0,0.0,0.0,0.0,0.0,0.0
279,M6I2031,13.72,350.0,14.0,2.5,2147.75,92.0,0.0,24.2,0.0,114.4,0.0,0.0
280,M6I2032,-1.02,350.0,11.0,2.5,2748.6666666666665,115.0,0.0,0.0,0.0,0.0,0.0,0.0
281,M6I2033,816.63,350.0,13.0,2.5,1796.820512820513,92.0,0.0,24.2,0.0,114.4,0.0,0.0
282,M6I2034,-228.0,350.0,13.0,2.5,2980.3076923076924,64.4,0.0,21.0,0.0,0.0,0.0,0.0
283,M6V2064,701.71,450.0,19.0,2.6,2520.25,165.6,0.0,21.0,0.0,0.0,0.0,0.0
284,M6V2065,652.23,450.0,17.0,2.6,2022.25,165.6,0.0,21.0,0.0,0.0,0.0,0.0
285,M6I20170,-493.5,350.0,16.0,2.5,2028.5,0.0,108.8,0.0,110.4,0.0,85.2,0.0
286,M4V2017,-42.83,450.0,15.0,2.5,4433.218334154756,0.0,189.99,0.0,0.0,0.0,0.0,118.2
287,M4V2018,-73.84,450.0,15.0,2.5,4414.5077720207255,0.0,183.51,0.0,0.0,0.0,0.0,104.94
288,M6V2063,52.6,450.0,19.0,2.45,1763.0,101.2,0.0,0.0,0.0,0.0,0.0,0.0
289,M6I20165,811.5,350.0,11.0,2.5,2390.153846153846,92.0,18.0,0.0,108.0,0.0,54.0,96.0
290,M6I20166,783.94,350.0,10.0,2.5,2664.4210526315787,184.0,18.0,0.0,108.0,0.0,54.0,96.0
291,M6I20178,876.91,350.0,15.0,2.5,7152.0,161.0,24.0,0.55,120.0,2.6,0.0,139.8
292,M6I20180,557.01,350.0,15.0,2.5,1951.8666666666666,161.0,24.0,0.55,120.0,2.6,0.0,139.8
293,M7V2042,-1727.93,450.0,11.0,4.5,1172.1951219512196,92.0,0.0,0.0,0.0,0.0,0.0,0.0
294,M7V2043,-670.44,450.0,21.0,4.5,1517.857142857143,92.0,0.0,0.0,0.0,0.0,0.0,0.0
295,M7V2044,754.15,450.0,19.0,2.5,1326.7241379310344,92.0,0.0,0.0,0.0,0.0,0.0,0.0
296,M2V2028,296.23,450.0,21.0,2.5,3197.9710144927535,80.5,0.0,31.5,0.0,0.0,0.0,108.0
297,M2V2029,-147.6,450.0,19.0,4.0,2576.5942028985505,80.5,0.0,31.5,0.0,0.0,0.0,108.0
298,M4V2059,-107.58,450.0,10.0,2.4435294117647057,3984.0707964601766,0.0,108.0,0.0,90.0,0.0,30.0,90.0
299,M6I20118,-289.27,350.0,14.0,2.5,3366.4615384615386,0.0,90.0,25.3,0.0,119.6,0.0,120.0
300,M7I2055,271.42,350.0,13.0,2.5,3311.4285714285716,138.0,0.0,0.0,0.0,0.0,0.0,0.0
301,M7I2056,243.16,350.0,12.0,2.5,3047.3958333333335,138.0,0.0,0.0,0.0,0.0,0.0,0.0
302,M7I2057,371.45,350.0,18.0,2.5,3158.9622641509436,138.0,0.0,0.0,0.0,0.0,0.0,0.0
303,M6I20108,876.85,350.0,16.0,2.5,2494.864864864865,92.0,15.0,0.0,111.0,0.0,0.0,132.0
304,M6I20109,864.07,350.0,13.0,2.5,4044.266666666667,92.0,15.0,0.0,111.0,0.0,0.0,132.0
305,M6I20119,932.34,350.0,19.0,2.5,2739.5238095238096,92.0,15.0,0.0,111.0,0.0,0.0,132.0
306,M6V2056,-244.31,450.0,12.0,2.76,4264.428571428572,92.0,0.0,0.0,0.0,0.0,0.0,0.0
307,M2V2018,950.49,450.0,23.0,2.6,3779.8709677419356,123.28,0.0,0.0,0.0,0.0,0.0,99.6
308,M7I2001,2098.82,350.0,22.0,2.5,3327.6,92.0,0.0,16.5,0.0,78.0,0.0,108.0
309,M7I2002,1013.55,350.0,22.0,2.5,4268.4,92.0,10.0,0.0,70.0,0.0,20.0,108.0
310,M7I2003,1099.29,350.0,17.0,2.5,2890.5,207.0,10.0,0.33,70.0,1.56,20.0,108.0
311,M7I2004,874.87,350.0,21.0,2.5,6631.208791208791,161.0,10.0,0.0,70.0,0.0,20.0,108.0
312,M7V2015,996.76,450.0,21.0,2.5,6041.796875,92.0,0.0,0.0,0.0,0.0,0.0,0.0
313,M7V2016,908.8,450.0,19.0,2.5,5181.12676056338,124.2,0.0,0.0,0.0,0.0,0.0,0.0
314,M7V2017,993.89,450.0,24.0,2.551489361702128,4672.826086956522,92.0,0.0,0.0,0.0,0.0,0.0,0.0
315,M7V2018,1038.15,450.0,23.0,2.3996666666666657,4283.666666666667,92.0,0.0,0.0,0.0,0.0,0.0,0.0
316,M7V2019,834.37,450.0,28.0,2.80340909090909,4112.747252747253,92.0,0.0,0.0,0.0,0.0,0.0,0.0
317,M7V2072,266.63,450.0,20.0,2.5,2666.1946902654868,59.8,0.0,0.0,0.0,0.0,0.0,0.0
318,M6I2088,1025.8,350.0,16.0,2.5,3862.222222222222,92.0,36.0,0.0,108.0,0.0,54.0,96.0
319,M6I2089,1027.58,350.0,17.0,2.5,3383.3333333333335,92.0,36.0,0.0,108.0,0.0,54.0,96.0
320,M6I2090,1002.87,350.0,17.0,2.5,2983.934426229508,92.0,36.0,0.0,108.0,0.0,54.0,96.0
321,M6I2071,-704.43,350.0,15.0,2.5,3559.1608391608393,0.0,0.0,16.5,0.0,78.0,0.0,108.0
322,M4V2013,-75.24,450.0,15.0,2.5,3914.354066985646,0.0,181.305,0.0,0.0,0.0,0.0,138.0
323,M4V2014,76.09,450.0,16.0,2.5,5539.351851851851,0.0,112.23,0.0,0.0,0.0,0.0,94.8
324,M4V2015,-3.68,450.0,21.0,2.5,3080.96,0.0,176.94,0.0,0.0,0.0,0.0,138.6
325,M4V2016,-16.24,450.0,15.0,2.5,4692.566371681416,0.0,184.68,0.0,0.0,0.0,0.0,159.6
326,M7I2069,792.55,350.0,12.0,2.5,3412.2184894861266,92.0,15.0,0.33,111.0,1.56,0.0,120.0
327,M7I2070,829.63,350.0,15.0,2.5,3276.563677467973,184.0,14.0,0.275,103.6,1.3,0.0,60.0
328,M7I2071,890.6,350.0,16.0,2.5,4065.565515157619,184.0,14.0,0.275,103.6,1.3,0.0,60.0
329,M7I2072,969.56,350.0,20.0,2.5,3510.6161841128437,92.0,15.5,0.33,114.7,1.56,0.0,120.0
330,M7I2073,899.78,350.0,16.0,2.5,3915.9245678365637,92.0,15.5,0.605,114.7,2.8600000000000003,0.0,120.0
331,M7I2074,932.07,350.0,18.0,2.5,4225.208333333333,184.0,14.0,0.33,103.6,1.56,0.0,120.0
332,M2V2019,76.92,450.0,11.0,2.9,1753.6134453781513,53.36,0.0,57.86,0.0,98.8,0.0,0.0
333,M2V2020,261.41,450.0,10.0,2.7,2494.7619047619046,80.96000000000001,42.24,58.3,0.0,100.88,17.6,0.0
334,M4V2071,-71.95,450.0,18.0,2.5,3106.7619047619046,0.0,181.71,0.0,0.0,0.0,0.0,125.7
335,M4V2072,-171.78,450.0,15.0,2.5,2893.3333333333335,0.0,173.7,0.0,0.0,0.0,0.0,133.32
336,M6I20113,703.84,350.0,14.0,2.5,2215.5882352941176,161.0,0.0,25.3,0.0,119.6,0.0,132.0
337,M6I2072,581.43,350.0,11.0,2.5,2074.0,161.0,0.0,25.3,0.0,119.6,0.0,0.0
338,M7I2068,1217.99,350.0,23.0,2.5,3486.6111111111113,92.0,0.0,28.1,0.0,83.2,0.0,100.2
339,M6I20136,1109.08,350.0,21.0,2.5,2605.815831987076,92.0,0.0,27.5,0.0,130.0,0.0,150.0
340,M6I20137,1098.14,350.0,21.0,2.5,2240.8829174664106,138.0,0.0,27.5,0.0,130.0,0.0,150.0
341,M6I20138,1194.88,350.0,21.0,2.5,4087.0,92.0,0.0,27.5,0.0,130.0,0.0,150.0
342,M6I20139,1192.08,350.0,22.0,2.5,3788.6746987951806,92.0,0.0,27.5,0.0,130.0,0.0,150.0
343,M6I2079,1950.48,350.0,8.0,2.5,4695.857142857143,276.0,0.0,21.12,0.0,99.84,0.0,97.2
344,M6I2080,1935.19,350.0,8.0,2.5,4505.652173913043,276.0,0.0,21.23,0.0,100.36,0.0,97.2
345,M6I2081,2039.91,350.0,13.0,2.5,4648.5,276.0,0.0,21.01,0.0,99.32,0.0,108.0
346,M6I2082,2001.49,350.0,13.0,2.5,3731.4814814814813,276.0,0.0,21.45,0.0,101.4,0.0,111.0
347,M6I2083,2034.25,350.0,15.0,2.5,3586.875,276.0,0.0,21.56,0.0,101.92,0.0,111.0
348,M6I2084,1274.52,350.0,15.0,2.5,4261.0,207.0,0.0,21.34,0.0,100.88,0.0,97.8
349,M6I2085,512.23,350.0,10.0,2.5,6101.818181818182,124.2,61.0,0.0,120.0,0.0,70.0,60.0
350,M4V2001,1113.0,450.0,17.0,2.2,5705.454545454545,87.4,0.0,0.0,0.0,0.0,0.0,141.0
351,M4V2002,-760.82,450.0,13.0,3.5,5053.1506849315065,87.4,0.0,0.0,0.0,0.0,0.0,96.0
352,M4V2003,820.0,450.0,11.0,2.2,2742.0833333333335,173.65,0.0,0.0,0.0,0.0,0.0,114.0
353,M4V2054,474.06,450.0,15.0,2.5,3166.904761904762,151.8,0.0,0.0,0.0,0.0,0.0,84.0
354,M4V2055,734.38,450.0,13.0,2.5,3148.846153846154,115.0,0.0,0.0,0.0,0.0,0.0,90.0
355,M4V2056,-342.56,450.0,15.0,3.9441666666666655,4278.534031413612,105.8,0.0,0.0,0.0,0.0,0.0,90.0
356,M6V2048,1114.17,450.0,12.0,2.1,4756.938603868797,92.0,0.0,0.0,0.0,0.0,0.0,120.0
357,M4V2004,-1323.71,450.0,13.0,4.546842105263158,4076.4,82.8,82.5,0.0,0.0,0.0,30.0,0.0
358,M4V2042,-750.58,450.0,12.0,4.336,4763.5,105.8,82.5,0.0,0.0,0.0,37.5,0.0
359,M6I2087,993.24,350.0,19.0,2.5,3686.875,174.8,0.0,23.1,0.0,109.2,0.0,69.0
360,M6I2099,1109.08,350.0,18.0,2.5,3876.0,174.8,0.0,38.5,0.0,182.0,0.0,75.0
361,M6I20100,1178.45,350.0,17.0,2.5,4239.64705882353,92.0,0.0,25.3,0.0,119.6,0.0,120.0
362,M6I20101,1145.55,350.0,14.0,2.5,4672.278481012659,92.0,0.0,25.3,0.0,119.6,0.0,120.0
363,M6I20102,1035.35,350.0,12.0,2.5,3488.4615384615386,92.0,0.0,25.3,0.0,119.6,0.0,120.0
364,M6V2070,240.19,450.0,18.0,3.7,4313.888888888889,92.0,0.0,25.3,0.0,119.6,0.0,0.0
365,M6V2071,-58.27,450.0,16.0,4.0,3905.777777777778,92.0,0.0,25.3,0.0,119.6,0.0,0.0
366,M6V2072,113.04,450.0,16.0,3.7,3202.5263157894738,92.0,0.0,25.3,0.0,119.6,0.0,0.0
367,M7I2019,1107.87,350.0,24.0,2.5,3073.779527559055,92.0,0.0,16.28,0.0,76.96,0.0,103.2
368,M7I2020,1094.84,350.0,24.0,2.5,3246.6176470588234,92.0,0.0,16.28,0.0,76.96,0.0,105.0
369,M7I2021,1150.63,350.0,24.0,2.5,3684.5833333333335,92.0,0.0,19.58,0.0,92.56,0.0,103.2
370,M7I2022,1119.66,350.0,24.0,2.5,3536.3414634146343,92.0,0.0,15.18,0.0,71.76,0.0,103.2
371,M7I2079,1057.6,350.0,21.0,2.5,3553.2183908045977,92.0,0.0,15.18,0.0,71.76,0.0,82.2
372,M7I2080,1134.51,350.0,23.0,2.5,3831.6,92.0,0.0,16.17,0.0,76.44,0.0,100.2
373,M2I2005,409.14,350.0,10.0,2.5,3400.4,62.1,0.0,31.5,0.0,0.0,0.0,120.0
374,M2I2006,261.38,350.0,15.0,2.5,3033.0,62.1,0.0,0.0,0.0,0.0,0.0,132.0
375,M2I2007,359.71,350.0,10.0,2.5,3077.6296296296296,62.1,0.0,31.5,0.0,0.0,0.0,120.0
376,M2I2013,-553.55,350.0,10.0,2.5,4309.304347826087,0.0,0.0,31.5,0.0,0.0,0.0,120.0
377,M6I2073,1131.96,350.0,22.0,2.5,3718.640776699029,184.0,0.0,22.0,0.0,104.0,0.0,102.0
378,M6I2074,1091.1,350.0,18.0,2.5,4037.669902912621,184.0,0.0,22.0,0.0,104.0,0.0,105.0
379,M6I2076,1040.93,350.0,19.0,2.5,1997.0212765957447,184.0,0.0,28.6,0.0,135.2,0.0,132.0
380,M6V2032,-1403.76,450.0,15.0,4.01,5091.395348837209,46.0,0.0,0.0,0.0,0.0,0.0,0.0
381,M6V2033,-454.09,450.0,15.0,3.7,4792.5,69.0,0.0,0.0,0.0,0.0,0.0,0.0
382,M6I2001,-400.21,350.0,14.0,2.5,4464.583333333333,0.0,109.8,0.0,101.2,0.0,0.0,0.0
383,M6I2002,-80.93,350.0,14.0,2.5,4412.5,0.0,112.0,0.0,110.0,0.0,0.0,0.0
384,M6I2077,-61.75,350.0,15.0,2.5,4197.8,0.0,109.8,0.0,101.2,0.0,0.0,0.0
385,M6I2078,-393.52,350.0,13.0,2.5,5153.4,0.0,109.8,0.0,101.2,0.0,0.0,0.0
386,M4V2029,854.53,450.0,14.0,2.2181818181818183,3456.6153846153848,170.2,0.0,0.0,0.0,0.0,0.0,108.0
387,M4V2030,972.93,450.0,13.0,1.9928571428571427,3921.0810810810813,82.8,0.0,0.0,0.0,0.0,0.0,114.0
388,M4V2031,936.96,450.0,15.0,2.166666666666667,3768.75,170.2,0.0,0.0,0.0,0.0,0.0,114.0
389,M6I20114,1256.85,350.0,22.0,2.5,2285.0,161.0,124.8,0.0,0.0,0.0,24.0,90.0
390,M7V2055,1119.41,450.0,21.0,2.9016666666666664,5914.347826086957,92.0,0.0,30.8,0.0,145.6,0.0,120.0
391,M7V2065,183.82,450.0,19.0,3.727576923076923,1947.625,92.0,0.0,30.8,0.0,145.6,0.0,120.0
392,M7V2066,887.96,450.0,14.0,2.8793666666666664,5128.16,92.0,0.0,30.8,0.0,145.6,0.0,120.0
393,M4V2053,134.81,450.0,13.0,2.683333333333333,4500.0,101.2,61.56,0.0,0.0,0.0,20.52,48.0
394,M7V2050,-270.7,450.0,16.0,4.5,4338.064516129032,62.1,0.0,35.03,0.0,115.96000000000001,0.0,90.0
395,M7V2051,78.11,450.0,22.0,4.015,4040.9836065573772,62.1,0.0,22.0,0.0,104.0,0.0,120.0
396,M7V2052,498.02,450.0,25.0,3.505,3475.0819672131147,62.1,0.0,22.55,0.0,106.6,0.0,120.0
397,M7V2062,675.88,450.0,28.0,3.4274509803921567,3134.266666666667,62.1,0.0,33.05,0.0,106.6,0.0,78.0
398,M7V2071,1260.4,450.0,22.0,2.5,4511.190476190476,62.1,0.0,22.55,0.0,106.6,0.0,120.0
399,M7V2063,518.34,450.0,18.0,3.254545455,3002.2,92.0,0.0,22.0,0.0,104.0,0.0,120.0
400,M7V2064,-65.3,450.0,21.0,3.25,1616.8,0.0,44.55,66.55,0.0,104.0,0.0,120.0
401,M7I2047,785.26,350.0,23.0,2.5,2097.92,165.6,20.0,0.0,108.0,0.0,32.0,90.0
402,M7I2048,1050.97,350.0,19.0,2.5,3279.52,92.0,40.0,0.0,108.0,0.0,32.0,90.0
403,M7I2049,1153.82,350.0,24.0,2.5,3314.4,92.0,40.0,0.0,108.0,0.0,32.0,90.0
404,M7I2050,1549.26,350.0,24.0,2.5,3390.0,230.0,20.0,0.0,108.0,0.0,32.0,90.0
405,M7I2051,1085.45,350.0,22.0,2.5,4465.52,92.0,20.0,0.0,108.0,0.0,32.0,90.0
406,M4V2068,-92.35,450.0,10.0,3.1782142857142865,4952.321428571428,147.2,0.0,0.0,0.0,0.0,0.0,90.0
407,M4V2069,-266.22,450.0,14.0,2.5,6272.391304347826,4.6,92.4,0.55,124.5,2.6,131.5,60.0
408,M4V2070,297.04,450.0,23.0,2.5,6545.3448275862065,4.6,129.9,0.55,124.5,2.6,169.0,0.0
409,M6V2080,-773.93,450.0,15.0,2.62,4036.6666666666665,0.0,0.0,0.0,0.0,0.0,0.0,75.0
410,M6V2081,61.57,450.0,24.0,2.62,2085.0,98.9,0.0,0.0,0.0,0.0,0.0,105.0
411,M4V2060,-85.23,450.0,11.0,2.4866666666666672,4217.515923566879,0.0,108.0,0.0,90.0,0.0,30.0,90.0
412,M2I2039,459.49,350.0,19.0,2.5,4295.490196078431,115.0,0.0,26.4,0.0,124.8,132.0,0.0
413,M7I2066,1116.66,350.0,21.0,2.5,4339.193548387097,92.0,0.0,17.6,0.0,83.2,0.0,100.2
414,M7I2067,1040.41,350.0,15.0,2.5,5818.813559322034,92.0,0.0,16.28,0.0,76.96,0.0,100.2
415,M6I20121,1028.14,350.0,18.0,2.5,4017.948717948718,0.0,81.0,81.275,0.0,1.3,0.0,115.8
416,M6I20122,855.43,350.0,15.0,2.5,3190.2380952380954,115.0,49.4,27.275,112.0,1.3,0.0,115.8
417,M6I20123,876.99,350.0,16.0,2.5,2971.3333333333335,115.0,50.2,27.0,127.6,0.0,0.0,115.8
418,M6I20124,1063.18,350.0,20.0,2.5,3943.0,0.0,81.0,81.0,0.0,0.0,0.0,115.8
419,M6I20125,338.27,350.0,8.0,2.5,4087.2,0.0,50.2,27.0,127.6,0.0,0.0,0.0
420,M6I20126,1088.88,350.0,16.0,2.5,3451.809523809524,69.0,76.4,54.0,112.0,0.0,0.0,115.8
421,M6I20127,1131.04,350.0,22.0,2.5,4267.809523809524,69.0,54.0,54.0,0.0,0.0,0.0,115.8
422,M7I2087,824.26,350.0,24.0,2.5,3815.4,161.0,10.5,0.0,73.5,0.0,0.0,96.0
423,M7I2090,727.1,350.0,21.0,2.5,2612.5,161.0,10.5,0.0,73.5,0.0,0.0,96.0
424,M6I20164,-490.81,350.0,14.0,2.5,3099.6875,0.0,104.86000000000001,0.0,86.64,0.0,77.07,0.0
425,M2I2041,186.07,350.0,17.0,2.5,2087.1794871794873,92.0,40.0,0.0,0.0,0.0,40.0,0.0
426,M2I2042,243.67,350.0,22.0,2.5,2780.1,92.0,54.0,0.0,0.0,0.0,54.0,79.8
427,M2I2043,146.48,350.0,15.0,2.5,1934.4086021505377,92.0,40.0,0.0,0.0,0.0,40.0,0.0
428,M2I2044,150.72,350.0,15.0,2.5,1948.279569892473,92.0,40.0,0.0,0.0,0.0,40.0,0.0
429,M7I2093,1092.64,350.0,24.0,2.5,2943.030303030303,92.0,0.0,26.84,0.0,126.88,0.0,105.0
430,M7I2094,1070.82,350.0,21.0,2.5,2694.607843137255,92.0,0.0,31.240000000000002,0.0,147.68,0.0,120.0
431,M7I2095,1114.04,350.0,22.0,2.5,3039.457831325301,92.0,0.0,32.339999999999996,0.0,152.88000000000002,0.0,120.0
432,M7I2096,960.06,350.0,26.0,2.5,2464.8,92.0,14.5,0.44,107.3,2.08,0.0,120.0
433,M7I2097,1072.26,350.0,22.0,2.5,2120.9523809523807,92.0,0.0,31.240000000000002,0.0,147.68,0.0,120.0
434,M2I2045,612.67,350.0,8.0,2.5,2868.809523809524,62.1,0.0,0.0,0.0,0.0,0.0,120.0
435,M6I20135,905.4,350.0,15.0,2.5,4362.705882352941,92.0,16.2,0.0,119.88,0.0,0.0,132.0
436,M7I2091,1001.87,350.0,20.0,2.5,3324.0,92.0,0.0,16.72,0.0,79.04,0.0,80.4
437,M7I2092,1038.38,350.0,20.0,2.5,3720.0,92.0,0.0,16.72,0.0,79.04,0.0,96.0
438,M7I2084,1057.15,350.0,20.0,2.5,2527.8,92.0,0.0,32.339999999999996,0.0,152.88000000000002,0.0,120.0
439,M7I2085,1036.88,350.0,19.0,2.5,2915.9848484848485,92.0,0.0,31.240000000000002,0.0,147.68,0.0,120.0
440,M7I2086,1011.75,350.0,23.0,2.5,2395.1063829787236,92.0,0.0,22.44,0.0,106.08,0.0,105.0
441,M6I20141,-751.2,350.0,15.0,2.5,3216.0,0.0,0.0,0.0,0.0,0.0,0.0,120.0
442,M6I20147,-33.22,350.0,12.0,2.5,6275.5,0.0,140.0,21.0,120.0,0.0,32.0,90.0
443,M6I20156,-631.74,350.0,15.0,2.5,2127.1111111111113,0.0,0.0,25.3,0.0,119.6,0.0,0.0
444,M6I20177,472.93,350.0,9.0,2.5,6247.75,124.2,61.0,0.0,120.0,0.0,70.0,0.0
445,M6I20157,1204.59,350.0,12.0,2.5,3449.375,204.24,0.0,30.8,0.0,145.6,0.0,130.2
446,M6I20158,371.18,350.0,15.0,2.5,5464.174757281553,115.0,0.0,17.6,0.0,83.2,0.0,96.0
447,M6I20159,1207.57,350.0,21.0,2.5,3742.181818181818,92.0,0.0,28.6,0.0,135.2,0.0,90.0
448,M6I20161,1334.76,350.0,16.0,2.5,3819.875,216.2,0.0,19.8,0.0,93.6,0.0,102.0
449,M6I20163,1163.01,350.0,16.0,2.5,4065.5,195.5,5.0,19.8,50.0,93.6,50.0,102.0
450,M6I20160,1281.43,350.0,15.0,2.5,3555.25,216.2,0.0,19.8,0.0,93.6,0.0,102.0
451,M2I2051,780.85,350.0,13.0,2.5,4145.098039215686,62.1,0.0,0.0,0.0,0.0,0.0,120.0
452,M6I20179,456.07,350.0,9.0,2.5,5480.666666666667,124.2,61.0,0.0,120.0,0.0,70.0,60.0
453,M7I2088,865.97,350.0,26.0,2.5,3974.375,161.0,10.5,0.0,73.5,0.0,0.0,96.0
454,M7I2089,870.72,350.0,26.0,2.5,3680.4,161.0,11.0,0.0,77.0,0.0,0.0,96.0
455,M6I2130,830.74,350.0,12.0,2.5,2700.0,92.0,0.0,24.2,0.0,114.4,0.0,0.0
456,M6I2172,-883.5,350.0,12.0,2.7199999999999998,2700.0,0.0,0.0,24.2,0.0,114.4,0.0,0.0
457,M7I21131,-398.67,350.0,20.0,3.950561797752809,3600.0,108.36,16.02,33.07,0.0,80.6,0.0,111.0
458,M7I2196,-53.86,350.0,20.0,3.2,3300.0,99.84,10.68,27.015,0.0,77.22,0.0,109.98
459,M7I2198,-550.94,350.0,22.0,3.4,3000.0,80.96,0.0,16.918000000000003,0.0,79.976,0.0,98.16
460,M7I2199,158.85,350.0,23.0,3.0,2760.0,25.56,16.02,34.72,0.0,88.4,0.0,100.2
461,M7I2177,1125.68,350.0,20.0,2.459999918937683,4283.90243902439,92.0,0.0,20.9,0.0,98.8,0.0,108.0
462,M7I2178,106.79,350.0,25.0,2.8375000158945722,3075.0,92.0,0.0,19.8,0.0,93.6,0.0,108.0
463,M7I2179,-1147.02,350.0,20.0,3.4375,4283.958333333333,0.0,0.0,19.8,0.0,93.6,0.0,120.0
464,M7V2109,889.29,450.0,25.0,3.1,4983.529411764706,92.0,0.0,27.5,0.0,130.0,0.0,108.0
465,M7V2110,1379.92,450.0,29.0,2.3,3888.235294117647,92.0,24.0,0.0,120.0,0.0,0.0,108.0
466,M6V2139,802.59,450.0,15.0,0.5903333333333334,4268.166666666667,0.0,23.3,0.0,76.89,0.0,0.0,0.0
467,M6V2140,534.02,450.0,15.0,1.453709677419355,5424.48,46.0,23.3,0.0,76.89,0.0,0.0,0.0
468,M6V2143,744.04,450.0,15.0,0.5900000000000001,4062.5,0.0,0.0,0.0,0.0,0.0,90.0,0.0
469,M6V2136,-1008.32,450.0,15.0,3.7299999999999995,7611.724137931034,0.0,90.0,22.33,0.0,105.56,120.0,0.0
470,M6I2133,889.8,350.0,21.0,3.0125,678.6666666666666,184.0,0.0,60.5,0.0,286.0,0.0,0.0
471,M6I2173,1427.98,350.0,13.0,2.230769230769231,2820.0,184.0,0.0,60.5,0.0,286.0,0.0,0.0
472,M6I2161,441.3,350.0,15.0,3.330000000000003,3240.0,184.0,0.0,29.7,0.0,140.4,0.0,138.0
473,M6V2144,-454.38,450.0,15.0,2.4,2888.7804878048782,0.0,0.0,29.7,0.0,140.4,0.0,0.0
474,M6I2142,874.36,350.0,21.0,2.9875,5027.893497554791,115.0,0.0,26.4,0.0,124.8,0.0,150.0
475,M6I2145,493.64,350.0,21.0,3.1,4879.74987974988,69.0,0.0,26.4,0.0,124.8,0.0,0.0
476,M6I21119,-1190.97,350.0,15.0,3.0355140186915888,2924.923076923077,0.0,15.0,0.0,90.0,0.0,30.0,90.0
477,M6I21120,-1410.83,350.0,15.0,3.318181818181818,2620.769230769231,0.0,15.0,0.0,90.0,0.0,30.0,90.0
478,M6I21121,-1190.97,350.0,15.0,3.0355140186915888,2925.0,0.0,15.0,0.0,90.0,0.0,30.0,90.0
479,M6I21124,-1262.25,350.0,15.0,3.1419354838709674,3158.986928104575,0.0,15.0,0.0,90.0,0.0,30.0,90.0
480,M8V2112,836.03,450.0,13.0,2.7416666666666667,1769.91452991453,128.8,0.0,0.0,0.0,0.0,0.0,90.0
481,M8V2113,532.7,450.0,15.0,2.665,2681.101694915254,87.4,0.0,0.0,0.0,0.0,0.0,0.0
482,M6I2146,-780.0,350.0,15.0,2.67,3662.777777777778,0.0,34.4,0.0,120.4,0.0,68.8,0.0
483,M6I2147,-784.57,350.0,15.0,2.66,3060.0,0.0,34.4,0.0,120.4,0.0,68.8,0.0
484,M6I2148,-878.14,350.0,15.0,2.66,1444.5,0.0,34.4,0.0,120.4,0.0,68.8,0.0
485,M6I2149,-815.78,350.0,15.0,2.76,3923.0,0.0,34.4,0.0,120.4,0.0,68.8,0.0
486,M6I2150,-806.41,350.0,15.0,2.62,2446.5,0.0,34.4,0.0,120.4,0.0,68.8,0.0
487,M6I2151,-892.81,350.0,15.0,2.8,2946.4285714285716,0.0,34.4,0.0,120.4,0.0,68.8,0.0
488,M6I2152,-526.57,350.0,15.0,2.22,2048.6666666666665,0.0,34.4,0.0,120.4,0.0,68.8,0.0
489,M6I21186,1050.18,350.0,15.0,2.2394736842105263,2995.25,177.1,0.0,27.5,0.0,130.0,0.0,130.2
490,M6I21187,874.96,350.0,15.0,2.4363636363636365,2100.0,177.1,0.0,27.5,0.0,130.0,0.0,130.2
491,M6I21188,924.29,350.0,24.0,2.6045454545454545,1797.5833333333333,177.1,0.0,27.5,0.0,130.0,0.0,130.2
492,M8V2144,562.63,450.0,12.0,2.6,2013.25,92.0,0.0,0.33,0.0,1.56,0.0,0.0
493,M8V2145,1044.24,450.0,26.0,2.4,2140.206896551724,92.0,0.0,0.33,0.0,1.56,0.0,0.0
494,M2I2118,-560.47,350.0,15.0,3.525,3986.8263473053894,55.2,0.0,19.8,0.0,93.6,0.0,120.0
495,M2I2120,-549.69,350.0,15.0,2.3200000000000003,4243.181818181818,0.0,0.0,0.0,0.0,0.0,0.0,120.0
496,M2I2121,-1596.85,350.0,9.0,3.595,3936.804733727811,0.0,0.0,19.8,0.0,93.6,0.0,120.0
497,M2I2122,10.59,350.0,9.0,3.3649999999999998,3549.2561983471073,55.2,0.0,20.35,0.0,96.2,0.0,120.0
498,M2I2141,-608.16,350.0,15.0,2.4072639999999996,4485.6,0.0,0.0,0.0,0.0,0.0,0.0,120.0
499,M7V2159,211.31,450.0,25.0,4.0,3037.1666666666665,92.0,0.0,28.38,0.0,134.16,0.0,162.0
500,M8V2124,1417.4,450.0,28.0,2.1864285714285714,3103.0434782608695,170.2,0.0,27.5,0.0,130.0,0.0,114.0
501,M8V2125,1180.36,450.0,25.0,2.4337999999999997,2567.4,170.2,0.0,33.0,0.0,156.0,0.0,114.0
502,M8V2126,780.88,450.0,25.0,3.068571428571428,2592.8571428571427,174.8,0.0,33.0,0.0,156.0,0.0,114.6
503,M8V2149,1076.78,450.0,24.0,2.4337999999999997,1699.8,170.2,0.0,27.5,0.0,130.0,0.0,114.0
504,M6V21110,1107.97,450.0,15.0,2.5,5764.333333333333,92.0,0.0,22.0,0.0,104.0,120.0,0.0
505,M6V21111,-433.52,450.0,15.0,2.5,5418.521739130435,0.0,0.0,22.0,0.0,104.0,0.0,120.0
506,M8V2127,765.19,450.0,14.0,2.563913043478261,1744.375,161.0,0.0,33.0,0.0,156.0,0.0,115.8
507,M8V2128,871.47,450.0,17.0,2.717777777777777,3425.8333333333335,170.2,0.0,33.0,0.0,156.0,0.0,115.8
508,M8V2129,1031.5,450.0,25.0,2.5357142857142856,1985.3424657534247,170.2,0.0,27.5,0.0,130.0,0.0,115.8
509,M8V2130,1705.3,450.0,16.0,2.5846153846153843,2561.5789473684213,243.8,0.0,33.0,0.0,156.0,0.0,115.8
510,M7V2137,1626.4,450.0,31.0,3.2700000000000005,2789.3865030674847,268.18,0.0,16.28,0.0,76.96,0.0,120.0
511,M7V2138,1198.62,450.0,27.0,2.5,2333.3333333333335,193.2,0.0,16.28,0.0,76.96,0.0,0.0
512,M7V2139,1555.52,450.0,37.0,2.5,2713.217391304348,201.48,0.0,16.28,0.0,76.96,0.0,111.0
513,M7V2140,1550.66,450.0,33.0,2.5,3573.9622641509436,207.0,0.0,16.28,0.0,76.96,0.0,0.0
514,M7V2141,1198.42,450.0,32.0,2.5,2113.3333333333335,92.0,0.0,16.28,0.0,76.96,0.0,0.0
515,M6I2185,1227.33,350.0,15.0,2.5,3180.0664451827242,69.0,40.0,0.0,120.0,0.0,160.0,0.0
516,M6I2186,1227.33,350.0,15.0,2.5,3179.87012987013,69.0,40.0,0.0,120.0,0.0,160.0,0.0
517,M6I21146,367.54,350.0,12.0,2.95,3968.996710526316,92.0,0.0,0.0,0.0,0.0,0.0,0.0
518,M6I21147,387.73,350.0,12.0,2.9,3929.3650793650795,92.0,0.0,0.0,0.0,0.0,0.0,0.0
519,M6I21148,247.19,350.0,14.0,3.2,4631.329508605638,92.0,0.0,0.0,0.0,0.0,0.0,0.0
520,M6I21149,424.83,350.0,13.0,2.9,4212.562396006655,92.0,0.0,0.0,0.0,0.0,0.0,0.0
521,M7I2156,-43.81,350.0,21.0,3.8,3580.1901257283043,159.16,0.0,28.6,0.0,135.2,0.0,120.0
522,M7I2157,295.39,350.0,21.0,3.4,4053.714285714286,107.18,0.0,28.6,0.0,135.2,0.0,111.0
523,M7I2158,120.65,350.0,24.0,3.6,4288.301886792453,160.07999999999998,0.0,19.8,0.0,93.6,0.0,103.8
524,M7V2115,1131.2,450.0,20.0,2.9285714285714284,4616.96,92.0,0.0,24.529999999999998,0.0,115.96000000000001,0.0,132.0
525,M7V2116,183.79,450.0,18.0,3.9,3886.2727272727275,170.66,0.0,24.2,0.0,114.4,0.0,115.2
526,M7V2117,497.31,450.0,18.0,3.54,3330.909090909091,174.8,0.0,24.529999999999998,0.0,115.96000000000001,0.0,118.2
527,M7V2118,567.74,450.0,18.0,3.657142857142857,3255.531914893617,95.22,0.0,24.529999999999998,0.0,115.96000000000001,0.0,124.2
528,M7V2119,742.46,450.0,19.0,3.3125,3063.214285714286,92.0,0.0,24.529999999999998,0.0,115.96000000000001,0.0,118.2
529,M7V2120,2027.96,450.0,27.0,2.5,4475.555555555556,92.0,0.0,45.32,0.0,214.24,0.0,135.6
530,M6I21181,476.87,350.0,23.0,2.6153846153846154,2760.0,0.0,14.0,0.0,152.0,0.0,0.0,0.0
531,M6I21182,754.96,350.0,18.0,2.3625,2765.9615384615386,0.0,14.0,0.0,152.0,0.0,0.0,0.0
532,M4V2156,1296.0,450.0,28.0,2.5964285714285715,4217.444444444444,177.1,21.777600000000003,25.6662,76.22160000000001,0.0,32.6664,39.996
533,M4V2157,1704.04,450.0,27.0,2.745945945945946,3014.0,229.62279999999998,16.363200000000003,27.489,73.6344,0.0,16.363200000000003,38.178000000000004
534,M4V2158,931.08,450.0,24.0,2.371052631578947,2882.695652173913,139.9964,20.8656,25.746,73.0296,0.0,31.2984,38.082
535,M7V2142,654.06,450.0,18.0,2.5,4063.2380952380954,0.0,27.0,47.13,0.0,95.16,0.0,120.0
536,M7V2143,-499.54,450.0,16.0,2.5,3128.9166666666665,0.0,0.0,22.0,0.0,104.0,0.0,114.0
537,M7V2144,62.84,450.0,21.0,2.5,5575.166666666667,46.0,0.0,26.07,0.0,123.24,0.0,120.0
538,M7V2145,922.66,450.0,18.0,2.5,4855.428571428572,69.0,36.45,61.97,0.0,120.64,0.0,120.0
539,M7V2146,687.7,450.0,21.0,2.5,2928.6153846153848,0.0,27.0,44.93,0.0,84.76,0.0,120.0
540,M7V2147,1101.12,450.0,26.0,2.5,5445.166666666667,115.0,16.2,43.975,0.0,131.3,0.0,120.0
541,M7V2155,-1917.69,450.0,10.0,4.3,3062.7118644067796,0.0,0.0,24.2,0.0,114.4,0.0,120.0
542,M7I2101,486.58,350.0,17.0,3.4,4957.25,192.28,0.0,18.7,0.0,88.4,0.0,114.0
543,M7I2102,67.82,350.0,22.0,1.6620000000000001,2400.0,0.0,0.0,19.8,0.0,93.6,0.0,114.0
544,M7I2103,-677.41,350.0,20.0,3.7,3540.0,92.0,0.0,19.8,0.0,93.6,0.0,90.0
545,M7I2104,1029.05,350.0,15.0,2.5,3144.6511627906975,193.2,0.0,19.8,0.0,93.6,0.0,108.0
546,M7I2105,245.89,350.0,21.0,3.6,3894.0,92.0,0.0,17.6,0.0,83.2,0.0,108.0
547,M7I2106,216.15,350.0,17.0,3.5,3720.0,181.7,0.0,18.7,0.0,88.4,0.0,108.0
548,M7I2107,1629.12,350.0,19.0,2.0926829268292684,3256.75,211.6,0.0,20.9,0.0,98.8,0.0,108.0
549,M7I2108,359.61,350.0,16.0,3.5,5315.384615384615,188.6,0.0,19.8,0.0,93.6,0.0,90.0
550,M7I2194,-7.88,350.0,17.0,1.825,3780.0,0.0,0.0,20.9,0.0,98.8,0.0,108.0
551,M7I2195,157.5,350.0,17.0,1.5182795698924731,3780.0,0.0,0.0,19.8,0.0,93.6,0.0,90.0
552,M7V2121,434.41,450.0,23.0,2.5,5371.75,92.0,0.0,22.0,0.0,104.0,0.0,102.0
553,M7V2122,1367.99,450.0,36.0,2.5,2817.2,92.0,0.0,17.6,0.0,83.2,0.0,108.0
554,M7V2123,1269.01,450.0,31.0,2.5,2083.6363636363635,92.0,0.0,24.2,0.0,114.4,0.0,90.0
555,M7V2124,-402.67,450.0,22.0,2.5,3650.0,0.0,0.0,20.9,0.0,98.8,0.0,90.0
556,M7V2125,1324.09,450.0,30.0,2.5,3275.1162790697676,188.6,0.0,17.6,0.0,83.2,0.0,108.0
557,M7V2126,-408.64,450.0,25.0,2.5,1897.0666666666666,0.0,0.0,22.0,0.0,104.0,0.0,90.0
558,M7V2127,-346.99,450.0,20.0,2.5,4888.307692307692,0.0,0.0,24.2,0.0,114.4,0.0,90.0
559,M7V2128,384.3,450.0,21.0,2.5,4826.285714285715,92.0,0.0,24.2,0.0,114.4,0.0,84.0
560,M7V2134,695.54,450.0,37.0,2.5,4474.75,92.0,0.0,24.2,0.0,114.4,0.0,93.0
561,M4V2161,1650.92,450.0,22.0,2.4,3280.156657963447,234.82999999999998,21.9328,0.0,76.76480000000001,0.0,32.8992,36.0
562,M6V2146,-1562.35,450.0,15.0,4.3,6826.818181818182,0.0,109.5,0.0,67.5,0.0,114.0,0.0
563,M6V2147,-1590.2,450.0,15.0,4.25,6873.913043478261,0.0,90.6,0.0,85.0,0.0,111.0,0.0
564,M6V2102,-253.39,450.0,15.0,1.9448275862068964,2780.5333333333333,0.0,16.2,0.0,88.2,0.0,0.0,0.0
565,M6V2103,-198.31,450.0,15.0,1.9448275862068964,3200.4545454545455,0.0,16.2,0.0,86.4,0.0,0.0,0.0
566,M6V2101,-1270.38,450.0,15.0,3.6100000000000003,2789.68085106383,0.0,106.2,0.0,88.2,0.0,120.0,0.0
567,M4V2130,963.51,450.0,19.0,2.8476190476190473,5896.692913385827,189.06,10.8,0.0,48.6,0.0,18.0,88.8
568,M2I2102,328.06,350.0,20.0,3.362285714285714,5998.719512195122,55.2,0.0,22.0,0.0,104.0,0.0,0.0
569,M2I2103,856.51,350.0,13.0,3.445714285714285,4642.64367816092,124.2,0.0,0.0,0.0,0.0,0.0,0.0
570,M2I2104,254.73,350.0,18.0,3.524375,4947.4,124.2,0.0,22.0,0.0,104.0,0.0,0.0
571,M2I2105,55.05,350.0,14.0,3.546875,4652.571428571428,55.2,0.0,22.0,0.0,104.0,0.0,132.0
572,M2I2106,921.34,350.0,14.0,2.5,4574.7,124.2,0.0,22.0,0.0,104.0,0.0,0.0
573,M2V2106,-1058.29,450.0,19.0,3.8333333333333335,816.7682926829268,55.2,0.0,25.3,0.0,119.6,0.0,132.0
574,M2V2108,435.27,450.0,15.0,2.83,471.0975609756098,55.2,0.0,22.0,0.0,104.0,0.0,72.0
575,M2V2109,-487.94,450.0,18.0,2.9,358.9024390243902,55.2,0.0,22.0,0.0,104.0,0.0,132.0
576,M4V2162,406.01,450.0,22.0,2.3,4712.5,0.0,211.75,0.0,86.8,0.0,90.8,0.0
577,M4V2163,346.03,450.0,22.0,2.4,4449.6,0.0,219.4,0.0,86.8,0.0,84.8,0.0
578,M4V2164,779.56,450.0,21.0,1.8,4859.545454545455,0.0,219.6,1.1,88.2,5.2,93.60000000000001,0.0
579,M4V2171,499.34,450.0,18.0,2.1,4738.333333333333,0.0,217.15,0.0,86.8,0.0,84.8,0.0
580,M6I21189,563.59,350.0,15.0,3.1,4108.75,92.0,0.0,22.0,0.0,104.0,0.0,108.0
581,M8V2132,175.9,450.0,14.0,2.5,3183.6190476190477,92.0,0.0,21.45,0.0,101.4,0.0,150.0
582,M4V2126,205.23,450.0,10.0,3.7975680000000005,8122.5,181.53,1.335,25.535,0.0,114.4,0.0,114.0
583,M4V2127,420.3,450.0,15.0,2.95625,3580.0060957025294,182.16,0.0,0.0,0.0,0.0,0.0,0.0
584,M4V2148,-707.3,450.0,18.0,3.742857142857143,3812.5641025641025,106.72,0.0,0.0,0.0,0.0,0.0,120.0
585,M6V21101,-1221.14,450.0,17.0,4.06,1974.7826086956522,0.0,118.0,0.0,98.0,0.0,56.0,0.0
586,M6V21102,-705.88,450.0,19.0,3.5,3251.4,0.0,118.0,0.0,98.0,0.0,56.0,0.0
587,M4V2135,-614.3,450.0,15.0,3.3579999999999997,1892.888888888889,55.2,0.0,0.0,0.0,0.0,0.0,0.0
588,M4V2137,-167.92,450.0,8.0,3.1,2836.5,154.10000000000002,0.0,0.0,0.0,0.0,0.0,0.0
589,M4V2138,40.92,450.0,13.0,3.2329999999999997,4644.077669902913,98.9,0.0,0.0,0.0,0.0,0.0,0.0
590,M4V2139,-44.34,450.0,8.0,2.823,2846.866485013624,98.9,0.0,50.4,0.0,0.0,0.0,0.0
591,M4V2140,184.33,450.0,11.0,2.903,3926.761744966443,98.9,0.0,0.0,0.0,0.0,0.0,0.0
592,M4V2141,-155.47,450.0,15.0,3.525,3994.6428571428573,55.2,0.0,0.0,0.0,0.0,0.0,0.0
593,M4V2136,1.82,450.0,9.0,2.575,4361.940298507462,55.2,0.0,0.0,0.0,0.0,0.0,88.8
594,M2V2119,-691.47,450.0,12.0,2.45,580.1666666666666,0.0,0.0,22.0,0.0,104.0,0.0,105.0
595,M8V2117,-356.59,450.0,14.0,3.9115384615384614,3988.2051282051284,115.0,0.0,64.0,0.0,104.0,0.0,78.0
596,M8V2119,-324.7,450.0,14.0,3.832,3622.1794871794873,115.0,0.0,64.0,0.0,104.0,0.0,72.0
597,M6I2102,1019.7,350.0,15.0,2.5,3771.52,92.0,48.0,0.0,120.0,0.0,120.0,0.0
598,M6I2103,1296.1,350.0,17.0,2.5,2577.4117647058824,92.0,48.0,0.0,120.0,0.0,120.0,0.0
599,M6I2107,-195.48,350.0,15.0,2.845833333333333,3540.0,0.0,102.5,0.0,105.0,0.0,120.0,0.0
600,M6I2108,754.39,350.0,15.0,3.0529411764705885,3662.7884615384614,69.0,35.0,0.0,105.0,0.0,155.0,0.0
601,M6I2112,1094.21,350.0,15.0,2.5821428571428573,3717.0,69.0,35.0,0.0,105.0,0.0,35.0,0.0
602,M6I2113,631.06,350.0,15.0,3.1923076923076925,3540.0,69.0,35.0,0.0,105.0,0.0,0.0,0.0
603,M6I2114,991.57,350.0,15.0,2.6923076923076925,3268.409090909091,69.0,35.0,0.0,105.0,0.0,120.0,0.0
604,M4V2132,13.1,450.0,12.0,3.5780769036366387,2957.16814159292,92.0,20.0,0.0,90.0,0.0,0.0,90.0
605,M4V2133,-557.02,450.0,10.0,3.061363636363637,1538.9705882352941,92.0,20.0,0.0,90.0,0.0,0.0,90.0
606,M4V2134,313.0,450.0,15.0,3.1815789436039172,1950.5813953488373,92.0,20.0,0.0,90.0,0.0,0.0,90.0
607,M4V2175,2381.35,450.0,19.0,0.38688888888888895,2688.36370919287,92.0,20.0,0.0,90.0,0.0,0.0,90.0
608,M4V2128,-403.45,450.0,23.0,3.2058823529411766,1650.967741935484,0.0,152.35,0.77,98.4,3.64,105.0,0.0
609,M4V2149,266.99,450.0,23.0,2.450136363636364,3373.809523809524,0.0,157.14999999999998,0.0,99.84,0.0,115.8,0.0
610,M6V2112,-247.57,450.0,15.0,2.0,3128.5714285714284,0.0,0.0,19.8,0.0,93.6,0.0,0.0
611,M6V2168,-1210.33,450.0,20.0,4.0,2042.0,0.0,103.75,0.0,130.0,0.0,120.0,0.0
612,M6V2169,-401.61,450.0,23.0,3.1,2919.090909090909,0.0,193.75,0.0,130.0,0.0,120.0,0.0
613,M6V2170,-60.97,450.0,26.0,3.4,3232.2916666666665,0.0,218.75,0.0,104.0,0.0,0.0,0.0
614,M6V2171,-697.13,450.0,22.0,3.4,2627.2727272727275,0.0,103.75,0.0,130.0,0.0,120.0,0.0
615,M6V2172,-636.59,450.0,23.0,3.3,2105.4430379746836,0.0,103.75,0.0,130.0,0.0,120.0,0.0
616,M6V2183,-209.26,450.0,20.0,3.4,2231.224127735068,0.0,223.75,0.0,130.0,0.0,0.0,0.0
617,M6V2189,-609.78,450.0,22.0,3.3,3004.8,0.0,103.75,0.0,130.0,0.0,120.0,0.0
618,M2V2126,1159.53,450.0,20.0,2.5,3244.3333333333335,69.0,0.0,0.0,0.0,0.0,0.0,114.0
619,M2V2127,1165.53,450.0,20.0,2.5,3085.176470588235,69.0,0.0,0.0,0.0,0.0,0.0,114.0
620,M7I2147,904.21,350.0,22.0,2.988888889,4037.9411764705883,138.0,0.0,33.22,0.0,157.04,0.0,120.0
621,M7I2148,2003.94,350.0,17.0,1.982222222,3000.0,138.0,0.0,33.0,0.0,156.0,0.0,139.8
622,M7I2149,486.93,350.0,15.0,3.2851851850000005,3000.0,92.0,0.0,33.0,0.0,156.0,0.0,138.0
623,M7I2180,1290.53,350.0,17.0,2.23,3840.0,128.8,0.0,33.0,0.0,156.0,0.0,120.0
624,M6I2116,212.07,350.0,24.0,2.66,2724.0163934426228,0.0,184.25,20.25,128.0,0.0,56.0,0.0
625,M6I2117,525.88,350.0,23.0,2.25,2759.137931034483,0.0,76.25,20.25,128.0,0.0,56.0,0.0
626,M6I2118,-501.85,350.0,20.0,2.45,2970.0,0.0,56.0,0.0,128.0,0.0,56.0,0.0
627,M6I2119,-367.94,350.0,20.0,2.74,2072.8,0.0,76.25,20.25,128.0,0.0,56.0,0.0
628,M6I2120,-447.93,350.0,20.0,2.88,2245.0,0.0,76.25,20.25,128.0,0.0,56.0,0.0
629,M6I2121,286.75,350.0,19.0,2.45,2969.879518072289,0.0,184.25,20.25,56.0,0.0,128.0,0.0
630,M6I2122,420.36,350.0,23.0,2.41,3495.3968253968255,0.0,184.25,20.25,128.0,0.0,56.0,0.0
631,M6I2123,327.75,350.0,21.0,2.45,2970.0,0.0,184.25,20.25,56.0,0.0,128.0,0.0
632,M6I2124,232.41,350.0,20.0,2.5,1685.0,0.0,76.25,20.25,128.0,0.0,56.0,0.0
633,M4V2116,742.69,450.0,18.0,3.436,4907.7192982456145,195.5,18.0,30.748199999999997,90.0,0.0,30.0,40.709999999999994
634,M4V2117,1488.34,450.0,25.0,2.5,5038.326506729081,115.0,15.96,0.0,79.8,0.0,26.6,49.8
635,M4V2118,1491.18,450.0,23.0,2.602702702702703,4973.421926910299,207.8372,16.881600000000002,0.0,75.9672,0.0,28.136000000000003,74.58
636,M7I2109,306.89,350.0,19.0,2.6,1680.0,128.8,0.0,22.0,0.0,104.0,0.0,108.0
637,M7I2110,283.84,350.0,21.0,2.7,1980.0,128.8,0.0,22.0,0.0,104.0,0.0,108.0
638,M7I2111,-293.4,350.0,19.0,3.4,1500.0,128.8,0.0,22.0,0.0,104.0,0.0,108.0
639,M7I2112,78.75,350.0,20.0,2.9,900.0,128.8,0.0,22.0,0.0,104.0,0.0,108.0
640,M7I2113,14.22,350.0,20.0,3.1,1080.0,128.8,0.0,22.0,0.0,104.0,0.0,108.0
641,M2I2145,1081.32,350.0,17.0,2.5,2108.2608695652175,211.6,18.5,0.0,129.5,0.0,18.5,0.0
642,M2V2118,-711.77,450.0,17.0,2.845090909090909,3009.1017964071857,0.0,0.0,23.1,0.0,109.2,0.0,102.0
643,M8V2123,798.82,450.0,30.0,2.5,1901.2676056338028,69.0,0.0,22.0,0.0,104.0,0.0,120.0
644,M6V2151,-1.24,450.0,15.0,1.95,3443.5384615384614,0.0,0.0,30.8,0.0,145.6,0.0,138.0
645,M6I2174,863.47,350.0,10.0,2.293846153846154,3165.0561797752807,113.62,15.0,0.55,90.0,2.6,30.0,90.0
646,M6I2175,-254.38,350.0,13.0,3.785454545454545,3847.222222222222,168.82,15.0,0.55,90.0,2.6,30.0,90.0
647,M6I2176,9.29,350.0,12.0,3.2555555555555555,1770.0,168.82,15.0,0.495,90.0,2.34,30.0,138.0
648,M8V2101,1563.34,450.0,23.0,2.006896551724138,3013.9823008849557,69.0,10.28,0.0,77.1,0.0,111.5,0.0
649,M8V2102,1375.42,450.0,18.0,1.9853658536585368,2443.9024390243903,131.1,10.28,0.0,77.1,0.0,111.5,0.0
650,M2I2124,-874.1,350.0,15.0,3.01,1576.7142857142858,55.2,0.0,0.0,0.0,0.0,0.0,0.0
651,M7I21108,945.65,350.0,24.0,2.7826666666666666,3480.0,92.0,0.0,22.44,0.0,106.08,0.0,90.0
652,M2V2101,575.77,450.0,23.0,2.5,4699.857142857143,82.8,104.0,0.0,115.0,0.0,104.0,30.0
653,M2V2102,519.62,450.0,19.0,2.45,5028.315789473684,82.8,104.0,0.0,115.0,0.0,40.0,30.0
654,M2V2103,258.82,450.0,21.0,2.9,5892.413793103448,82.8,104.0,0.0,115.0,0.0,104.0,30.0
655,M2V2104,95.45,450.0,15.0,2.855,4361.6,82.8,104.0,0.0,115.0,0.0,104.0,30.0
656,M2V2105,682.7,450.0,18.0,2.21,4832.9807692307695,82.8,104.0,0.0,115.0,0.0,104.0,30.0
657,M2I2150,581.15,350.0,11.0,2.33,4778.367346938776,92.0,41.6,42.0,0.0,0.0,41.6,132.0
658,M2I2151,22.05,350.0,15.0,2.1,4260.0,0.0,41.6,42.0,0.0,0.0,41.6,132.0
659,M7I2124,1256.69,350.0,23.0,2.2,2904.0047405066416,92.0,22.05,0.33,98.0,1.56,0.0,132.6
660,M7I2125,525.31,350.0,20.0,3.1,2729.873772791024,92.0,22.05,0.33,98.0,1.56,0.0,132.0
661,M7I2126,917.24,350.0,21.0,2.6,2730.0527240773285,92.0,22.05,0.33,98.0,1.56,0.0,132.0
662,M7V2101,1094.49,450.0,37.0,2.5,3772.0,0.0,56.7,81.23,0.0,115.96000000000001,0.0,134.13
663,M7V2102,635.65,450.0,26.0,2.5,2601.6666666666665,0.0,48.6,73.13,0.0,115.96000000000001,0.0,139.18200000000002
664,M7V2103,1501.11,450.0,34.0,2.5,3053.269230769231,36.8,62.1,88.83,0.0,126.36,0.0,132.0
665,M7V2104,1610.33,450.0,27.0,2.5,4177.278911564626,39.1,70.2,94.73,0.0,115.96000000000001,0.0,140.4
666,M7V2105,1598.43,450.0,23.0,2.5,5090.795454545455,39.1,70.2,94.73,0.0,115.96000000000001,0.0,138.0
667,M7V2108,1063.82,450.0,18.0,2.5,5512.4358974358975,39.1,52.65,77.17999999999999,0.0,115.96000000000001,0.0,111.132
668,M6I2162,155.08,350.0,15.0,2.5,2400.0,92.0,0.0,29.7,0.0,140.4,0.0,138.0
669,M6V2138,-916.27,450.0,15.0,3.3,3031.3207547169814,0.0,0.0,29.7,0.0,140.4,0.0,0.0
670,M4V2122,372.01,450.0,21.0,2.15,3245.4761904761904,0.0,211.3,0.0,98.4,0.0,96.0,0.0
671,M4V2123,808.53,450.0,27.0,1.85,308.3333333333333,36.8,144.9,22.88,0.0,108.16,0.0,97.8
672,M6I21113,1291.91,350.0,19.0,2.5,3120.0,151.8,32.0,0.0,112.0,0.0,64.0,0.0
673,M7I2137,1070.86,350.0,20.0,2.8705882352941177,4403.398058252427,80.5,0.0,67.52,0.0,120.64,0.0,132.0
674,M7I2138,-161.42,350.0,14.0,3.2375,3900.0,80.5,0.0,64.22,0.0,105.04,0.0,120.0
675,M7I2139,1079.74,350.0,18.0,2.803125,4500.0,80.5,0.0,67.575,0.0,120.89999999999999,0.0,120.0
676,M7I2140,1470.48,350.0,20.0,2.34375,4560.0,80.5,0.0,67.85,0.0,122.19999999999999,0.0,132.0
677,M7I2141,1054.28,350.0,17.0,2.771875,4305.588235294118,80.5,0.0,66.2,0.0,114.4,0.0,120.0
678,M7I2142,161.83,350.0,15.0,2.8657142857142857,3900.0,80.5,0.0,67.3,0.0,119.6,0.0,120.0
679,M7I2143,995.21,350.0,19.0,2.9611111111111112,4642.761904761905,80.5,0.0,67.52,0.0,120.64,0.0,132.0
680,M7I2144,1525.87,350.0,18.0,2.1638888888888888,3900.0,80.5,0.0,67.52,0.0,120.64,0.0,120.0
681,M7I2145,652.68,350.0,16.0,3.203333333333333,3000.0,80.5,0.0,67.52,0.0,120.64,0.0,120.0
682,M7I2146,553.37,350.0,19.0,3.55625,4680.0,80.5,0.0,67.52,0.0,120.64,0.0,132.0
683,M7I2190,826.22,350.0,21.0,3.17,3600.0,80.5,0.0,67.52,0.0,120.64,0.0,132.0
684,M2V2110,464.19,450.0,20.0,2.9909230769230772,1865.2631578947369,82.8,0.0,52.5,0.0,0.0,0.0,72.0
685,M2V2111,632.52,450.0,25.0,2.9569565217391305,2578.777777777778,82.8,0.0,52.5,0.0,0.0,0.0,72.0
686,M6I21170,-109.83,350.0,11.0,3.6208333333333336,2660.9473684210525,92.0,16.0,0.0,118.4,0.0,120.0,0.0
687,M6I21171,-113.96,350.0,14.0,3.6583333333333337,4368.0,92.0,16.0,0.0,118.4,0.0,120.0,0.0
688,M6I21172,4.76,350.0,11.0,3.6125,5049.666666666667,92.0,16.0,0.0,118.4,0.0,120.0,0.0
689,M6I21173,201.58,350.0,11.0,3.201639344262295,2661.0,92.0,16.0,0.0,118.4,0.0,120.0,0.0
690,M6I21174,-199.84,350.0,14.0,3.7786885245901636,4468.16,92.0,16.0,0.0,118.4,0.0,120.0,0.0
691,M6I21175,-219.87,350.0,13.0,3.756666666666667,3978.0,92.0,16.0,0.0,118.4,0.0,120.0,0.0
692,M6V21108,-302.4,450.0,16.0,4.241269841269841,5134.3,124.2,16.0,0.22,118.4,1.04,0.0,0.0
693,M6V2152,901.63,450.0,16.0,2.501639344262295,2887.8688524590166,124.2,16.0,0.22,118.4,1.04,0.0,0.0
694,M6V2153,865.69,450.0,12.0,2.5,4369.538461538462,124.2,16.0,0.22,118.4,1.04,0.0,0.0
695,M6V2154,508.42,450.0,17.0,2.963235294117647,2043.851851851852,124.2,13.5,0.22,99.9,1.04,0.0,0.0
696,M6V2134,-615.47,450.0,15.0,3.01,5810.75,0.0,126.0,0.0,126.0,0.0,72.0,0.0
697,M7V2148,-238.45,450.0,21.0,4.3575,1979.6,92.0,0.0,22.44,0.0,106.08,0.0,120.0
698,M7V2149,-258.51,450.0,23.0,4.404999999999999,2234.8837209302324,92.0,0.0,22.44,0.0,106.08,0.0,120.0
699,M7V2150,-54.1,450.0,22.0,4.154999999999999,2264.8888888888887,92.0,0.0,22.44,0.0,106.08,0.0,120.0
700,M7V2156,1469.79,450.0,25.0,2.3,5243.2,92.0,0.0,22.44,0.0,106.08,0.0,120.0
701,M4V2159,587.82,450.0,26.0,3.196551724137931,5395.076923076923,174.8,11.1,0.0,49.95,0.0,11.1,60.0
702,M4V2160,1700.85,450.0,19.0,2.0100000000000002,5373.0,174.8,17.4,21.0,78.3,0.0,29.0,60.0
703,M4V2119,-172.76,450.0,17.0,2.8991624999999996,5075.684210526316,0.0,211.75,0.0,98.4,0.0,99.0,0.0
704,M4V2120,-545.77,450.0,22.0,3.4415333333333336,5157.798165137615,0.0,201.85,0.0,98.4,0.0,78.0,0.0
705,M4V2121,403.06,450.0,19.0,2.0653,4042.8,0.0,209.5,0.33,98.4,1.56,85.2,0.0
706,M4V2151,-269.84,450.0,22.0,3.068792307692308,5603.1,0.0,126.0,0.0,0.0,0.0,84.0,0.0
707,M4V2125,1619.65,450.0,23.0,2.3,3593.5555555555557,201.88479999999998,0.0,26.5884,0.0,95.90879999999999,0.0,135.69
708,M4V2172,1701.88,450.0,18.0,2.3,5787.555555555556,189.911,0.0,34.9085,0.0,87.8176,0.0,143.328
709,M4V2173,1796.67,450.0,17.0,2.23,5503.333333333333,212.911,0.0,19.25,0.0,91.0,0.0,121.5
710,M6I2125,74.28,350.0,13.0,2.55,2700.058241118229,0.0,184.25,20.25,56.0,0.0,128.0,0.0
711,M6I2126,127.18,350.0,15.0,2.55,2719.196428571429,0.0,184.25,20.25,56.0,0.0,132.8,0.0
712,M6I2127,193.44,350.0,15.0,2.46,2719.251336898396,0.0,184.25,20.25,56.0,0.0,128.0,0.0
713,M6I2128,215.73,350.0,15.0,2.43,2719.310344827586,0.0,184.25,20.25,56.0,0.0,128.0,0.0
714,M6I2129,128.99,350.0,9.0,2.375,2640.2966625463537,0.0,184.25,20.25,56.0,0.0,128.0,0.0
715,M7I21106,-121.4,350.0,15.0,3.6484848484848484,3240.0,46.0,44.55,68.75,0.0,114.4,0.0,114.0
716,M7I21107,-140.26,350.0,15.0,3.574647887323944,3660.0,46.0,68.75,44.55,112.2,0.0,0.0,114.0
717,M6I2156,265.5,350.0,15.0,2.5,5872.166666666667,92.0,0.0,24.2,0.0,114.4,0.0,0.0
718,M6I2157,250.86,350.0,15.0,2.5,5700.0,101.2,0.0,24.2,0.0,114.4,0.0,0.0
719,M6V2104,487.25,450.0,20.0,2.8,2720.2105263157896,174.8,0.0,0.0,0.0,0.0,0.0,0.0
720,M4V2165,710.23,450.0,21.0,1.7,3353.75,0.0,238.5,0.0,126.0,0.0,111.0,0.0
721,M4V2166,201.1,450.0,21.0,2.45,3145.5550437586367,0.0,225.65,0.0,94.55,0.0,99.6,0.0
722,M4V2167,830.19,450.0,27.0,1.6,3773.75,0.0,215.38,0.0,90.16,0.0,88.76,0.0
723,M4V2105,1334.24,450.0,14.0,2.371428571428572,2272.2141823444285,149.244,1.29,72.892,0.0,123.03199999999998,0.0,130.26
724,M4V2106,1544.63,450.0,12.0,2.129169230769231,4124.553224553225,155.408,1.29,67.143,0.0,117.0,0.0,121.2
725,M4V2146,291.22,450.0,14.0,3.5431200000000005,3339.549180327869,84.502,0.845,64.306,0.0,117.20800000000001,122.4,0.0
726,M2I2131,-395.02,350.0,9.0,2.275294117647059,3960.4,0.0,0.0,42.0,0.0,0.0,0.0,99.0
727,M2I2132,-503.51,350.0,15.0,2.132941176470588,2870.9166666666665,0.0,40.0,0.0,0.0,0.0,30.0,0.0
728,M2I2133,-1218.33,350.0,15.0,3.245,4823.289473684211,0.0,0.0,0.0,0.0,0.0,0.0,99.0
729,M7I21124,1363.32,350.0,16.0,1.8857142857142857,1980.0,184.0,25.0,0.0,70.0,0.0,25.0,72.0
730,M7I21125,1199.44,350.0,15.0,1.7,1500.0,184.0,25.0,0.0,70.0,0.0,25.0,72.0
731,M7I21126,949.9,350.0,15.0,2.20625,1206.0869565217392,92.0,12.65,0.0,70.84,0.0,0.0,72.0
732,M7I21127,1283.56,350.0,11.0,1.586111111111111,1740.0,92.0,12.65,0.0,93.61,0.0,0.0,72.0
733,M7I21128,1303.87,350.0,17.0,1.9933333333333334,1980.0,92.0,25.0,0.0,70.0,0.0,25.0,72.0
734,M7I21129,890.51,350.0,12.0,2.225,2100.0,184.0,25.0,0.0,70.0,0.0,25.0,72.0
735,M6V2114,75.63,450.0,15.0,1.5,4226.8421052631575,0.0,16.2,0.0,88.2,0.0,120.0,0.0
736,M6V2115,53.55,450.0,8.0,1.9,4521.5625,0.0,92.0,19.8,0.0,93.6,120.0,0.0
737,M6V2116,382.73,450.0,15.0,2.0,3201.714285714286,0.0,182.0,19.8,0.0,93.6,120.0,0.0
738,M6V2167,-251.63,450.0,15.0,2.0,4201.111111111111,0.0,16.2,0.0,88.2,0.0,120.0,0.0
739,M7I2166,1038.11,350.0,21.0,2.5,4200.0,92.0,14.0,0.33,103.6,1.56,0.0,120.0
740,M7I2167,205.61,350.0,19.0,2.5,4410.0,95.22,14.0,0.0,103.6,0.0,0.0,120.0
741,M6V2117,-382.54,450.0,15.0,2.2,3088.214285714286,0.0,32.0,0.0,96.0,0.0,64.0,0.0
742,M6I2155,-1167.11,350.0,8.0,2.750270276456266,2100.0,0.0,0.0,0.22,0.0,1.04,0.0,0.0
743,M6V2161,108.08,450.0,14.0,3.4420000076293946,2706.153846153846,92.0,16.0,0.0,118.4,0.0,0.0,0.0
744,M6V2162,168.08,450.0,13.0,3.3222221798366975,2663.913043478261,92.0,16.0,0.0,118.4,0.0,0.0,0.0
745,M6V2163,167.67,450.0,13.0,3.3119999980926513,2391.8571428571427,92.0,16.0,1.1,118.4,5.2,0.0,0.0
746,M2V2107,78.64,450.0,18.0,3.0479629629629637,991.2258064516129,82.8,100.0,18.7,0.0,88.4,75.0,102.0
747,M7I21130,1306.64,350.0,12.0,1.5,2100.0,92.0,25.0,0.0,70.0,0.0,25.0,72.0
748,M6I21100,595.45,350.0,19.0,3.1,4844.262295081967,174.8,36.0,0.0,108.0,0.0,54.0,108.0
749,M6I2199,661.0,350.0,18.0,3.1,4913.333333333333,92.0,36.0,0.0,108.0,0.0,54.0,108.0
750,M6V21107,-434.81,450.0,15.0,2.3,3728.3333333333335,0.0,36.0,0.0,63.0,0.0,54.0,96.0
751,M6I21142,-844.46,350.0,15.0,2.5,3159.020979020979,0.0,0.0,0.0,0.0,0.0,0.0,90.0
752,M4V2103,939.66,450.0,15.0,2.3788,4126.333333333333,87.39999999999999,77.527,68.02,0.0,119.08,120.0,0.0
753,M7I2168,1210.74,350.0,23.0,2.1875,3779.982418686425,92.0,11.75,0.33,86.95,1.56,0.0,0.0
754,M7I2169,1448.31,350.0,21.0,1.8125,3780.0174194351125,92.0,11.75,0.33,86.95,1.56,0.0,0.0
755,M7I2170,1373.13,350.0,21.0,2.2399999999999998,2700.0,105.8,14.0,0.33,103.6,1.56,0.0,0.0
756,M7I2171,1351.55,350.0,22.0,1.988888888888889,3780.0382717292778,92.0,11.75,0.33,86.95,1.56,0.0,0.0
757,M7I2172,1638.82,350.0,21.0,1.776923076923077,3959.9851521900523,197.8,11.75,0.33,86.95,1.56,0.0,0.0
758,M7I2173,1721.33,350.0,21.0,1.6933333333333334,3959.989522624582,105.8,13.0,0.33,96.2,1.56,0.0,0.0
759,M4V2104,1683.85,450.0,15.0,2.055,4735.25,83.51,1.29,69.015,0.0,121.67999999999999,0.0,120.0
760,M4V2107,1155.81,450.0,17.0,2.3166666666666673,5028.8,153.936,0.445,44.401999999999994,0.0,2.6,0.0,124.02
761,M4V2147,1522.96,450.0,16.0,1.9209,2914.75,83.51,0.445,67.745,0.0,119.6,123.0,0.0
762,M4V2108,805.19,450.0,20.0,2.275,4942.797202797203,87.4,126.4,0.0,92.4,0.0,0.0,120.0
763,M4V2109,558.08,450.0,13.0,3.0,4295.598349381018,179.4,36.14,0.0,91.74,0.0,0.0,108.0
764,M4V2145,864.86,450.0,20.0,2.543229166666667,2474.8888888888887,115.0,85.5,30.8,0.0,145.6,0.0,120.0
765,M4V2114,228.94,450.0,20.0,2.5,2790.0,0.0,172.0,42.0,98.0,0.0,72.0,0.0
766,M4V2115,-216.25,450.0,17.0,3.6426352941176474,3827.5653923541245,69.0,118.0,42.0,98.0,0.0,96.0,0.0
767,M4V2113,1609.77,450.0,18.0,2.040909090909091,5967.142857142857,124.2,33.15,0.0,84.15,0.0,0.0,124.8
768,M7I21110,1104.08,350.0,22.0,2.5,3000.0,92.0,0.0,22.44,0.0,106.08,0.0,120.0
769,M7I21111,1091.39,350.0,23.0,2.5,2460.0,92.0,0.0,22.44,0.0,106.08,0.0,120.0
770,M7I21112,1029.89,350.0,20.0,2.5,2460.0,92.0,0.0,22.44,0.0,106.08,0.0,120.0
771,M7V2151,1597.46,450.0,19.0,1.8,3133.4,92.0,0.0,22.44,0.0,106.08,0.0,120.0
772,M7V2153,749.88,450.0,22.0,3.0,2660.764705882353,92.0,0.0,22.44,0.0,106.08,0.0,120.0
773,M7V2154,432.04,450.0,19.0,3.5,4833.777777777777,92.0,0.0,22.77,0.0,107.64,0.0,120.0
774,M7I21113,-561.2,350.0,23.0,4.9,3480.0,92.0,0.0,25.63,0.0,121.16,0.0,120.0
775,M7I21114,-644.77,350.0,21.0,5.746666666666667,2771.3846153846152,92.0,0.0,25.63,0.0,121.16,0.0,120.0
776,M7I21115,-486.74,350.0,23.0,5.63,3392.923076923077,92.0,0.0,25.63,0.0,121.16,0.0,120.0
777,M7I21116,-553.42,350.0,22.0,5.58,2089.2,92.0,0.0,25.63,0.0,121.16,0.0,120.0
778,M7I21117,-510.27,350.0,18.0,5.46,2661.625,92.0,0.0,25.63,0.0,121.16,0.0,120.0
779,M7I21118,-430.58,350.0,21.0,5.430769230769231,2580.0,92.0,0.0,25.63,0.0,121.16,0.0,120.0
780,M8V2152,429.34,450.0,15.0,2.5,1100.0,92.0,90.0,26.4,0.0,124.8,60.0,90.0
781,M8V2153,406.39,450.0,15.0,2.5,628.0,92.0,90.0,26.4,0.0,124.8,60.0,90.0
782,M7I2121,-567.71,350.0,13.0,3.7258061608602837,4228.16091954023,48.28,30.26,46.760000000000005,0.0,78.0,0.0,84.0
783,M7I2122,-410.53,350.0,22.0,3.641414141414141,2520.0,49.7,31.15,47.65,0.0,78.0,0.0,66.0
784,M7I2123,383.8,350.0,13.0,2.5,3960.0,51.12,32.040000000000006,48.54,0.0,78.0,0.0,84.0
785,M7I2154,567.91,350.0,27.0,2.8,2400.0,161.0,10.5,0.0,77.7,0.0,0.0,90.0
786,M7I2155,56.43,350.0,27.0,3.5,2340.0,161.0,10.5,0.0,77.7,0.0,0.0,120.0
787,M7V2157,1645.88,450.0,24.0,1.78,2749.181818181818,170.2,0.0,30.8,0.0,145.6,0.0,120.0
788,M7V2158,1615.81,450.0,27.0,1.7100000000000002,2321.1111111111113,170.2,0.0,30.8,0.0,145.6,0.0,120.0
789,M4V2101,1716.36,450.0,22.0,1.708695652173913,4380.588235294118,124.2,32.5,0.0,82.5,0.0,0.0,120.0
790,M4V2102,242.86,450.0,20.0,2.5,4382.972582972583,0.0,230.24,0.0,81.84,0.0,0.0,138.0
791,M6I21101,-131.89,350.0,15.0,2.5,2760.0,92.0,0.0,0.0,0.0,0.0,0.0,0.0
792,M6I2169,421.94,350.0,15.0,3.0,712.4418604651163,184.0,0.0,24.2,0.0,114.4,0.0,0.0
793,M4V2152,-527.09,450.0,16.0,2.9,1122.7118644067796,0.0,178.0,0.0,96.0,0.0,69.0,48.0
794,M7I2159,1327.21,350.0,23.0,1.6800000000000002,5377.222222222223,0.0,40.5,104.5,0.0,104.0,0.0,120.0
795,M7I2160,1293.0,350.0,17.0,1.5666666666666667,5274.074074074074,0.0,40.5,104.5,0.0,104.0,0.0,120.0
796,M7I2161,835.69,350.0,26.0,2.4511111111111115,3780.0,0.0,40.5,104.5,0.0,104.0,0.0,120.0
797,M7I2162,571.3,350.0,24.0,2.542222222222222,2640.0,0.0,60.5,82.5,92.0,0.0,0.0,120.0
798,M7I2163,1420.99,350.0,25.0,1.551923076923077,3960.0,0.0,40.5,104.5,0.0,104.0,0.0,120.0
799,M7V2111,995.51,450.0,27.0,2.5,3704.0,59.8,40.0,42.0,108.0,0.0,32.0,90.0
800,M7V2112,932.95,450.0,24.0,2.5,3497.28,59.8,40.0,42.0,108.0,0.0,32.0,90.0
801,M4V2129,-1042.23,450.0,15.0,3.0451679999999994,3754.7252747252746,0.0,0.0,0.0,0.0,0.0,0.0,108.0
802,M4V2110,771.61,450.0,10.0,1.4,4473.888888888889,92.0,21.0,0.0,105.0,0.0,35.0,90.0
803,M4V2111,696.66,450.0,12.0,1.5,3805.873015873016,92.0,21.0,0.0,105.0,0.0,35.0,90.0
804,M4V2112,-753.31,450.0,10.0,2.45,2411.8478260869565,0.0,21.0,0.0,105.0,0.0,35.0,90.0
805,M6I21112,-187.87,350.0,19.0,2.7,2640.3488372093025,92.0,0.0,0.0,0.0,0.0,0.0,0.0
806,M6I21134,546.65,350.0,12.0,2.69875,2254.8571428571427,115.0,10.0,0.0,94.0,0.0,0.0,90.0
807,M6I21135,643.77,350.0,19.0,2.89,3772.1666666666665,115.0,10.0,0.0,94.0,0.0,0.0,90.0
808,M6I21136,767.85,350.0,18.0,2.635,2606.8571428571427,115.0,10.0,0.0,94.0,0.0,0.0,90.0
809,M6I21137,706.31,350.0,17.0,2.7625,3882.0,115.0,10.0,0.0,94.0,0.0,0.0,90.0
810,M6I21138,950.91,350.0,17.0,2.38,2730.5128205128203,115.0,10.0,0.0,94.0,0.0,0.0,90.0
811,M6I21139,-2246.65,350.0,15.0,4.4,2254.8,0.0,10.0,0.0,94.0,0.0,0.0,90.0
812,M6I21140,-1154.65,350.0,15.0,2.93,2254.7619047619046,0.0,10.0,0.0,94.0,0.0,0.0,90.0
813,M7I2150,83.5,350.0,17.0,3.3,2400.0,170.2,10.5,0.0,77.7,0.0,0.0,102.0
814,M7I2151,349.32,350.0,29.0,3.1,3717.0,161.0,10.5,0.0,77.7,0.0,0.0,78.0
815,M7I2152,116.95,350.0,27.0,3.35,3540.0,161.0,10.5,0.0,77.7,0.0,0.0,78.0
816,M7I2153,401.31,350.0,30.0,3.05,3540.0,161.0,10.5,0.0,77.7,0.0,0.0,78.0
817,M6I21178,-768.13,350.0,15.0,2.8,5880.0,0.0,38.0,0.0,91.2,0.0,38.0,0.0
818,M7I2114,192.63,350.0,14.0,3.4595238095238097,2400.0,188.6,0.0,23.1,0.0,109.2,0.0,0.0
819,M7I2115,2902.12,350.0,15.0,3.9057692307692307,2400.0,188.6,0.0,23.1,0.0,109.2,0.0,102.0
820,M7I2127,-360.06,350.0,20.0,3.325,3600.0,92.0,0.0,23.1,0.0,109.2,0.0,102.0
821,M7I2128,354.65,350.0,16.0,3.4477611940298507,4320.0,188.6,0.0,23.1,0.0,109.2,0.0,0.0
822,M7I2193,689.97,350.0,25.0,3.1818181818181817,4320.0,92.0,0.0,23.1,0.0,109.2,0.0,0.0
823,M6I21133,772.27,350.0,12.0,2.7125,3552.0,92.0,0.0,23.65,0.0,111.8,0.0,120.0
824,M6I21131,1047.35,350.0,11.0,2.2285714285714286,2442.0,92.0,0.0,23.65,0.0,111.8,0.0,120.0
825,M6I21132,1158.87,350.0,16.0,2.18125,1989.6666666666667,92.0,0.0,23.65,0.0,111.8,0.0,120.0
826,M6I21130,1095.32,350.0,14.0,2.1707317073170733,1464.5,92.0,0.0,23.65,0.0,111.8,0.0,120.0
827,M4V2144,-717.18,450.0,20.0,3.6976714285714287,3200.8264462809916,0.0,223.0,0.0,120.0,0.0,0.0,105.0
828,M4V2150,911.44,450.0,20.0,3.6284571428571426,4074.9354005167957,115.0,111.5,0.0,124.8,0.0,0.0,105.0
829,M8V2148,-350.22,450.0,17.0,4.88125,2681.75,92.0,17.0,0.0,125.8,0.0,0.0,90.0
830,M8V2150,-233.82,450.0,21.0,5.9074074074074066,2829.6103896103896,92.0,17.0,0.0,125.8,0.0,0.0,90.0
831,M8V2138,-1866.87,450.0,15.0,4.1125,3032.3,0.0,24.0,0.0,120.0,0.0,0.0,0.0
832,M4V2168,-131.55,450.0,15.0,3.922118181818182,5715.0,92.0,36.0,42.0,126.0,0.0,54.0,0.0
833,M8V2131,-148.62,450.0,22.0,4.611764705882353,5823.725490196079,92.0,17.0,0.0,125.8,0.0,0.0,90.0
834,M8V2139,1876.18,450.0,27.0,2.5,4651.111111111111,138.0,0.0,27.5,0.0,130.0,0.0,90.0
835,M8V2140,1625.27,450.0,18.0,2.5,2872.0,92.0,0.0,27.5,0.0,130.0,0.0,90.0
836,M8V2141,1770.6,450.0,27.0,2.5,3122.7027027027025,138.0,0.0,27.5,0.0,130.0,0.0,90.0
837,M8V2142,1742.96,450.0,25.0,2.5,2338.75,92.0,0.0,27.5,0.0,130.0,0.0,90.0
838,M8V2143,1764.19,450.0,27.0,2.5,1939.7777777777778,92.0,0.0,27.5,0.0,130.0,0.0,90.0
839,M6I2137,2261.29,350.0,17.0,0.4,1080.0,92.0,0.0,15.4,0.0,72.8,0.0,120.0
840,M8V2146,456.16,450.0,23.0,3.7,3327.5,161.0,17.0,0.0,125.8,0.0,0.0,96.0
841,M6I21205,945.5,350.0,17.0,2.7564102564102564,3240.0,92.0,0.0,61.8,0.0,93.6,0.0,120.0
842,M6I2164,2071.85,350.0,23.0,2.5,3572.962962962963,92.0,27.0,91.0,0.0,104.0,0.0,120.0
843,M6I2165,928.75,350.0,13.0,2.661904761904762,3240.0,92.0,0.0,61.8,0.0,93.6,0.0,108.0
844,M6I2166,326.57,350.0,16.0,2.6166666666666667,3240.0,92.0,0.0,61.8,0.0,93.6,0.0,90.0
845,M6I2167,572.75,350.0,25.0,2.5,3754.186046511628,23.0,67.5,17.6,0.0,83.2,120.0,0.0
846,M6I2168,1915.66,350.0,25.0,2.7564102564102564,3401.9858156028367,92.0,27.0,91.0,0.0,104.0,0.0,120.0
847,M6I2183,1348.88,350.0,14.0,2.5708333333333333,2580.0,92.0,22.4,0.0,78.4,0.0,44.8,90.0
848,M6I2184,1061.97,350.0,16.0,2.5278260869565217,2580.0,92.0,0.0,61.8,0.0,93.6,0.0,120.0
849,M6V2173,-998.34,450.0,15.0,2.95,2548.695652173913,0.0,0.0,16.5,0.0,78.0,0.0,0.0
850,M6V2174,-582.69,450.0,15.0,2.5708333333333333,4273.809523809524,0.0,0.0,16.5,0.0,78.0,0.0,120.0
851,M6V2175,-606.88,450.0,15.0,2.5278260869565217,3156.190476190476,0.0,0.0,16.5,0.0,78.0,0.0,120.0
852,M6V2176,-16.35,450.0,15.0,2.5,4076.4285714285716,0.0,27.0,43.5,0.0,78.0,0.0,120.0
853,M6V2177,-716.67,450.0,15.0,2.5,1604.7619047619048,0.0,0.0,16.5,0.0,78.0,0.0,0.0
854,M7I2129,354.92,350.0,15.0,3.2,2963.9473684210525,92.0,22.4,0.0,112.0,0.0,0.0,120.0
855,M7I2130,-355.63,350.0,15.0,4.2,3840.0,92.0,19.2,0.0,96.0,0.0,0.0,108.0
856,M7I2131,131.19,350.0,15.0,3.5,3312.0833333333335,92.0,19.2,0.0,96.0,0.0,0.0,108.0
857,M7I2132,109.16,350.0,15.0,3.6,3311.978021978022,92.0,19.2,0.0,96.0,0.0,0.0,108.0
858,M7I2133,-504.55,350.0,15.0,4.4,3834.0,92.0,19.2,0.0,96.0,0.0,0.0,108.0
859,M7I2134,1055.45,350.0,15.0,2.3,3834.0,92.0,19.2,0.0,96.0,0.0,0.0,108.0
860,M7I2135,848.81,350.0,22.0,2.7071428571428573,3140.990990990991,92.0,19.2,0.0,96.0,0.0,0.0,90.0
861,M7I2136,995.0,350.0,19.0,2.4,2915.3571428571427,92.0,19.2,0.0,96.0,0.0,0.0,90.0
862,M7V2129,333.95,450.0,19.0,3.671951219512195,4457.802197802198,92.0,0.0,25.63,0.0,121.16,0.0,102.0
863,M7V2130,727.1,450.0,25.0,3.3425,4876.25,92.0,0.0,25.63,0.0,121.16,0.0,102.0
864,M7V2131,764.59,450.0,27.0,3.2488549618320612,3373.90625,92.0,0.0,25.63,0.0,121.16,0.0,102.0
865,M7V2132,563.84,450.0,22.0,3.479710144927536,4218.732394366197,92.0,0.0,27.9125,0.0,131.95,0.0,108.0
866,M7V2133,1189.74,450.0,17.0,2.5,3576.0833333333335,92.0,0.0,27.83,0.0,131.56,0.0,108.0
867,M6I21102,635.2,350.0,17.0,3.046875,2580.0,92.0,22.4,42.0,78.4,0.0,44.8,120.0
868,M6V2178,-1169.08,450.0,15.0,3.2221463414634144,3241.44,0.0,0.0,16.5,0.0,78.0,0.0,0.0
869,M6V2179,-695.83,450.0,15.0,2.5,2083.157894736842,0.0,0.0,16.5,0.0,78.0,0.0,0.0
870,M8V2151,-665.62,450.0,15.0,2.5,3215.714285714286,0.0,16.0,0.0,128.0,0.0,0.0,126.0
871,M6V21100,-643.96,450.0,15.0,3.2,3057.021276595745,0.0,90.0,0.0,0.0,0.0,90.0,0.0
872,M6V2199,-399.78,450.0,15.0,2.8,2390.566037735849,0.0,90.0,0.0,0.0,0.0,90.0,0.0
873,M2V2128,32.85,450.0,10.0,3.5,4290.0,62.1,0.0,0.0,0.0,0.0,0.0,100.2
874,M2V2129,-1145.98,450.0,8.0,3.6,3139.813664596273,62.1,0.0,0.0,0.0,0.0,0.0,181.2
875,M6I21183,863.69,350.0,15.0,2.5,2242.5641025641025,179.4,36.0,0.0,108.0,0.0,54.0,114.0
876,M6I21184,514.75,350.0,15.0,3.1,2979.5833333333335,92.0,36.0,0.0,108.0,0.0,54.0,108.0
877,M6I21185,580.45,350.0,15.0,3.1,4719.558823529412,92.0,36.0,0.0,108.0,0.0,54.0,120.0
878,M6V21109,-0.97,450.0,15.0,2.5,4335.5,92.0,0.0,0.0,0.0,0.0,0.0,0.0
879,M6V2191,-337.4,450.0,15.0,3.1,3630.8571428571427,92.0,36.0,0.0,63.0,0.0,150.0,0.0
880,M6V2195,438.65,450.0,15.0,2.1,4014.4,92.0,36.0,0.0,126.0,0.0,150.0,0.0
881,M6V2196,848.98,450.0,15.0,2.5,4473.6,165.6,36.0,0.0,63.0,0.0,54.0,96.0
882,M6I21143,105.64,350.0,9.0,3.540625,4585.916666666667,165.6,0.0,25.63,0.0,121.16,0.0,138.0
883,M6I21144,546.63,350.0,10.0,2.8833333333333333,4023.304347826087,165.6,0.0,25.63,0.0,121.16,0.0,138.0
884,M6I21145,436.83,350.0,12.0,2.940625,4288.869565217391,151.8,0.0,25.41,0.0,120.11999999999999,0.0,138.0
885,M8V2160,449.67,450.0,16.0,2.69,4587.384615384615,128.8,0.0,24.2,0.0,114.4,0.0,78.0
886,M8V2161,-1035.15,450.0,15.0,5.38,6741.676646706587,128.8,0.0,24.2,0.0,114.4,0.0,78.0
887,M8V2162,-1092.21,450.0,13.0,5.38,6482.275449101797,128.8,0.0,24.2,0.0,114.4,0.0,81.0
888,M8V2163,-427.99,450.0,15.0,3.75,3372.6890756302523,128.8,0.0,24.2,0.0,114.4,0.0,81.0
889,M8V2164,417.6,450.0,20.0,2.86,4358.666666666667,128.8,0.0,24.75,0.0,117.0,0.0,84.0
890,M6I2188,1077.47,350.0,19.0,2.5,2484.032258064516,193.2,0.0,25.3,0.0,119.6,0.0,0.0
891,M7I2174,1284.24,350.0,25.0,2.43,5098.984771573604,184.0,0.0,16.28,0.0,76.96,0.0,0.0
892,M7I2175,1132.28,350.0,20.0,2.59,5215.217391304348,184.0,0.0,19.58,0.0,92.56,0.0,102.0
893,M7I2176,1461.29,350.0,21.0,2.0,4264.202657807309,92.0,0.0,16.28,0.0,76.96,0.0,0.0
894,M7I2182,947.94,350.0,20.0,2.6862500000000002,2220.0,92.0,0.0,31.240000000000002,0.0,147.68,0.0,90.0
895,M7I2183,330.49,350.0,24.0,3.8146874999999993,4500.0,92.0,0.0,31.13,0.0,147.16,0.0,90.0
896,M7I2184,315.95,350.0,20.0,3.5370000000000004,2220.0,92.0,0.0,31.240000000000002,0.0,147.68,0.0,90.0
897,M7I2185,360.39,350.0,19.0,3.5774999999999997,3468.0,92.0,0.0,31.240000000000002,0.0,147.68,0.0,120.0
898,M7I2186,2525.0,350.0,24.0,1.5891891891891892,4653.6,115.0,6.75,34.525,0.0,131.3,0.0,108.0
899,M7I2187,2560.11,350.0,21.0,1.5192307692307692,5291.4,115.0,6.75,34.745,0.0,132.34,0.0,108.0
900,M7I2188,1974.12,350.0,20.0,2.1115384615384616,3655.8,115.0,0.0,27.775,0.0,131.3,0.0,108.0
901,M7I2189,2562.38,350.0,24.0,1.4675675675675675,3750.6666666666665,115.0,6.75,34.525,0.0,131.3,0.0,108.0
902,M6I21179,-610.22,350.0,15.0,2.7,2776.6666666666665,0.0,112.0,0.0,86.4,0.0,78.0,0.0
903,M6I21180,-81.29,350.0,15.0,2.66,2940.0,92.0,36.0,0.0,86.4,0.0,36.0,0.0
904,M6I2187,237.95,350.0,25.0,2.5,4710.0,0.0,88.0,0.0,136.0,0.0,88.0,0.0
905,M7I2192,-113.13,350.0,15.0,2.8,2760.00702247191,0.0,0.0,44.1,0.0,0.0,0.0,120.0
906,M7I21101,373.55,350.0,19.0,3.3333333333333335,3060.0,124.2,0.0,83.9,0.0,98.8,0.0,90.0
907,M7I21102,470.26,350.0,21.0,3.2583333333333337,3060.0,124.2,0.0,83.9,0.0,98.8,0.0,90.0
908,M7I21103,784.98,350.0,22.0,2.89375,3060.0,126.5,0.0,83.9,0.0,98.8,0.0,90.0
909,M7I21104,327.29,350.0,21.0,3.18125,4235.405405405405,38.34,24.03,107.93,0.0,98.8,0.0,90.0
910,M7I21105,505.31,350.0,19.0,2.8129032258064517,3060.0,39.76,24.92,108.82,0.0,98.8,0.0,90.0
911,M6I21190,-648.15,350.0,18.0,4.16,3116.176470588235,92.0,75.0,0.0,0.0,0.0,50.0,0.0
912,M6I21191,912.52,350.0,21.0,2.5,3510.0,115.0,75.0,0.0,0.0,0.0,50.0,0.0
913,M6I21192,529.23,350.0,22.0,2.9099999999999997,1540.8064516129032,115.0,75.0,0.0,0.0,0.0,50.0,0.0
914,M6I21193,202.99,350.0,18.0,3.3466666666666667,3194.8837209302324,115.0,75.0,0.0,0.0,0.0,50.0,0.0
915,M6I21197,-239.89,350.0,15.0,2.597850968320494,2592.0481927710844,92.0,0.0,0.0,0.0,0.0,0.0,0.0
916,M6I21199,314.8,350.0,17.0,3.12,3725.967741935484,92.0,0.0,0.0,0.0,0.0,0.0,0.0
917,M6I21200,-312.82,350.0,19.0,2.93,3726.0,92.0,0.0,0.0,0.0,0.0,0.0,0.0
918,M6I21201,485.73,350.0,17.0,3.2400000000000007,4002.0,207.0,0.0,0.0,0.0,0.0,0.0,0.0
919,M6I21202,-522.49,350.0,18.0,4.25,3417.6153846153848,92.0,0.0,0.0,0.0,0.0,0.0,0.0
