,Field_Name,CO2_kg_per_Ha,Crop_Protection_Application_Doses,Soil_Organic_Matter,Yield_kg_per_Ha,Yield_CO2_ratio,N_total_kg_per_Ha,P_total_kg_per_Ha,K_total_kg_per_Ha,Season
0,M6I2035,-220.35,14.0,2.5,3003.333333333333,-13.629831328946372,205.5,48.0,48.0,WINTER
1,M6I2036,3847.21,18.0,2.5,2327.722222222222,0.6050416333452612,246.0,108.0,108.0,WINTER
2,M6I2037,415.52,13.0,2.5,3051.8,7.344532152483636,198.0,60.0,60.0,WINTER
3,M6I2009,724.51,9.0,2.5,3732.777777777778,5.152141140602308,201.85000000000002,92.6,96.0,WINTER
4,M6I2010,502.1,9.0,2.5,3919.272727272728,7.805761257264943,178.85000000000002,92.6,90.0,WINTER
5,M6I2011,539.27,10.0,2.5,4142.4,7.681495354831531,178.85000000000002,92.6,102.0,WINTER
6,M6I20175,814.34,9.0,2.5,4123.2,5.0632413979418915,207.85000000000002,122.6,138.0,WINTER
7,M6I2022,549.46,10.0,2.5,3857.684210526316,7.02086450428842,178.85000000000002,92.6,102.0,WINTER
8,M6I20134,730.99,17.0,2.5,4164.7,5.697341960902338,177.5,75.0,140.0,WINTER
9,M6I2015,407.45,9.0,2.5,2475.25,6.07497852497239,135.0,0.0,0.0,WINTER
10,M6I2016,314.58,15.0,2.5,6446.71875,20.493097940110626,99.55,119.6,0.0,WINTER
11,M7I2030,1048.51,15.0,2.5,3741.022727272728,3.5679418672904673,114.0,104.0,120.0,WINTER
12,M7I2031,965.63,17.0,2.5,2910.576923076923,3.014174086427434,196.8,104.0,120.0,WINTER
13,M7I2032,1019.04,20.0,2.5,3487.9411764705883,3.422771605109307,209.8,85.0,90.0,WINTER
14,M7I2033,1034.53,19.0,2.5,3452.333333333333,3.3371031611778617,196.8,104.0,120.0,WINTER
15,M7I2034,1211.95,16.0,2.5,3098.333333333333,2.556486103662142,137.0,104.0,108.0,WINTER
16,M7I2027,1238.38,23.0,2.5,3489.0243902439024,2.8174101570147307,125.0,156.0,90.0,WINTER
17,M7I2028,1107.38,19.0,2.5,2788.2291666666665,2.517861228003636,214.7,156.0,108.0,WINTER
18,M7I2029,1084.94,19.0,2.5,3055.8,2.816561284494995,212.4,156.0,90.0,WINTER
19,M6I2017,124.6,14.0,2.5,3305.769230769231,26.531053216446477,99.55,119.6,0.0,WINTER
20,M6I2049,-653.39,15.0,2.5,2754.081632653061,-4.2150654779734325,16.5,78.0,0.0,WINTER
21,M6I20151,920.28,13.0,2.5,2078.5365853658536,2.258591499723838,117.3,119.6,132.0,WINTER
22,M6I2069,922.04,13.0,2.5,2146.395348837209,2.327876609298088,209.3,119.6,132.0,WINTER
23,M6I2052,-841.28,15.0,2.5,3263.0,-3.878613541270445,0.0,0.0,90.0,WINTER
24,M6I20167,791.93,10.0,2.5,1846.0,2.3310141047819886,128.0,108.0,150.0,WINTER
25,M6I20168,1052.09,16.0,2.5,3111.2,2.9571614595709494,128.0,108.0,270.0,WINTER
26,M6I2093,280.04,18.0,2.5,3896.5,13.914083702328238,25.3,119.6,120.0,WINTER
27,M6I2094,286.06,19.0,2.5,3576.0,12.50087394252954,25.3,119.6,120.0,WINTER
28,M6I2095,1077.33,15.0,2.5,3100.0,2.877484150631654,25.3,119.6,120.0,WINTER
29,M6I2096,1258.23,21.0,2.5,4442.5,3.53075351883201,25.3,119.6,120.0,WINTER
30,M6I2097,1109.83,16.0,2.5,3835.555555555556,3.455984750417232,25.3,119.6,120.0,WINTER
31,M6I2098,1058.22,13.0,2.5,3613.3333333333335,3.4145388797540526,25.3,119.6,120.0,WINTER
32,M6I2038,-559.76,15.0,2.5,4367.458482236704,-7.802376879799743,17.93,84.76,69.6,WINTER
33,M6I2041,-469.93,15.0,2.5,4900.040855236279,-10.427171823965864,25.52,120.64,117.6,WINTER
34,M6I2042,-559.94,15.0,2.5,4677.776605843265,-8.354067589104663,13.75,65.0,123.6,WINTER
35,M6I2043,-576.1,15.0,2.5,3610.774556469061,-6.267617699130465,15.84,74.88,121.8,WINTER
36,M6I2044,167.25,15.0,2.5,5174.348697394789,30.937809849894105,108.1306,97.9992,105.0,WINTER
37,M6I2045,-517.03,15.0,2.5,4983.862461765636,-9.639406730297345,20.5183,96.9956,111.6,WINTER
38,M6I2046,-492.96,15.0,2.5,4856.646825396825,-9.852009950902355,23.87,112.84,82.8,WINTER
39,M6I2047,94.93,15.0,2.5,5222.068965517241,55.009680454200364,100.60000000000001,62.4,84.0,WINTER
40,M6I2048,147.03,15.0,2.5,5696.892138939671,38.74646085111658,100.60000000000001,62.4,145.99800000000002,WINTER
41,M2I2036,-598.51,15.0,2.5,3796.03305785124,-6.342472235804314,22.0,104.0,0.0,WINTER
42,M2I2037,-563.55,15.0,2.5,4414.311377245509,-7.833042990409918,22.0,104.0,0.0,WINTER
43,M6I20130,890.3,16.0,2.5,4189.333333333333,4.705529971170766,186.3,119.6,120.0,WINTER
44,M6I20131,40.85,15.0,2.5,3646.823529411765,89.2735258117935,94.3,119.6,120.0,WINTER
45,M7I2076,866.61,15.0,2.5,2054.3529411764707,2.3705622381191893,201.05,80.6,102.0,WINTER
46,M7I2077,1129.61,19.0,2.5,2698.4745762711864,2.3888550705740803,122.52,79.04,111.0,WINTER
47,M7I2078,1070.73,21.0,2.5,4224.0,3.9449721218234286,108.72,79.04,117.0,WINTER
48,M6I20152,950.98,21.0,2.5,1123.612740232789,1.1815314099484626,209.3,119.6,0.0,WINTER
49,M6I20153,1043.16,22.0,2.5,2386.2776877363585,2.2875471526288953,117.3,119.6,0.0,WINTER
50,M6I20154,423.63,13.0,2.5,2535.405041370021,5.984951588343652,163.3,119.6,0.0,WINTER
51,M6I20155,919.91,13.0,2.5,2679.4318590435096,2.912710872850072,117.3,119.6,120.0,WINTER
52,M7I2024,870.74,20.0,2.5,2918.974358974359,3.352291566913612,77.53,105.56,120.0,WINTER
53,M7I2025,976.89,20.0,2.5,3232.1428571428573,3.308604712038057,139.63,105.56,90.0,WINTER
54,M7I2026,881.41,18.0,2.5,4033.2075471698113,4.575858621038803,105.13,105.56,120.0,WINTER
55,M6I2012,-577.94,15.0,2.5,3829.1346153846152,-6.625488139572646,22.0,104.0,72.0,WINTER
56,M6I2013,163.09,15.0,2.5,4292.692307692308,26.32100256111538,114.0,104.0,72.0,WINTER
57,M6I2014,496.51,15.0,2.5,4125.393258426966,8.30878181391506,204.0,104.0,72.0,WINTER
58,M7I2012,1102.21,20.0,2.5,4794.625,4.350010433583437,109.6,83.2,108.0,WINTER
59,M7I2013,1018.44,16.0,2.5,4817.906976744186,4.730673359986043,109.6,83.2,102.0,WINTER
60,M7I2014,1009.29,16.0,2.5,3685.222222222222,3.65130163007879,208.3,104.0,120.0,WINTER
61,M7I2015,961.43,13.0,2.5,3783.0,3.9347638413613057,207.28,114.4,108.0,WINTER
62,M7I2016,1064.11,15.0,2.5,4267.2307692307695,4.010140652029179,206.35999999999999,114.4,108.0,WINTER
63,M7I2017,1038.79,15.0,2.5,4260.0,4.100925114797024,203.7,104.0,108.0,WINTER
64,M7I2018,876.16,12.0,2.5,3112.769230769231,3.5527406304433335,205.89999999999998,114.4,108.0,WINTER
65,M7I2035,1058.31,15.0,2.5,4696.222222222223,4.437473162137959,116.2,114.4,90.0,WINTER
66,M2I2029,592.87,8.0,2.5,4770.0,8.045608649450976,174.8,0.0,120.0,WINTER
67,M2I2030,678.78,13.0,2.5,4025.9,5.931082235775952,174.8,0.0,120.0,WINTER
68,M2I2031,662.85,11.0,2.5,4810.932203389831,7.257950069231094,174.8,0.0,120.0,WINTER
69,M2I2021,786.73,12.0,2.5,4986.866666666667,6.338726966896733,137.0,104.0,0.0,WINTER
70,M2I2023,793.47,12.0,2.5,5081.8125,6.40454270482816,137.0,104.0,0.0,WINTER
71,M2I2033,706.08,11.0,2.5,4409.770114942528,6.245425610331022,104.8,104.0,0.0,WINTER
72,M2I2034,-704.27,21.0,2.5,2415.3571428571427,-3.429589706869727,0.44,2.08,0.0,WINTER
73,M2I2008,1060.97,19.0,2.5,4960.0,4.674967246953259,150.2,119.6,120.0,WINTER
74,M2I2009,490.6,19.0,2.5,4477.614678899083,9.126813450670776,85.8,119.6,120.0,WINTER
75,M2I2010,-85.83,18.0,2.5,4445.221238938053,-51.79099660885533,85.8,119.6,120.0,WINTER
76,M2I2011,-213.99,16.0,2.5,4844.298245614035,-22.637965538642156,59.8,0.0,120.0,WINTER
77,M2I2012,-534.9,17.0,2.5,5228.347826086957,-9.774439757126485,26.0,119.6,120.0,WINTER
78,M6I20174,-623.14,15.0,2.5,3452.3863636363635,-5.540306132869602,33.0,99.0,105.0,WINTER
79,M6I2025,-59.9,15.0,2.5,3364.6153846153848,-56.170540644664186,116.0,78.0,90.0,WINTER
80,M6I2026,-666.04,15.0,2.5,2826.6666666666665,-4.24398934998899,35.0,105.0,97.8,WINTER
81,M6I2027,-621.57,15.0,2.5,3543.846153846154,-5.701443367353884,33.0,99.0,96.0,WINTER
82,M6I2028,-631.81,15.0,2.5,3157.7049180327867,-4.99787106572037,33.0,99.0,96.0,WINTER
83,M6I2029,-649.24,15.0,2.5,3660.714285714286,-5.63846079371925,33.0,99.0,0.0,WINTER
84,M6I2030,-645.24,15.0,2.5,3166.0,-4.9067013824313435,33.0,99.0,106.2,WINTER
85,M6I20140,238.65,23.0,2.5,1828.0,7.659752776031846,120.6,135.2,90.0,WINTER
86,M7I2045,1069.84,20.0,2.5,5816.346153846154,5.436650484040749,130.6,115.44,108.0,WINTER
87,M7I2098,1088.29,16.0,2.5,4171.764705882353,3.83332081144029,153.6,115.44,108.0,WINTER
88,M7I2005,593.5,22.0,2.5,3343.246073298429,5.633102061159948,148.5,104.0,120.0,WINTER
89,M7I2006,361.95,14.0,2.5,1999.1588785046729,5.523301225320274,149.88,104.0,120.0,WINTER
90,M7I2007,389.23,15.0,2.5,2140.833333333333,5.500175560294255,150.8,104.0,120.0,WINTER
91,M7I2008,2634.56,46.0,2.5,2811.090909090909,1.0670058412375916,149.5,119.6,120.0,WINTER
92,M7I2009,536.26,18.0,2.5,2942.682926829268,5.487418279993414,153.0,114.4,120.0,WINTER
93,M2I2024,788.37,15.0,2.5,3511.413043478261,4.454016570237656,81.6,124.8,0.0,WINTER
94,M2I2047,755.18,15.0,2.5,2860.3030303030305,3.787577836149038,81.6,124.8,0.0,WINTER
95,M6I20115,750.63,10.0,2.5,3834.494382022472,5.108368146786662,107.0,90.0,132.0,WINTER
96,M6I20116,854.15,14.0,2.5,4153.220338983051,4.862401614450683,107.0,90.0,120.0,WINTER
97,M6I20117,814.24,14.0,2.5,3612.962962962963,4.437221166932309,105.3,79.8,125.6,WINTER
98,M6I20103,-469.06,13.0,2.5,2226.875,-4.74752696883128,81.5,130.0,120.0,WINTER
99,M6I20104,-714.94,11.0,2.5,2600.689655172414,-3.637633445005754,54.0,0.0,120.0,WINTER
100,M6I20105,-679.61,12.0,2.5,2695.5,-3.9662453465958416,54.0,0.0,120.0,WINTER
101,M6I20106,-619.52,15.0,2.5,2625.1612903225805,-4.237411690215942,54.0,0.0,120.0,WINTER
102,M6I20129,-708.67,15.0,2.5,1909.1156462585036,-2.693941674204501,22.0,104.0,0.0,WINTER
103,M7I2052,910.12,17.0,2.5,1805.4666666666667,1.9837677082875518,114.33,105.56,120.0,WINTER
104,M7I2053,1076.07,18.0,2.5,3460.833333333333,3.2161786253062843,116.53,115.96,120.0,WINTER
105,M7I2054,1060.16,17.0,2.5,3525.583333333333,3.325520047288459,116.53,115.96,120.0,WINTER
106,M2I2001,349.85,14.0,2.5,4786.9,13.68272116621409,115.2,0.0,108.0,WINTER
107,M2I2002,488.41,18.0,2.5,5234.476190476191,10.717381278999591,121.2,0.0,114.0,WINTER
108,M2I2003,462.26,20.0,2.5,4358.380952380952,9.428418968504635,115.2,0.0,108.0,WINTER
109,M7I2040,334.79,21.0,2.5,3546.0,10.591714208907076,100.87,85.04,112.2,WINTER
110,M7I2041,352.49,25.0,2.5,2173.214285714286,6.165321812574217,100.87,85.04,123.6,WINTER
111,M7I2042,358.37,21.0,2.5,986.6666666666666,2.7532066486220015,113.93,82.96000000000001,125.4,WINTER
112,M7I2043,375.07,21.0,2.5,1495.428571428571,3.9870652716254864,113.93,82.96000000000001,124.8,WINTER
113,M7I2044,300.12,25.0,2.5,1485.531914893617,4.949793132392434,103.43,105.16,118.8,WINTER
114,M7I2046,275.9,25.0,2.5,1156.9565217391305,4.193390800069339,100.87,85.04,125.4,WINTER
115,M6I20111,735.25,13.0,2.5,3025.692307692308,4.115188449768525,186.3,119.6,132.0,WINTER
116,M7I20100,555.93,15.0,2.5,3388.6666666666665,6.0954916386355595,100.5,0.0,0.0,WINTER
117,M7I20101,536.12,13.0,2.5,3597.153846153846,6.709605771382986,100.5,0.0,0.0,WINTER
118,M7I2058,675.28,15.0,2.5,5675.272727272727,8.404325209206148,100.5,0.0,0.0,WINTER
119,M7I2059,620.22,16.0,2.5,3871.818181818182,6.242652900290513,100.5,0.0,0.0,WINTER
120,M7I2060,602.91,16.0,2.5,3647.352941176471,6.049581100291041,100.5,0.0,0.0,WINTER
121,M7I2061,564.37,13.0,2.5,3883.177570093458,6.8805527758269545,100.5,0.0,0.0,WINTER
122,M2I2025,950.38,20.0,2.5,4560.428571428572,4.798531715133495,220.60000000000002,119.6,132.0,WINTER
123,M2I2026,46.64,17.0,2.5,3651.875,78.29920668953687,138.9,124.8,132.0,WINTER
124,M2I2027,23.35,18.0,2.5,2936.818181818182,125.77379793653884,138.9,124.8,132.0,WINTER
125,M6I20142,-153.03,15.0,2.5,3447.222222222222,-22.526447247090257,96.5,56.0,128.0,WINTER
126,M6I20143,-170.33,15.0,2.5,3261.6666666666665,-19.149102722166774,96.5,56.0,128.0,WINTER
127,M6I20144,-125.84,15.0,2.5,4075.6,-32.387158296249204,96.5,56.0,128.0,WINTER
128,M6I20145,167.6,10.0,2.5,3445.6,20.558472553699286,96.5,56.0,128.0,WINTER
129,M6I2059,-130.78,15.0,2.5,3782.413793103448,-28.92195896240593,96.5,56.0,128.0,WINTER
130,M6I2060,-124.07,15.0,2.5,4185.833333333333,-33.7376749684318,96.5,56.0,128.0,WINTER
131,M6I2061,1961.23,11.0,2.5,4595.896266742661,2.343374447026948,312.7,56.0,128.0,WINTER
132,M6I2062,761.95,9.0,2.5,4851.866666666667,6.367696917995493,206.9,56.0,128.0,WINTER
133,M6I2063,807.55,12.0,2.5,4938.333333333333,6.115204424906611,206.9,56.0,128.0,WINTER
134,M6I2064,-133.61,15.0,2.5,3663.8888888888887,-27.422265465825074,96.5,56.0,128.0,WINTER
135,M6I2065,-175.62,15.0,2.5,3012.6315789473683,-17.154262492582667,96.5,56.0,128.0,WINTER
136,M6I2066,-276.05,8.0,2.5,4163.414634146341,-15.082103365862492,96.5,56.0,128.0,WINTER
137,M6I2067,-122.66,15.0,2.5,4289.583333333333,-34.97132996358498,96.5,56.0,128.0,WINTER
138,M6I2018,61.97,15.0,2.5,3871.28,62.47022752944974,107.5,114.7,114.0,WINTER
139,M6I2019,59.15,15.0,2.5,3964.72,67.02823330515638,107.5,114.7,114.0,WINTER
140,M6I2020,1167.52,15.0,2.5,4584.25,3.9264851993970127,126.65,163.8,120.0,WINTER
141,M6I2021,796.11,9.0,2.5,4822.833333333333,6.05799868527381,108.25,120.25,120.0,WINTER
142,M6I2075,731.08,8.0,2.5,3593.0526315789475,4.914718815422317,107.5,114.7,114.0,WINTER
143,M6I20149,948.73,10.0,2.5,4389.6,4.626816902596103,132.0,120.0,138.0,WINTER
144,M6I20150,980.97,15.0,2.5,3754.2,3.82702834949081,132.0,120.0,138.0,WINTER
145,M7I2010,599.17,15.0,2.5,2908.2,4.853714304788291,160.0,104.0,180.0,WINTER
146,M7I2011,609.35,16.0,2.5,2991.509433962264,4.909345095531737,160.0,104.0,120.0,WINTER
147,M6I2031,13.72,14.0,2.5,2147.75,156.54154518950438,116.2,114.4,0.0,WINTER
148,M6I2032,-1.02,11.0,2.5,2748.6666666666665,-2694.7712418300653,115.0,0.0,0.0,WINTER
149,M6I2033,816.63,13.0,2.5,1796.820512820513,2.2002871714491423,116.2,114.4,0.0,WINTER
150,M6I2034,-228.0,13.0,2.5,2980.3076923076924,-13.071524966261808,85.4,0.0,0.0,WINTER
151,M6I20170,-493.5,16.0,2.5,2028.5,-4.110435663627153,108.8,110.4,85.2,WINTER
152,M6I20165,811.5,11.0,2.5,2390.153846153846,2.945352860325134,110.0,108.0,150.0,WINTER
153,M6I20166,783.94,10.0,2.5,2664.4210526315787,3.398756349505802,202.0,108.0,150.0,WINTER
154,M6I20178,876.91,15.0,2.5,7152.0,8.155911096919867,185.55,122.6,139.8,WINTER
155,M6I20180,557.01,15.0,2.5,1951.8666666666663,3.504186040944806,185.55,122.6,139.8,WINTER
156,M6I20118,-289.27,14.0,2.5,3366.4615384615386,-11.637783173027064,115.3,119.6,120.0,WINTER
157,M7I2055,271.42,13.0,2.5,3311.428571428572,12.200385275324486,138.0,0.0,0.0,WINTER
158,M7I2056,243.16,12.0,2.5,3047.395833333333,12.532471760706255,138.0,0.0,0.0,WINTER
159,M7I2057,371.45,18.0,2.5,3158.962264150944,8.504407764573816,138.0,0.0,0.0,WINTER
160,M6I20108,876.85,16.0,2.5,2494.864864864865,2.8452584419967666,107.0,111.0,132.0,WINTER
161,M6I20109,864.07,13.0,2.5,4044.266666666667,4.680484991570899,107.0,111.0,132.0,WINTER
162,M6I20119,932.34,19.0,2.5,2739.5238095238096,2.938331305665111,107.0,111.0,132.0,WINTER
163,M7I2001,2098.82,22.0,2.5,3327.6,1.5854623073917724,108.5,78.0,108.0,WINTER
164,M7I2002,1013.55,22.0,2.5,4268.4,4.211336391889891,102.0,70.0,128.0,WINTER
165,M7I2003,1099.29,17.0,2.5,2890.5,2.629424446688317,217.33,71.56,128.0,WINTER
166,M7I2004,874.87,21.0,2.5,6631.208791208791,7.579650452305818,171.0,70.0,128.0,WINTER
167,M6I2088,1025.8,16.0,2.5,3862.222222222222,3.7650830787894543,128.0,108.0,150.0,WINTER
168,M6I2089,1027.58,17.0,2.5,3383.333333333333,3.2925254805789654,128.0,108.0,150.0,WINTER
169,M6I2090,1002.87,17.0,2.5,2983.934426229508,2.9753950424576545,128.0,108.0,150.0,WINTER
170,M6I2071,-704.43,15.0,2.5,3559.1608391608397,-5.0525401234485185,16.5,78.0,108.0,WINTER
171,M7I2069,792.55,12.0,2.5,3412.2184894861266,4.305366840560377,107.33,112.56,120.0,WINTER
172,M7I2070,829.63,15.0,2.5,3276.563677467973,3.9494276695249364,198.275,104.89999999999999,60.0,WINTER
173,M7I2071,890.6,16.0,2.5,4065.565515157619,4.5649736303139665,198.275,104.89999999999999,60.0,WINTER
174,M7I2072,969.56,20.0,2.5,3510.616184112844,3.6208343827229306,107.83,116.26,120.0,WINTER
175,M7I2073,899.78,16.0,2.5,3915.924567836564,4.352091142097584,108.105,117.56,120.0,WINTER
176,M7I2074,932.07,18.0,2.5,4225.208333333333,4.533144863940834,198.33,105.16,120.0,WINTER
177,M6I20113,703.84,14.0,2.5,2215.5882352941176,3.1478578019068504,186.3,119.6,132.0,WINTER
178,M6I2072,581.43,11.0,2.5,2074.0,3.5670674027827944,186.3,119.6,0.0,WINTER
179,M7I2068,1217.99,23.0,2.5,3486.6111111111118,2.862594201193041,120.1,83.2,100.2,WINTER
180,M6I20136,1109.08,21.0,2.5,2605.815831987076,2.349529188144296,119.5,130.0,150.0,WINTER
181,M6I20137,1098.14,21.0,2.5,2240.8829174664106,2.0406167860804727,165.5,130.0,150.0,WINTER
182,M6I20138,1194.88,21.0,2.5,4087.0,3.4204271558650237,119.5,130.0,150.0,WINTER
183,M6I20139,1192.08,22.0,2.5,3788.6746987951806,3.178205069118835,119.5,130.0,150.0,WINTER
184,M6I2079,1950.48,8.0,2.5,4695.857142857143,2.407539243087416,297.12,99.84,97.2,WINTER
185,M6I2080,1935.19,8.0,2.5,4505.652173913043,2.328273799426952,297.23,100.36,97.2,WINTER
186,M6I2081,2039.91,13.0,2.5,4648.5,2.278777004867862,297.01,99.32,108.0,WINTER
187,M6I2082,2001.49,13.0,2.5,3731.481481481481,1.8643517986507456,297.45,101.4,111.0,WINTER
188,M6I2083,2034.25,15.0,2.5,3586.875,1.763241981074106,297.56,101.92,111.0,WINTER
189,M6I2084,1274.52,15.0,2.5,4261.0,3.343219408090889,228.34,100.88,97.8,WINTER
190,M6I2085,512.23,10.0,2.5,6101.818181818182,11.912262424727528,185.2,120.0,130.0,WINTER
191,M6I2087,993.24,19.0,2.5,3686.875,3.711967903024445,197.9,109.2,69.0,WINTER
192,M6I2099,1109.08,18.0,2.5,3876.0,3.4947884733292462,213.3,182.0,75.0,WINTER
193,M6I20100,1178.45,17.0,2.5,4239.64705882353,3.597646958991497,117.3,119.6,120.0,WINTER
194,M6I20101,1145.55,14.0,2.5,4672.278481012659,4.07863339095863,117.3,119.6,120.0,WINTER
195,M6I20102,1035.35,12.0,2.5,3488.4615384615386,3.369354844701346,117.3,119.6,120.0,WINTER
196,M7I2019,1107.87,24.0,2.5,3073.779527559055,2.7744947760649312,108.28,76.96,103.2,WINTER
197,M7I2020,1094.84,24.0,2.5,3246.6176470588234,2.9653809205535273,108.28,76.96,105.0,WINTER
198,M7I2021,1150.63,24.0,2.5,3684.5833333333335,3.2022312414358507,111.58,92.56,103.2,WINTER
199,M7I2022,1119.66,24.0,2.5,3536.3414634146343,3.1584065371761376,107.18,71.76,103.2,WINTER
200,M7I2079,1057.6,21.0,2.5,3553.2183908045977,3.3596996887335457,107.18,71.76,82.2,WINTER
201,M7I2080,1134.51,23.0,2.5,3831.6,3.3773170796202767,108.17,76.44,100.2,WINTER
202,M2I2005,409.14,10.0,2.5,3400.4,8.31109155790194,93.6,0.0,120.0,WINTER
203,M2I2006,261.38,15.0,2.5,3033.0,11.603795240645804,62.1,0.0,132.0,WINTER
204,M2I2007,359.71,10.0,2.5,3077.6296296296296,8.555863416723554,93.6,0.0,120.0,WINTER
205,M2I2013,-553.55,10.0,2.5,4309.304347826087,-7.784851138697656,31.5,0.0,120.0,WINTER
206,M6I2073,1131.96,22.0,2.5,3718.640776699029,3.2851344364633284,206.0,104.0,102.0,WINTER
207,M6I2074,1091.1,18.0,2.5,4037.669902912621,3.700549814785649,206.0,104.0,105.0,WINTER
208,M6I2076,1040.93,19.0,2.5,1997.021276595745,1.9184971867423792,212.6,135.2,132.0,WINTER
209,M6I2001,-400.21,14.0,2.5,4464.583333333333,-11.155601642471035,109.8,101.2,0.0,WINTER
210,M6I2002,-80.93,14.0,2.5,4412.5,-54.52242678858272,112.0,110.0,0.0,WINTER
211,M6I2077,-61.75,15.0,2.5,4197.8,-67.98056680161943,109.8,101.2,0.0,WINTER
212,M6I2078,-393.52,13.0,2.5,5153.4,-13.095649522260622,109.8,101.2,0.0,WINTER
213,M6I20114,1256.85,22.0,2.5,2285.0,1.818037156383021,285.8,0.0,114.0,WINTER
214,M7I2047,785.26,23.0,2.5,2097.92,2.6716246848177674,185.6,108.0,122.0,WINTER
215,M7I2048,1050.97,19.0,2.5,3279.52,3.1204696613604574,132.0,108.0,122.0,WINTER
216,M7I2049,1153.82,24.0,2.5,3314.4,2.8725451110225166,132.0,108.0,122.0,WINTER
217,M7I2050,1549.26,24.0,2.5,3390.0,2.188141435265869,250.0,108.0,122.0,WINTER
218,M7I2051,1085.45,22.0,2.5,4465.52,4.113980376802248,112.0,108.0,122.0,WINTER
219,M2I2039,459.49,19.0,2.5,4295.490196078431,9.34838668105602,141.4,124.8,132.0,WINTER
220,M7I2066,1116.66,21.0,2.5,4339.193548387097,3.8858681679178053,109.6,83.2,100.2,WINTER
221,M7I2067,1040.41,15.0,2.5,5818.813559322034,5.592808180738395,108.28,76.96,100.2,WINTER
222,M6I20121,1028.14,18.0,2.5,4017.948717948718,3.907978211088682,162.275,1.3,115.8,WINTER
223,M6I20122,855.43,15.0,2.5,3190.2380952380954,3.729397022828397,191.675,113.3,115.8,WINTER
224,M6I20123,876.99,16.0,2.5,2971.333333333333,3.3881040072672812,192.2,127.6,115.8,WINTER
225,M6I20124,1063.18,20.0,2.5,3943.0,3.708685264959837,162.0,0.0,115.8,WINTER
226,M6I20125,338.27,8.0,2.5,4087.2,12.082655866615426,77.2,127.6,0.0,WINTER
227,M6I20126,1088.88,16.0,2.5,3451.809523809524,3.170055032519216,199.4,112.0,115.8,WINTER
228,M6I20127,1131.04,22.0,2.5,4267.809523809524,3.7733497699546645,177.0,0.0,115.8,WINTER
229,M7I2087,824.26,24.0,2.5,3815.4,4.628879237133914,171.5,73.5,96.0,WINTER
230,M7I2090,727.1,21.0,2.5,2612.5,3.5930408472012103,171.5,73.5,96.0,WINTER
231,M6I20164,-490.81,14.0,2.5,3099.6875,-6.3154530266294495,104.86,86.64,77.07,WINTER
232,M2I2041,186.07,17.0,2.5,2087.1794871794878,11.21717357542585,132.0,0.0,40.0,WINTER
233,M2I2042,243.67,22.0,2.5,2780.1,11.409283046743546,146.0,0.0,133.8,WINTER
234,M2I2043,146.48,15.0,2.5,1934.4086021505375,13.20595714193431,132.0,0.0,40.0,WINTER
235,M2I2044,150.72,15.0,2.5,1948.279569892473,12.926483345889551,132.0,0.0,40.0,WINTER
236,M7I2093,1092.64,24.0,2.5,2943.030303030303,2.693504084630164,118.84,126.88,105.0,WINTER
237,M7I2094,1070.82,21.0,2.5,2694.607843137255,2.5163966335492938,123.24,147.68,120.0,WINTER
238,M7I2095,1114.04,22.0,2.5,3039.457831325301,2.7283201961557046,124.34,152.88000000000002,120.0,WINTER
239,M7I2096,960.06,26.0,2.5,2464.8,2.5673395412786704,106.94,109.38,120.0,WINTER
240,M7I2097,1072.26,22.0,2.5,2120.9523809523807,1.978020611560984,123.24,147.68,120.0,WINTER
241,M2I2045,612.67,8.0,2.5,2868.809523809524,4.6824710265061515,62.1,0.0,120.0,WINTER
242,M6I20135,905.4,15.0,2.5,4362.705882352941,4.818539741940514,108.2,119.88,132.0,WINTER
243,M7I2091,1001.87,20.0,2.5,3324.0,3.31779572199986,108.72,79.04,80.4,WINTER
244,M7I2092,1038.38,20.0,2.5,3720.0,3.582503515090814,108.72,79.04,96.0,WINTER
245,M7I2084,1057.15,20.0,2.5,2527.8,2.3911460057702314,124.34,152.88000000000002,120.0,WINTER
246,M7I2085,1036.88,19.0,2.5,2915.9848484848485,2.812268390252342,123.24,147.68,120.0,WINTER
247,M7I2086,1011.75,23.0,2.5,2395.106382978724,2.367290717053347,114.44,106.08,105.0,WINTER
248,M6I20141,-751.2,15.0,2.5,3216.0,-4.281150159744409,0.0,0.0,120.0,WINTER
249,M6I20147,-33.22,12.0,2.5,6275.5,-188.90728476821192,161.0,120.0,122.0,WINTER
250,M6I20156,-631.74,15.0,2.5,2127.1111111111118,-3.3670673237583686,25.3,119.6,0.0,WINTER
251,M6I20177,472.93,9.0,2.5,6247.75,13.210728860507897,185.2,120.0,70.0,WINTER
252,M6I20157,1204.59,12.0,2.5,3449.375,2.86352617903187,235.04000000000002,145.6,130.2,WINTER
253,M6I20158,371.18,15.0,2.5,5464.174757281553,14.721091538556907,132.6,83.2,96.0,WINTER
254,M6I20159,1207.57,21.0,2.5,3742.181818181818,3.0989357289281934,120.6,135.2,90.0,WINTER
255,M6I20161,1334.76,16.0,2.5,3819.875,2.8618440768377837,236.0,93.6,102.0,WINTER
256,M6I20163,1163.01,16.0,2.5,4065.5,3.4956707165028678,220.3,143.6,152.0,WINTER
257,M6I20160,1281.43,15.0,2.5,3555.25,2.774439493378491,236.0,93.6,102.0,WINTER
258,M2I2051,780.85,13.0,2.5,4145.098039215686,5.308443413223649,62.1,0.0,120.0,WINTER
259,M6I20179,456.07,9.0,2.5,5480.666666666667,12.017161108309399,185.2,120.0,130.0,WINTER
260,M7I2088,865.97,26.0,2.5,3974.375,4.589506564892548,171.5,73.5,96.0,WINTER
261,M7I2089,870.72,26.0,2.5,3680.4,4.226846747519295,172.0,77.0,96.0,WINTER
262,M6I2130,830.74,12.0,2.5,2700.0,3.2501143558754846,116.2,114.4,0.0,WINTER
263,M6I2172,-883.5,12.0,2.72,2700.0,-3.0560271646859083,24.2,114.4,0.0,WINTER
264,M7I21131,-398.67,20.0,3.950561797752809,3600.0,-9.030024832568289,157.45,80.6,111.0,WINTER
265,M7I2196,-53.86,20.0,3.2,3300.0,-61.26995915336057,137.53500000000003,77.22,109.98,WINTER
266,M7I2198,-550.94,22.0,3.4,3000.0,-5.445239045994119,97.878,79.976,98.16,WINTER
267,M7I2199,158.85,23.0,3.0,2760.0,17.374881964117094,76.3,88.4,100.2,WINTER
268,M7I2177,1125.68,20.0,2.459999918937683,4283.90243902439,3.8056129974987476,112.9,98.8,108.0,WINTER
269,M7I2178,106.79,25.0,2.837500015894572,3075.0,28.79483097668321,111.8,93.6,108.0,WINTER
270,M7I2179,-1147.02,20.0,3.4375,4283.958333333333,-3.734859316605929,19.8,93.6,120.0,WINTER
271,M6I2133,889.8,21.0,3.0125,678.6666666666666,0.7627182138308234,244.5,286.0,0.0,WINTER
272,M6I2173,1427.98,13.0,2.230769230769231,2820.0,1.974817574475833,244.5,286.0,0.0,WINTER
273,M6I2161,441.3,15.0,3.330000000000003,3240.0,7.341944255608429,213.7,140.4,138.0,WINTER
274,M6I2142,874.36,21.0,2.9875,5027.893497554791,5.750369982106673,141.4,124.8,150.0,WINTER
275,M6I2145,493.64,21.0,3.1,4879.74987974988,9.88524001245823,95.4,124.8,0.0,WINTER
276,M6I21119,-1190.97,15.0,3.0355140186915888,2924.923076923077,-2.455916670380511,15.0,90.0,120.0,WINTER
277,M6I21120,-1410.83,15.0,3.318181818181818,2620.769230769231,-1.8576080964887556,15.0,90.0,120.0,WINTER
278,M6I21121,-1190.97,15.0,3.0355140186915888,2925.0,-2.4559812589737775,15.0,90.0,120.0,WINTER
279,M6I21124,-1262.25,15.0,3.1419354838709674,3158.986928104575,-2.502663440764171,15.0,90.0,120.0,WINTER
280,M6I2146,-780.0,15.0,2.67,3662.777777777778,-4.695868945868946,34.4,120.4,68.8,WINTER
281,M6I2147,-784.57,15.0,2.66,3060.0,-3.90022560128478,34.4,120.4,68.8,WINTER
282,M6I2148,-878.14,15.0,2.66,1444.5,-1.6449541075454939,34.4,120.4,68.8,WINTER
283,M6I2149,-815.78,15.0,2.76,3923.0,-4.808894554904509,34.4,120.4,68.8,WINTER
284,M6I2150,-806.41,15.0,2.62,2446.5,-3.033816544933719,34.4,120.4,68.8,WINTER
285,M6I2151,-892.81,15.0,2.8,2946.428571428572,-3.3001742492003587,34.4,120.4,68.8,WINTER
286,M6I2152,-526.57,15.0,2.22,2048.6666666666665,-3.890587512897936,34.4,120.4,68.8,WINTER
287,M6I21186,1050.18,15.0,2.2394736842105263,2995.25,2.8521301110285853,204.6,130.0,130.2,WINTER
288,M6I21187,874.96,15.0,2.4363636363636365,2100.0,2.4001097193014536,204.6,130.0,130.2,WINTER
289,M6I21188,924.29,24.0,2.6045454545454545,1797.5833333333333,1.9448261187866722,204.6,130.0,130.2,WINTER
290,M2I2118,-560.47,15.0,3.525,3986.826347305389,-7.113362619418325,75.0,93.6,120.0,WINTER
291,M2I2120,-549.69,15.0,2.3200000000000003,4243.181818181818,-7.719226870020953,0.0,0.0,120.0,WINTER
292,M2I2121,-1596.85,9.0,3.595,3936.804733727811,-2.4653566294441,19.8,93.6,120.0,WINTER
293,M2I2122,10.59,9.0,3.365,3549.256198347108,335.1516712320215,75.55000000000001,96.2,120.0,WINTER
294,M2I2141,-608.16,15.0,2.407264,4485.6,-7.375690607734808,0.0,0.0,120.0,WINTER
295,M6I2185,1227.33,15.0,2.5,3180.066445182724,2.5910443362280104,109.0,120.0,160.0,WINTER
296,M6I2186,1227.33,15.0,2.5,3179.87012987013,2.5908843830674146,109.0,120.0,160.0,WINTER
297,M6I21146,367.54,12.0,2.95,3968.996710526316,10.79881566775403,92.0,0.0,0.0,WINTER
298,M6I21147,387.73,12.0,2.9,3929.36507936508,10.134281792394397,92.0,0.0,0.0,WINTER
299,M6I21148,247.19,14.0,3.2,4631.329508605638,18.735909658989595,92.0,0.0,0.0,WINTER
300,M6I21149,424.83,13.0,2.9,4212.562396006655,9.915877871164126,92.0,0.0,0.0,WINTER
301,M7I2156,-43.81,21.0,3.8,3580.1901257283043,-81.72084286072368,187.76,135.2,120.0,WINTER
302,M7I2157,295.39,21.0,3.4,4053.714285714286,13.723261741136415,135.78,135.2,111.0,WINTER
303,M7I2158,120.65,24.0,3.6,4288.301886792453,35.543322725175734,179.88,93.6,103.8,WINTER
304,M6I21181,476.87,23.0,2.6153846153846154,2760.0,5.787740893744626,14.0,152.0,0.0,WINTER
305,M6I21182,754.96,18.0,2.3625,2765.9615384615386,3.6637193208402277,14.0,152.0,0.0,WINTER
306,M7I2101,486.58,17.0,3.4,4957.25,10.187944428459863,210.98,88.4,114.0,WINTER
307,M7I2102,67.82,22.0,1.662,2400.0,35.38779121203185,19.8,93.6,114.0,WINTER
308,M7I2103,-677.41,20.0,3.7,3540.0,-5.22578645133671,111.8,93.6,90.0,WINTER
309,M7I2104,1029.05,15.0,2.5,3144.651162790697,3.0558779095191655,213.0,93.6,108.0,WINTER
310,M7I2105,245.89,21.0,3.6,3894.0,15.836349587213796,109.6,83.2,108.0,WINTER
311,M7I2106,216.15,17.0,3.5,3720.0,17.210270645385148,200.39999999999998,88.4,108.0,WINTER
312,M7I2107,1629.12,19.0,2.0926829268292684,3256.75,1.9990853957965038,232.5,98.8,108.0,WINTER
313,M7I2108,359.61,16.0,3.5,5315.384615384615,14.780969982438238,208.4,93.6,90.0,WINTER
314,M7I2194,-7.88,17.0,1.825,3780.0,-479.6954314720812,20.9,98.8,108.0,WINTER
315,M7I2195,157.5,17.0,1.5182795698924731,3780.0,24.0,19.8,93.6,90.0,WINTER
316,M2I2102,328.06,20.0,3.362285714285714,5998.719512195122,18.285434104112422,77.2,104.0,0.0,WINTER
317,M2I2103,856.51,13.0,3.445714285714285,4642.64367816092,5.420419701067028,124.2,0.0,0.0,WINTER
318,M2I2104,254.73,18.0,3.524375,4947.4,19.422133239115926,146.2,104.0,0.0,WINTER
319,M2I2105,55.05,14.0,3.546875,4652.571428571428,84.51537563254185,77.2,104.0,132.0,WINTER
320,M2I2106,921.34,14.0,2.5,4574.7,4.965267979247617,146.2,104.0,0.0,WINTER
321,M6I21189,563.59,15.0,3.1,4108.75,7.290317429336929,114.0,104.0,108.0,WINTER
322,M6I2102,1019.7,15.0,2.5,3771.52,3.6986564675885063,140.0,120.0,120.0,WINTER
323,M6I2103,1296.1,17.0,2.5,2577.4117647058824,1.9885902050041528,140.0,120.0,120.0,WINTER
324,M6I2107,-195.48,15.0,2.845833333333333,3540.0,-18.109269490484962,102.5,105.0,120.0,WINTER
325,M6I2108,754.39,15.0,3.0529411764705885,3662.788461538461,4.855298269513728,104.0,105.0,155.0,WINTER
326,M6I2112,1094.21,15.0,2.5821428571428573,3717.0,3.396971330914541,104.0,105.0,35.0,WINTER
327,M6I2113,631.06,15.0,3.1923076923076925,3540.0,5.609609228916427,104.0,105.0,0.0,WINTER
328,M6I2114,991.57,15.0,2.6923076923076925,3268.409090909091,3.2961960233862366,104.0,105.0,120.0,WINTER
329,M7I2147,904.21,22.0,2.988888889,4037.941176470588,4.4657117002362146,171.22,157.04,120.0,WINTER
330,M7I2148,2003.94,17.0,1.982222222,3000.0,1.4970508099044881,171.0,156.0,139.8,WINTER
331,M7I2149,486.93,15.0,3.2851851850000005,3000.0,6.161049842893229,125.0,156.0,138.0,WINTER
332,M7I2180,1290.53,17.0,2.23,3840.0,2.975521684889154,161.8,156.0,120.0,WINTER
333,M6I2116,212.07,24.0,2.66,2724.0163934426228,12.844892693179718,204.5,128.0,56.0,WINTER
334,M6I2117,525.88,23.0,2.25,2759.137931034483,5.246706341816542,96.5,128.0,56.0,WINTER
335,M6I2118,-501.85,20.0,2.45,2970.0,-5.918103018830328,56.0,128.0,56.0,WINTER
336,M6I2119,-367.94,20.0,2.74,2072.8,-5.63352720552264,96.5,128.0,56.0,WINTER
337,M6I2120,-447.93,20.0,2.88,2245.0,-5.011943830509232,96.5,128.0,56.0,WINTER
338,M6I2121,286.75,19.0,2.45,2969.879518072289,10.357034064768227,204.5,56.0,128.0,WINTER
339,M6I2122,420.36,23.0,2.41,3495.396825396825,8.315246040053347,204.5,128.0,56.0,WINTER
340,M6I2123,327.75,21.0,2.45,2970.0,9.061784897025172,204.5,56.0,128.0,WINTER
341,M6I2124,232.41,20.0,2.5,1685.0,7.250118325373263,96.5,128.0,56.0,WINTER
342,M7I2109,306.89,19.0,2.6,1680.0,5.47427416989801,150.8,104.0,108.0,WINTER
343,M7I2110,283.84,21.0,2.7,1980.0,6.97576099210823,150.8,104.0,108.0,WINTER
344,M7I2111,-293.4,19.0,3.4,1500.0,-5.112474437627812,150.8,104.0,108.0,WINTER
345,M7I2112,78.75,20.0,2.9,900.0,11.428571428571429,150.8,104.0,108.0,WINTER
346,M7I2113,14.22,20.0,3.1,1080.0,75.94936708860759,150.8,104.0,108.0,WINTER
347,M2I2145,1081.32,17.0,2.5,2108.260869565217,1.9497104183453715,230.1,129.5,18.5,WINTER
348,M6I2174,863.47,10.0,2.293846153846154,3165.0561797752807,3.665507984962165,129.17000000000002,92.6,120.0,WINTER
349,M6I2175,-254.38,13.0,3.785454545454545,3847.222222222222,-15.123917848188624,184.37,92.6,120.0,WINTER
350,M6I2176,9.29,12.0,3.2555555555555555,1770.0,190.52744886975245,184.315,92.34,168.0,WINTER
351,M2I2124,-874.1,15.0,3.01,1576.7142857142858,-1.8038145357674016,55.2,0.0,0.0,WINTER
352,M7I21108,945.65,24.0,2.7826666666666666,3480.0,3.680008459789563,114.44,106.08,90.0,WINTER
353,M2I2150,581.15,11.0,2.33,4778.367346938776,8.222261631143038,175.6,0.0,173.6,WINTER
354,M2I2151,22.05,15.0,2.1,4260.0,193.1972789115646,83.6,0.0,173.6,WINTER
355,M7I2124,1256.69,23.0,2.2,2904.0047405066416,2.3108361970785487,114.38,99.56,132.6,WINTER
356,M7I2125,525.31,20.0,3.1,2729.873772791024,5.1966910448897305,114.38,99.56,132.0,WINTER
357,M7I2126,917.24,21.0,2.6,2730.0527240773285,2.976377746366631,114.38,99.56,132.0,WINTER
358,M6I2162,155.08,15.0,2.5,2400.0,15.475883415011605,121.7,140.4,138.0,WINTER
359,M6I21113,1291.91,19.0,2.5,3120.0,2.4150289106826324,183.8,112.0,64.0,WINTER
360,M7I2137,1070.86,20.0,2.8705882352941177,4403.398058252427,4.112020299808031,148.01999999999998,120.64,132.0,WINTER
361,M7I2138,-161.42,14.0,3.2375,3900.0,-24.160574897782183,144.72,105.04,120.0,WINTER
362,M7I2139,1079.74,18.0,2.803125,4500.0,4.167669994628336,148.075,120.9,120.0,WINTER
363,M7I2140,1470.48,20.0,2.34375,4560.0,3.101028235678146,148.35,122.2,132.0,WINTER
364,M7I2141,1054.28,17.0,2.771875,4305.588235294118,4.083913415121332,146.7,114.4,120.0,WINTER
365,M7I2142,161.83,15.0,2.8657142857142857,3900.0,24.099363529629855,147.8,119.6,120.0,WINTER
366,M7I2143,995.21,19.0,2.9611111111111112,4642.761904761905,4.665107770984922,148.01999999999998,120.64,132.0,WINTER
367,M7I2144,1525.87,18.0,2.1638888888888888,3900.0,2.555918918387543,148.01999999999998,120.64,120.0,WINTER
368,M7I2145,652.68,16.0,3.203333333333333,3000.0,4.59643316786174,148.01999999999998,120.64,120.0,WINTER
369,M7I2146,553.37,19.0,3.55625,4680.0,8.457270903735294,148.01999999999998,120.64,132.0,WINTER
370,M7I2190,826.22,21.0,3.17,3600.0,4.357192999443248,148.01999999999998,120.64,132.0,WINTER
371,M6I21170,-109.83,11.0,3.6208333333333336,2660.9473684210525,-24.227873699545228,108.0,118.4,120.0,WINTER
372,M6I21171,-113.96,14.0,3.6583333333333337,4368.0,-38.32923832923833,108.0,118.4,120.0,WINTER
373,M6I21172,4.76,11.0,3.6125,5049.666666666667,1060.8543417366948,108.0,118.4,120.0,WINTER
374,M6I21173,201.58,11.0,3.201639344262295,2661.0,13.200714356582994,108.0,118.4,120.0,WINTER
375,M6I21174,-199.84,14.0,3.778688524590164,4468.16,-22.358686949559647,108.0,118.4,120.0,WINTER
376,M6I21175,-219.87,13.0,3.756666666666667,3978.0,-18.09250920998772,108.0,118.4,120.0,WINTER
377,M6I2125,74.28,13.0,2.55,2700.058241118229,36.349733994591126,204.5,56.0,128.0,WINTER
378,M6I2126,127.18,15.0,2.55,2719.196428571429,21.380692157347294,204.5,56.0,132.8,WINTER
379,M6I2127,193.44,15.0,2.46,2719.251336898396,14.057337349557464,204.5,56.0,128.0,WINTER
380,M6I2128,215.73,15.0,2.43,2719.310344827586,12.60515618980942,204.5,56.0,128.0,WINTER
381,M6I2129,128.99,9.0,2.375,2640.2966625463537,20.46900273312934,204.5,56.0,128.0,WINTER
382,M7I21106,-121.4,15.0,3.648484848484848,3240.0,-26.68863261943987,159.3,114.4,114.0,WINTER
383,M7I21107,-140.26,15.0,3.574647887323944,3660.0,-26.094396121488664,159.3,112.2,114.0,WINTER
384,M6I2156,265.5,15.0,2.5,5872.166666666667,22.117388575015696,116.2,114.4,0.0,WINTER
385,M6I2157,250.86,15.0,2.5,5700.0,22.721836881128915,125.4,114.4,0.0,WINTER
386,M2I2131,-395.02,9.0,2.275294117647059,3960.4,-10.025821477393551,42.0,0.0,99.0,WINTER
387,M2I2132,-503.51,15.0,2.132941176470588,2870.9166666666665,-5.7018066506458,40.0,0.0,30.0,WINTER
388,M2I2133,-1218.33,15.0,3.245,4823.289473684211,-3.9589351601653173,0.0,0.0,99.0,WINTER
389,M7I21124,1363.32,16.0,1.8857142857142857,1980.0,1.4523369421705836,209.0,70.0,97.0,WINTER
390,M7I21125,1199.44,15.0,1.7,1500.0,1.2505836056826518,209.0,70.0,97.0,WINTER
391,M7I21126,949.9,15.0,2.20625,1206.0869565217392,1.269698869903926,104.65,70.84,72.0,WINTER
392,M7I21127,1283.56,11.0,1.586111111111111,1740.0,1.3556047243603728,104.65,93.61,72.0,WINTER
393,M7I21128,1303.87,17.0,1.9933333333333332,1980.0,1.5185562977904241,117.0,70.0,97.0,WINTER
394,M7I21129,890.51,12.0,2.225,2100.0,2.358199234146725,209.0,70.0,97.0,WINTER
395,M7I2166,1038.11,21.0,2.5,4200.0,4.045814027415207,106.33,105.16,120.0,WINTER
396,M7I2167,205.61,19.0,2.5,4410.0,21.44837313360245,109.22,103.6,120.0,WINTER
397,M6I2155,-1167.11,8.0,2.750270276456266,2100.0,-1.799316259821268,0.22,1.04,0.0,WINTER
398,M7I21130,1306.64,12.0,1.5,2100.0,1.6071756566460538,117.0,70.0,97.0,WINTER
399,M6I21100,595.45,19.0,3.1,4844.262295081967,8.13546443040048,210.8,108.0,162.0,WINTER
400,M6I2199,661.0,18.0,3.1,4913.333333333333,7.433182047402925,128.0,108.0,162.0,WINTER
401,M6I21142,-844.46,15.0,2.5,3159.020979020979,-3.7408769853172195,0.0,0.0,90.0,WINTER
402,M7I2168,1210.74,23.0,2.1875,3779.982418686425,3.122043063487144,104.08,88.51,0.0,WINTER
403,M7I2169,1448.31,21.0,1.8125,3780.017419435113,2.609950507443236,104.08,88.51,0.0,WINTER
404,M7I2170,1373.13,21.0,2.24,2700.0,1.9663105459788948,120.13,105.16,0.0,WINTER
405,M7I2171,1351.55,22.0,1.988888888888889,3780.0382717292778,2.7968171889528897,104.08,88.51,0.0,WINTER
406,M7I2172,1638.82,21.0,1.776923076923077,3959.985152190052,2.416363695945895,209.88000000000002,88.51,0.0,WINTER
407,M7I2173,1721.33,21.0,1.6933333333333334,3959.989522624582,2.3005405835165726,119.13,97.76,0.0,WINTER
408,M7I21110,1104.08,22.0,2.5,3000.0,2.717194406202449,114.44,106.08,120.0,WINTER
409,M7I21111,1091.39,23.0,2.5,2460.0,2.2540063588634673,114.44,106.08,120.0,WINTER
410,M7I21112,1029.89,20.0,2.5,2460.0,2.388604608259134,114.44,106.08,120.0,WINTER
411,M7I21113,-561.2,23.0,4.9,3480.0,-6.200997861724875,117.63,121.16,120.0,WINTER
412,M7I21114,-644.77,21.0,5.746666666666667,2771.3846153846152,-4.298253044317533,117.63,121.16,120.0,WINTER
413,M7I21115,-486.74,23.0,5.63,3392.923076923077,-6.9707093662388075,117.63,121.16,120.0,WINTER
414,M7I21116,-553.42,22.0,5.58,2089.2,-3.7750713743630517,117.63,121.16,120.0,WINTER
415,M7I21117,-510.27,18.0,5.46,2661.625,-5.216111078448665,117.63,121.16,120.0,WINTER
416,M7I21118,-430.58,21.0,5.430769230769231,2580.0,-5.991917878210786,117.63,121.16,120.0,WINTER
417,M7I2121,-567.71,13.0,3.725806160860284,4228.16091954023,-7.447747828187331,125.30000000000001,78.0,84.0,WINTER
418,M7I2122,-410.53,22.0,3.641414141414141,2520.0,-6.1384064501985245,128.5,78.0,66.0,WINTER
419,M7I2123,383.8,13.0,2.5,3960.0,10.317873892652424,131.7,78.0,84.0,WINTER
420,M7I2154,567.91,27.0,2.8,2400.0,4.226021728795056,171.5,77.7,90.0,WINTER
421,M7I2155,56.43,27.0,3.5,2340.0,41.46730462519936,171.5,77.7,120.0,WINTER
422,M6I21101,-131.89,15.0,2.5,2760.0,-20.926529683827432,92.0,0.0,0.0,WINTER
423,M6I2169,421.94,15.0,3.0,712.4418604651163,1.6884909239823584,208.2,114.4,0.0,WINTER
424,M7I2159,1327.21,23.0,1.6800000000000002,5377.222222222223,4.051523287363885,145.0,104.0,120.0,WINTER
425,M7I2160,1293.0,17.0,1.5666666666666669,5274.074074074074,4.078943599438572,145.0,104.0,120.0,WINTER
426,M7I2161,835.69,26.0,2.4511111111111115,3780.0,4.523208366738862,145.0,104.0,120.0,WINTER
427,M7I2162,571.3,24.0,2.542222222222222,2640.0,4.621039733940137,143.0,92.0,120.0,WINTER
428,M7I2163,1420.99,25.0,1.551923076923077,3960.0,2.7867894918331584,145.0,104.0,120.0,WINTER
429,M6I21112,-187.87,19.0,2.7,2640.3488372093025,-14.054126987860235,92.0,0.0,0.0,WINTER
430,M6I21134,546.65,12.0,2.69875,2254.8571428571427,4.124864434020201,125.0,94.0,90.0,WINTER
431,M6I21135,643.77,19.0,2.89,3772.1666666666665,5.859494332862151,125.0,94.0,90.0,WINTER
432,M6I21136,767.85,18.0,2.635,2606.8571428571427,3.395008325658843,125.0,94.0,90.0,WINTER
433,M6I21137,706.31,17.0,2.7625,3882.0,5.496170236864833,125.0,94.0,90.0,WINTER
434,M6I21138,950.91,17.0,2.38,2730.5128205128203,2.8714734522855165,125.0,94.0,90.0,WINTER
435,M6I21139,-2246.65,15.0,4.4,2254.8,-1.0036276233503216,10.0,94.0,90.0,WINTER
436,M6I21140,-1154.65,15.0,2.93,2254.7619047619046,-1.9527665567591084,10.0,94.0,90.0,WINTER
437,M7I2150,83.5,17.0,3.3,2400.0,28.74251497005988,180.7,77.7,102.0,WINTER
438,M7I2151,349.32,29.0,3.1,3717.0,10.640673308141531,171.5,77.7,78.0,WINTER
439,M7I2152,116.95,27.0,3.35,3540.0,30.26934587430526,171.5,77.7,78.0,WINTER
440,M7I2153,401.31,30.0,3.05,3540.0,8.821110861927188,171.5,77.7,78.0,WINTER
441,M6I21178,-768.13,15.0,2.8,5880.0,-7.654954239516749,38.0,91.2,38.0,WINTER
442,M7I2114,192.63,14.0,3.4595238095238097,2400.0,12.459118517364896,211.7,109.2,0.0,WINTER
443,M7I2115,2902.12,15.0,3.905769230769231,2400.0,0.8269816547902913,211.7,109.2,102.0,WINTER
444,M7I2127,-360.06,20.0,3.325,3600.0,-9.998333611064822,115.1,109.2,102.0,WINTER
445,M7I2128,354.65,16.0,3.4477611940298507,4320.0,12.18102354433949,211.7,109.2,0.0,WINTER
446,M7I2193,689.97,25.0,3.1818181818181817,4320.0,6.261141788773425,115.1,109.2,0.0,WINTER
447,M6I21133,772.27,12.0,2.7125,3552.0,4.5994276613101635,115.65,111.8,120.0,WINTER
448,M6I21131,1047.35,11.0,2.2285714285714286,2442.0,2.3315987969637657,115.65,111.8,120.0,WINTER
449,M6I21132,1158.87,16.0,2.18125,1989.6666666666667,1.7169023847943832,115.65,111.8,120.0,WINTER
450,M6I21130,1095.32,14.0,2.1707317073170733,1464.5,1.3370521856626374,115.65,111.8,120.0,WINTER
451,M6I2137,2261.29,17.0,0.4,1080.0,0.4776034918121957,107.4,72.8,120.0,WINTER
452,M6I21205,945.5,17.0,2.7564102564102564,3240.0,3.426758328926494,153.8,93.6,120.0,WINTER
453,M6I2164,2071.85,23.0,2.5,3572.962962962963,1.7245278195636573,210.0,104.0,120.0,WINTER
454,M6I2165,928.75,13.0,2.661904761904762,3240.0,3.4885598923283982,153.8,93.6,108.0,WINTER
455,M6I2166,326.57,16.0,2.6166666666666667,3240.0,9.921303242796338,153.8,93.6,90.0,WINTER
456,M6I2167,572.75,25.0,2.5,3754.186046511628,6.554667911849197,108.1,83.2,120.0,WINTER
457,M6I2168,1915.66,25.0,2.7564102564102564,3401.9858156028367,1.7758818452140968,210.0,104.0,120.0,WINTER
458,M6I2183,1348.88,14.0,2.5708333333333333,2580.0,1.9126979419963228,114.4,78.4,134.8,WINTER
459,M6I2184,1061.97,16.0,2.5278260869565217,2580.0,2.42944715952428,153.8,93.6,120.0,WINTER
460,M7I2129,354.92,15.0,3.2,2963.9473684210525,8.351029438806076,114.4,112.0,120.0,WINTER
461,M7I2130,-355.63,15.0,4.2,3840.0,-10.797739223350112,111.2,96.0,108.0,WINTER
462,M7I2131,131.19,15.0,3.5,3312.083333333333,25.24646187463475,111.2,96.0,108.0,WINTER
463,M7I2132,109.16,15.0,3.6,3311.978021978022,30.340582832338054,111.2,96.0,108.0,WINTER
464,M7I2133,-504.55,15.0,4.4,3834.0,-7.598850460806659,111.2,96.0,108.0,WINTER
465,M7I2134,1055.45,15.0,2.3,3834.0,3.6325737836941587,111.2,96.0,108.0,WINTER
466,M7I2135,848.81,22.0,2.7071428571428573,3140.990990990991,3.70046416864904,111.2,96.0,90.0,WINTER
467,M7I2136,995.0,19.0,2.4,2915.3571428571427,2.930007178750897,111.2,96.0,90.0,WINTER
468,M6I21102,635.2,17.0,3.046875,2580.0,4.061712846347607,156.4,78.4,164.8,WINTER
469,M6I21183,863.69,15.0,2.5,2242.5641025641025,2.596491915576309,215.4,108.0,168.0,WINTER
470,M6I21184,514.75,15.0,3.1,2979.583333333333,5.78840861259511,128.0,108.0,162.0,WINTER
471,M6I21185,580.45,15.0,3.1,4719.558823529412,8.130861958014318,128.0,108.0,174.0,WINTER
472,M6I21143,105.64,9.0,3.540625,4585.916666666667,43.41079767764736,191.23,121.16,138.0,WINTER
473,M6I21144,546.63,10.0,2.8833333333333333,4023.304347826087,7.360196747024655,191.23,121.16,138.0,WINTER
474,M6I21145,436.83,12.0,2.940625,4288.869565217391,9.818166255104712,177.21,120.12,138.0,WINTER
475,M6I2188,1077.47,19.0,2.5,2484.032258064516,2.305430553114719,218.5,119.6,0.0,WINTER
476,M7I2174,1284.24,25.0,2.43,5098.984771573604,3.97042980406591,200.28,76.96,0.0,WINTER
477,M7I2175,1132.28,20.0,2.59,5215.217391304348,4.605943221910082,203.57999999999998,92.56,102.0,WINTER
478,M7I2176,1461.29,21.0,2.0,4264.202657807309,2.9181084232474794,108.28,76.96,0.0,WINTER
479,M7I2182,947.94,20.0,2.68625,2220.0,2.34192037470726,123.24,147.68,90.0,WINTER
480,M7I2183,330.49,24.0,3.8146874999999993,4500.0,13.616145723017338,123.13,147.16,90.0,WINTER
481,M7I2184,315.95,20.0,3.5370000000000004,2220.0,7.02642823231524,123.24,147.68,90.0,WINTER
482,M7I2185,360.39,19.0,3.5775,3468.0,9.622908515774578,123.24,147.68,120.0,WINTER
483,M7I2186,2525.0,24.0,1.5891891891891892,4653.6,1.843009900990099,156.275,131.3,108.0,WINTER
484,M7I2187,2560.11,21.0,1.5192307692307692,5291.4,2.0668643144239893,156.495,132.34,108.0,WINTER
485,M7I2188,1974.12,20.0,2.1115384615384616,3655.8,1.8518631086256157,142.775,131.3,108.0,WINTER
486,M7I2189,2562.38,24.0,1.4675675675675677,3750.6666666666665,1.4637433427776778,156.275,131.3,108.0,WINTER
487,M6I21179,-610.22,15.0,2.7,2776.6666666666665,-4.550271486786186,112.0,86.4,78.0,WINTER
488,M6I21180,-81.29,15.0,2.66,2940.0,-36.166810185754706,128.0,86.4,36.0,WINTER
489,M6I2187,237.95,25.0,2.5,4710.0,19.79407438537508,88.0,136.0,88.0,WINTER
490,M7I2192,-113.13,15.0,2.8,2760.00702247191,-24.39677382190321,44.1,0.0,120.0,WINTER
491,M7I21101,373.55,19.0,3.333333333333333,3060.0,8.191674474635256,208.10000000000002,98.8,90.0,WINTER
492,M7I21102,470.26,21.0,3.2583333333333337,3060.0,6.5070386594649765,208.10000000000002,98.8,90.0,WINTER
493,M7I21103,784.98,22.0,2.89375,3060.0,3.8981884888786973,210.4,98.8,90.0,WINTER
494,M7I21104,327.29,21.0,3.18125,4235.405405405405,12.94083352808031,170.3,98.8,90.0,WINTER
495,M7I21105,505.31,19.0,2.812903225806452,3060.0,6.055688587203894,173.5,98.8,90.0,WINTER
496,M6I21190,-648.15,18.0,4.16,3116.176470588235,-4.807801389475022,167.0,0.0,50.0,WINTER
497,M6I21191,912.52,21.0,2.5,3510.0,3.846491035812914,190.0,0.0,50.0,WINTER
498,M6I21192,529.23,22.0,2.91,1540.8064516129032,2.9114117710880016,190.0,0.0,50.0,WINTER
499,M6I21193,202.99,18.0,3.3466666666666667,3194.8837209302324,15.739118778906509,190.0,0.0,50.0,WINTER
500,M6I21197,-239.89,15.0,2.597850968320494,2592.0481927710844,-10.805153165080181,92.0,0.0,0.0,WINTER
501,M6I21199,314.8,17.0,3.12,3725.967741935484,11.835983932450711,92.0,0.0,0.0,WINTER
502,M6I21200,-312.82,19.0,2.93,3726.0,-11.911003132792022,92.0,0.0,0.0,WINTER
503,M6I21201,485.73,17.0,3.2400000000000007,4002.0,8.239145204125748,207.0,0.0,0.0,WINTER
504,M6I21202,-522.49,18.0,4.25,3417.6153846153848,-6.541015875165812,92.0,0.0,0.0,WINTER
