,0,Soil_Organic_Matter,Application_Rate_Unit_kg/ha,Crop_Protection_Application_Doses,Total_Water_Applied_mm,value,Soil_pH
1,3003.3333333333335,2.5,300.0,14,350,-220.35,5.5
11,3003.3333333333335,2.5,200.0,14,350,-220.35,5.5
21,3003.3333333333335,2.5,150.0,14,350,-220.35,5.5
31,2327.722222222222,2.5,300.0,18,350,3847.21,5.5
41,2327.722222222222,2.5,300.0,18,350,3847.21,5.5
61,3051.8,2.5,300.0,13,350,415.52,5.5
141,3732.777777777778,2.5,160.0,9,350,724.51,5.5
151,3732.777777777778,2.5,225.0,9,350,724.51,5.5
211,3919.2727272727275,2.5,150.0,9,350,502.1,5.5
221,3919.2727272727275,2.5,225.0,9,350,502.1,5.5
271,4142.4,2.5,170.0,10,350,539.27,5.5
281,4142.4,2.5,225.0,10,350,539.27,5.5
331,4123.2,2.5,300.0,9,350,814.34,5.5
401,3857.684210526316,2.5,225.0,10,350,549.46,5.5
461,4164.7,2.5,250.0,17,350,730.99,5.5
681,3487.9411764705883,2.5,250.0,20,350,1019.04,5.5
951,5116.571428571428,3.320000000000001,230.0,15,450,-1118.18,5.5
961,3283.1944444444443,3.05,230.0,15,450,-1069.08,5.5
971,5462.833333333333,2.620000000000001,260.0,15,450,-611.26,5.5
981,5368.96,2.5842857142857145,235.0,15,450,-562.59,5.5
1241,4462.686567164179,2.68,272.0,20,450,647.47,5.5
1311,3909.2819614711034,2.68,272.0,14,450,-370.11,5.5
1371,3549.423076923077,3.03695652173913,350.0,16,450,575.44,5.5
1501,1846.0,2.5,450.0,10,350,791.93,5.5
1531,3111.2,2.5,450.0,16,350,1052.09,5.5
1841,2778.832116788321,2.86,110.0,9,450,-82.91,5.5
1851,2778.832116788321,2.86,220.0,9,450,-82.91,5.5
2731,3829.1346153846152,2.5,120.0,15,350,-577.94,5.5
2751,4292.692307692308,2.5,120.0,15,350,163.09,5.5
2781,4125.393258426966,2.5,120.0,15,350,496.51,5.5
2791,4125.393258426966,2.5,200.0,15,350,496.51,5.5
3671,2070.0,4.05,350.0,9,450,-1724.9,5.5
3681,2070.0,4.05,400.0,9,450,-1724.9,5.5
3701,1793.0434782608695,4.2,350.0,12,450,-1769.89,5.5
3711,1793.0434782608695,4.2,400.0,12,450,-1769.89,5.5
3731,2368.6363636363635,0.15,350.0,13,450,1628.68,5.5
3741,2368.6363636363635,0.15,390.0,13,450,1628.68,5.5
3751,2368.6363636363635,0.15,200.0,13,450,1628.68,5.5
3761,1887.2,1.6800000000000002,350.0,11,450,394.27,5.5
3771,1887.2,1.6800000000000002,390.0,11,450,394.27,5.5
3781,1887.2,1.6800000000000002,200.0,11,450,394.27,5.5
3881,5194.744318181818,2.5,200.0,23,450,-325.26,5.5
3911,4845.555555555556,2.16,420.0,20,450,198.65,5.5
3921,4845.555555555556,2.16,30.0,20,450,198.65,5.5
3931,4845.555555555556,2.16,200.0,20,450,198.65,5.5
3941,4845.555555555556,2.16,150.0,20,450,198.65,5.5
3981,2051.276595744681,3.61,350.0,11,450,-900.04,5.5
3991,2051.276595744681,3.61,400.0,11,450,-900.04,5.5
4001,2051.276595744681,3.61,200.0,11,450,-900.04,5.5
4111,4800.896551724138,2.47,220.0,15,450,194.58,5.5
4761,4377.4358974358975,3.911538461538461,272.0,24,450,-358.9,5.5
4801,3544.74358974359,3.124137931034483,272.0,25,450,973.03,5.5
4851,3543.2051282051284,3.832,272.0,24,450,-551.39,5.5
4881,3943.076923076923,2.007894736842105,272.0,24,450,748.4,5.5
4921,4960.0,2.5,260.0,19,350,1060.97,5.5
4961,4477.614678899083,2.5,260.0,19,350,490.6,5.5
4991,4445.221238938053,2.5,260.0,18,350,-85.83,5.5
5041,5228.347826086957,2.5,260.0,17,350,-534.9,5.5
5061,2450.0,2.96,210.0,31,450,1497.96,6.083333333333332
5101,2763.78640776699,2.795555555555556,210.0,23,450,790.11,5.033333333333332
5151,1865.5128205128206,3.659375,210.0,27,450,79.62,5.143749999999998
5191,2172.3376623376626,3.709375,260.0,28,450,218.76,5.80625
5231,3411.0344827586205,2.822916666666667,210.0,24,450,905.01,5.702083333333333
5281,2852.751677852349,2.697872340425532,210.0,34,450,988.22,5.080851063829789
5321,3452.3863636363635,2.5,330.0,15,350,-623.14,5.5
5341,3364.6153846153848,2.5,150.0,15,350,-59.9,5.5
5351,3364.6153846153848,2.5,260.0,15,350,-59.9,5.5
5361,3364.6153846153848,2.5,200.0,15,350,-59.9,5.5
5371,2826.6666666666665,2.5,350.0,15,350,-666.04,5.5
5391,3543.846153846154,2.5,330.0,15,350,-621.57,5.5
5411,3157.7049180327867,2.5,330.0,15,350,-631.81,5.5
5431,3660.714285714286,2.5,330.0,15,350,-649.24,5.5
5441,3166.0,2.5,330.0,15,350,-645.24,5.5
5601,4447.5675675675675,2.11,200.0,15,450,-208.48,5.5
5611,4447.5675675675675,2.11,240.0,15,450,-208.48,5.5
5621,4180.9876543209875,1.98,180.0,15,450,233.08,5.5
5771,1828.0,2.5,150.0,23,350,238.65,5.5
5841,5816.346153846154,2.5,312.0,20,350,1069.84,5.5
5881,4171.764705882353,2.5,312.0,16,350,1088.29,5.5
6151,4753.053892215569,2.5,105.0,19,450,-62.67,5.5
6201,4166.615384615385,1.95,450.0,18,450,562.77,5.5
6231,3834.494382022472,2.5,300.0,10,350,750.63,5.5
6261,4153.220338983051,2.5,300.0,14,350,854.15,5.5
6291,3612.962962962963,2.5,266.0,14,350,814.24,5.5
6321,2226.875,2.5,200.0,13,350,-469.06,5.5
6351,2600.689655172414,2.5,200.0,11,350,-714.94,5.5
6371,2695.5,2.5,200.0,12,350,-679.61,5.5
6391,2625.1612903225805,2.5,200.0,15,350,-619.52,5.5
6541,4786.9,2.5,300.0,14,350,349.85,5.5
6571,5234.476190476191,2.5,330.0,18,350,488.41,5.5
6601,4358.380952380952,2.5,300.0,20,350,462.26,5.5
6631,3546.0,2.5,220.0,21,350,334.79,5.5
6681,2173.214285714286,2.5,220.0,25,350,352.49,5.5
6731,986.6666666666666,2.5,220.0,21,350,358.37,5.5
6791,1495.4285714285713,2.5,220.0,21,350,375.07,5.5
6851,1485.531914893617,2.5,280.0,25,350,300.12,5.5
6901,1156.9565217391305,2.5,220.0,25,350,275.9,5.5
7441,4560.428571428572,2.5,220.0,20,350,950.38,5.5
7451,4560.428571428572,2.5,120.0,20,350,950.38,5.5
7461,4560.428571428572,2.5,130.0,20,350,950.38,5.5
7491,3651.875,2.5,220.0,17,350,46.64,5.5
7501,3651.875,2.5,130.0,17,350,46.64,5.5
7511,3651.875,2.5,120.0,17,350,46.64,5.5
7531,2936.818181818182,2.5,220.0,18,350,23.35,5.5
7541,2936.818181818182,2.5,130.0,18,350,23.35,5.5
7551,2936.818181818182,2.5,120.0,18,350,23.35,5.5
7581,3447.222222222222,2.5,350.0,15,350,-153.03,5.5
7611,3261.6666666666665,2.5,350.0,15,350,-170.33,5.5
7641,4075.6,2.5,350.0,15,350,-125.84,5.5
7671,3445.6,2.5,350.0,10,350,167.6,5.5
7701,3782.4137931034484,2.5,350.0,15,350,-130.78,5.5
7731,4185.833333333333,2.5,350.0,15,350,-124.07,5.5
7761,4595.896266742661,2.5,120.0,11,350,1961.23,5.5
7771,4595.896266742661,2.5,350.0,11,350,1961.23,5.5
7811,4851.866666666667,2.5,350.0,9,350,761.95,5.5
7851,4938.333333333333,2.5,120.0,12,350,807.55,5.5
7861,4938.333333333333,2.5,350.0,12,350,807.55,5.5
7891,3663.8888888888887,2.5,350.0,15,350,-133.61,5.5
7921,3012.6315789473683,2.5,350.0,15,350,-175.62,5.5
7951,4163.414634146341,2.5,350.0,8,350,-276.05,5.5
7981,4289.583333333333,2.5,350.0,15,350,-122.66,5.5
8031,3871.28,2.5,310.0,15,350,61.97,5.5
8061,3964.72,2.5,310.0,15,350,59.15,5.5
8121,4822.833333333333,2.5,325.0,9,350,796.11,5.5
8151,3593.0526315789475,2.5,310.0,8,350,731.08,5.5
8181,3221.36,3.7599999999999993,325.0,15,450,-1611.75,5.5
8191,3202.923076923077,3.87,325.0,15,450,-1686.75,5.5
8201,3490.75,4.6,325.0,15,450,-2218.8,5.5
8211,4389.6,2.5,500.0,10,350,948.73,5.5
8241,3754.2,2.5,500.0,15,350,980.97,5.5
8271,4987.0,2.66,450.0,12,450,1236.15,5.5
8301,5456.4,3.01,450.0,15,450,-144.72,5.5
8561,3521.714285714286,2.2008333333333328,300.0,24,450,491.82,5.5
8821,2028.5,2.5,460.0,16,350,-493.5,5.5
8831,2028.5,2.5,200.0,16,350,-493.5,5.5
8841,4433.218334154756,2.5,200.4,15,450,-42.83,5.5
8851,4433.218334154756,2.5,221.8,15,450,-42.83,5.5
8871,4414.5077720207255,2.5,200.5,15,450,-73.84,5.5
8881,4414.5077720207255,2.5,207.3,15,450,-73.84,5.5
8911,2390.153846153846,2.5,450.0,11,350,811.5,5.5
8941,2664.4210526315787,2.5,450.0,10,350,783.94,5.5
8971,7152.0,2.5,300.0,15,350,876.91,5.5
9021,1951.8666666666666,2.5,300.0,15,350,557.01,5.5
9161,3984.0707964601766,2.4435294117647057,300.0,10,450,-107.58,5.5
9171,3984.0707964601766,2.4435294117647057,200.0,10,450,-107.58,5.5
9191,3366.4615384615386,2.5,200.0,14,350,-289.27,5.5
9281,2494.864864864865,2.5,300.0,16,350,876.85,5.5
9311,4044.266666666667,2.5,300.0,13,350,864.07,5.5
9341,2739.5238095238096,2.5,300.0,19,350,932.34,5.5
9441,4268.4,2.5,250.0,22,350,1013.55,5.5
9471,2890.5,2.5,250.0,17,350,1099.29,5.5
9531,6631.208791208791,2.5,250.0,21,350,874.87,5.5
9641,3862.222222222222,2.5,450.0,16,350,1025.8,5.5
9671,3383.3333333333335,2.5,450.0,17,350,1027.58,5.5
9701,2983.934426229508,2.5,450.0,17,350,1002.87,5.5
9751,3914.354066985646,2.5,181.8,15,450,-75.24,5.5
9761,3914.354066985646,2.5,180.0,15,450,-75.24,5.5
9771,3914.354066985646,2.5,41.1,15,450,-75.24,5.5
9791,5539.351851851851,2.5,180.0,16,450,76.09,5.5
9801,5539.351851851851,2.5,69.4,16,450,76.09,5.5
9821,3080.96,2.5,48.0,21,450,-3.68,5.5
9831,3080.96,2.5,165.2,21,450,-3.68,5.5
9841,3080.96,2.5,180.0,21,450,-3.68,5.5
9861,4692.566371681416,2.5,180.0,15,450,-16.24,5.5
9871,4692.566371681416,2.5,195.0,15,450,-16.24,5.5
9881,4692.566371681416,2.5,35.4,15,450,-16.24,5.5
9901,3412.2184894861266,2.5,300.0,12,350,792.55,5.5
9941,3276.563677467973,2.5,280.0,15,350,829.63,5.5
10001,4065.565515157619,2.5,280.0,16,350,890.6,5.5
10061,3510.6161841128437,2.5,310.0,20,350,969.56,5.5
10101,3915.9245678365637,2.5,310.0,16,350,899.78,5.5
10151,4225.208333333333,2.5,280.0,18,350,932.07,5.5
10241,2494.7619047619046,2.7,176.0,10,450,261.41,5.5
10301,3106.7619047619046,2.5,204.5,18,450,-71.95,5.5
10311,3106.7619047619046,2.5,199.3,18,450,-71.95,5.5
10331,2893.3333333333335,2.5,204.5,15,450,-171.78,5.5
10341,2893.3333333333335,2.5,181.5,15,450,-171.78,5.5
10891,6101.818181818182,2.5,400.0,10,350,512.23,5.5
10901,6101.818181818182,2.5,150.0,10,350,512.23,5.5
11111,4076.4,4.546842105263158,250.0,13,450,-1323.71,5.5
11141,4763.5,4.336,250.0,12,450,-750.58,5.5
11811,4464.583333333333,2.5,220.0,14,350,-400.21,5.5
11821,4464.583333333333,2.5,200.0,14,350,-400.21,5.5
11831,4412.5,2.5,220.0,14,350,-80.93,5.5
11841,4412.5,2.5,200.0,14,350,-80.93,5.5
11851,4197.8,2.5,220.0,15,350,-61.75,5.5
11861,4197.8,2.5,200.0,15,350,-61.75,5.5
11881,5153.4,2.5,220.0,13,350,-393.52,5.5
11891,5153.4,2.5,200.0,13,350,-393.52,5.5
11981,2285.0,2.5,240.0,22,350,1256.85,5.5
12141,4500.0,2.683333333333333,171.0,13,450,134.81,5.5
12481,2097.92,2.5,400.0,23,350,785.26,5.5
12521,3279.52,2.5,400.0,19,350,1050.97,5.5
12551,3314.4,2.5,400.0,24,350,1153.82,5.5
12581,3390.0,2.5,400.0,24,350,1549.26,5.5
12621,4465.52,2.5,400.0,22,350,1085.45,5.5
12681,6272.391304347826,2.5,150.0,14,450,-266.22,5.5
12691,6272.391304347826,2.5,415.0,14,450,-266.22,5.5
12701,6272.391304347826,2.5,150.0,14,450,-266.22,5.5
12741,6545.3448275862065,2.5,150.0,23,450,297.04,5.5
12751,6545.3448275862065,2.5,415.0,23,450,297.04,5.5
12761,6545.3448275862065,2.5,150.0,23,450,297.04,5.5
12771,6545.3448275862065,2.5,150.0,23,450,297.04,5.5
12831,2112.328767123288,1.96,215.0,34,450,1437.37,6.0
12871,4217.515923566879,2.4866666666666672,300.0,11,450,-85.23,5.5
12881,4217.515923566879,2.4866666666666672,200.0,11,450,-85.23,5.5
12901,4295.490196078431,2.5,220.0,19,350,459.49,5.5
13041,3190.2380952380954,2.5,280.0,15,350,855.43,5.5
13091,2971.3333333333335,2.5,290.0,16,350,876.99,5.5
13161,4087.2,2.5,290.0,8,350,338.27,5.5
13181,3451.809523809524,2.5,280.0,16,350,1088.88,5.5
13251,3815.4,2.5,210.0,24,350,824.26,5.5
13291,2612.5,2.5,210.0,21,350,727.1,5.5
13331,3099.6875,2.5,361.0,14,350,-490.81,5.5
13341,3099.6875,2.5,191.0,14,350,-490.81,5.5
13351,2087.1794871794873,2.5,200.0,17,350,186.07,5.5
13371,2780.1,2.5,270.0,22,350,243.67,5.5
13401,1934.4086021505377,2.5,200.0,15,350,146.48,5.5
13421,1948.279569892473,2.5,200.0,15,350,150.72,5.5
13561,2464.8,2.5,290.0,26,350,960.06,5.5
13661,4362.705882352941,2.5,324.0,15,350,905.4,5.5
13901,6275.5,2.5,400.0,12,350,-33.22,5.5
13911,6275.5,2.5,400.0,12,350,-33.22,5.5
13951,6247.75,2.5,400.0,9,350,472.93,5.5
13961,6247.75,2.5,150.0,9,350,472.93,5.5
14141,4065.5,2.5,250.0,16,350,1163.01,5.5
14251,5480.666666666667,2.5,400.0,9,350,456.07,5.5
14261,5480.666666666667,2.5,150.0,9,350,456.07,5.5
14291,3974.375,2.5,210.0,26,350,865.97,5.5
14331,3680.4,2.5,220.0,26,350,870.72,5.5
14651,3888.235294117647,2.3,300.0,29,450,1379.92,5.5
14681,4268.166666666667,0.5903333333333334,233.0,15,450,802.59,5.5
14691,5424.48,1.453709677419355,233.0,15,450,534.02,5.5
14711,4062.5,0.5900000000000001,200.0,15,450,744.04,5.5
14721,3533.521126760563,3.3,450.0,27,350,472.02,6.25
14741,3304.705882352941,3.3,450.0,19,350,-1159.96,6.3
14761,3304.705882352941,3.3,450.0,18,350,-1180.46,6.3
14781,3338.8732394366198,3.3,450.0,23,350,369.19,6.25
14801,7611.724137931034,3.73,200.0,15,450,-1008.32,5.5
14811,7611.724137931034,3.73,200.0,15,450,-1008.32,5.5
14941,3637.9310344827586,3.07,200.0,15,450,-454.58,6.09
15021,2924.923076923077,3.0355140186915888,300.0,15,350,-1190.97,5.5
15041,2620.769230769231,3.318181818181818,300.0,15,350,-1410.83,5.5
15061,2925.0,3.0355140186915888,300.0,15,350,-1190.97,5.5
15081,3158.986928104575,3.1419354838709674,300.0,15,350,-1262.25,5.5
15141,3662.777777777778,2.67,430.0,15,350,-780.0,5.5
15151,3060.0,2.66,430.0,15,350,-784.57,5.5
15161,1444.5,2.66,430.0,15,350,-878.14,5.5
15171,3923.0,2.76,430.0,15,350,-815.78,5.5
15181,2446.5,2.62,430.0,15,350,-806.41,5.5
15191,2946.4285714285716,2.8,430.0,15,350,-892.81,5.5
15201,2048.6666666666665,2.22,430.0,15,350,-526.57,5.5
15781,5764.333333333333,2.5,200.0,15,450,1107.97,5.5
16201,3180.0664451827242,2.5,200.0,15,350,1227.33,5.5
16211,3180.0664451827242,2.5,400.0,15,350,1227.33,5.5
16231,3179.87012987013,2.5,200.0,15,350,1227.33,5.5
16241,3179.87012987013,2.5,400.0,15,350,1227.33,5.5
16691,2760.0,2.6153846153846154,120.0,23,350,476.87,5.5
16701,2760.0,2.6153846153846154,200.0,23,350,476.87,5.5
16721,2765.9615384615386,2.3625,120.0,18,350,754.96,5.5
16731,2765.9615384615386,2.3625,200.0,18,350,754.96,5.5
16761,4217.444444444444,2.5964285714285715,272.22,28,450,1296.0,5.5
16831,3014.0,2.745945945945946,272.72,27,450,1704.04,5.5
16901,2882.695652173913,2.371052631578947,260.82,24,450,931.08,5.5
17811,3280.156657963447,2.4,274.16,22,450,1650.92,5.5
17871,6826.818181818182,4.3,450.0,15,450,-1562.35,5.5
17881,6826.818181818182,4.3,300.0,15,450,-1562.35,5.5
17891,6873.913043478261,4.25,340.0,15,450,-1590.2,5.5
17901,6873.913043478261,4.25,300.0,15,450,-1590.2,5.5
17911,2780.5333333333333,1.9448275862068964,180.0,15,450,-253.39,5.5
17921,3200.4545454545455,1.9448275862068964,180.0,15,450,-198.31,5.5
17931,2789.68085106383,3.61,200.0,15,450,-1270.38,5.5
17941,2789.68085106383,3.61,180.0,15,450,-1270.38,5.5
17951,2789.68085106383,3.61,200.0,15,450,-1270.38,5.5
17961,5896.692913385827,2.8476190476190477,180.0,19,450,963.51,5.5
18251,4712.5,2.3,110.0,22,450,406.01,5.5
18261,4712.5,2.3,310.0,22,450,406.01,5.5
18271,4712.5,2.3,100.0,22,450,406.01,5.5
18281,4712.5,2.3,183.0,22,450,406.01,5.5
18291,4712.5,2.3,160.0,22,450,406.01,5.5
18301,4449.6,2.4,100.0,22,450,346.03,5.5
18311,4449.6,2.4,310.0,22,450,346.03,5.5
18321,4449.6,2.4,150.0,22,450,346.03,5.5
18331,4449.6,2.4,170.0,22,450,346.03,5.5
18341,4449.6,2.4,140.0,22,450,346.03,5.5
18351,4859.545454545455,1.8,114.0,21,450,779.56,5.5
18361,4859.545454545455,1.8,315.0,21,450,779.56,5.5
18371,4859.545454545455,1.8,150.0,21,450,779.56,5.5
18381,4859.545454545455,1.8,140.0,21,450,779.56,5.5
18391,4859.545454545455,1.8,170.0,21,450,779.56,5.5
18411,4738.333333333333,2.1,100.0,18,450,499.34,5.5
18421,4738.333333333333,2.1,310.0,18,450,499.34,5.5
18431,4738.333333333333,2.1,145.0,18,450,499.34,5.5
18441,4738.333333333333,2.1,140.0,18,450,499.34,5.5
18451,4738.333333333333,2.1,170.0,18,450,499.34,5.5
18641,1974.7826086956522,4.06,350.0,17,450,-1221.14,5.5
18651,1974.7826086956522,4.06,200.0,17,450,-1221.14,5.5
18661,3251.4,3.5,350.0,19,450,-705.88,5.5
18671,3251.4,3.5,200.0,19,450,-705.88,5.5
19171,4537.820512820513,3.659,230.0,19,450,199.66,5.14
19211,4523.037974683544,3.709000000000001,230.0,20,450,316.35,5.806
19281,4189.909090909091,2.625,230.0,23,450,1035.3,5.075
19321,5031.623931623932,2.823,230.0,18,450,325.0,5.702
19361,3364.967320261438,2.88,260.0,23,450,965.91,6.04
19391,3771.52,2.5,50.0,15,350,1019.7,5.5
19401,3771.52,2.5,600.0,15,350,1019.7,5.5
19421,2577.4117647058824,2.5,50.0,17,350,1296.1,5.5
19431,2577.4117647058824,2.5,600.0,17,350,1296.1,5.5
19451,3540.0,2.845833333333333,200.0,15,350,-195.48,5.5
19461,3540.0,2.845833333333333,350.0,15,350,-195.48,5.5
19471,3540.0,2.845833333333333,150.0,15,350,-195.48,5.5
19481,3662.7884615384614,3.0529411764705885,200.0,15,350,754.39,5.5
19491,3662.7884615384614,3.0529411764705885,350.0,15,350,754.39,5.5
19511,3717.0,2.5821428571428573,350.0,15,350,1094.21,5.5
19531,3540.0,3.1923076923076925,350.0,15,350,631.06,5.5
19551,3268.409090909091,2.6923076923076925,200.0,15,350,991.57,5.5
19561,3268.409090909091,2.6923076923076925,350.0,15,350,991.57,5.5
19581,2957.16814159292,3.5780769036366387,200.0,12,450,13.1,5.5
19611,1538.9705882352941,3.061363636363637,200.0,10,450,-557.02,5.5
19641,1950.5813953488373,3.181578943603917,200.0,15,450,313.0,5.5
19671,2688.36370919287,0.3868888888888889,200.0,19,450,2381.35,5.5
19701,1650.967741935484,3.2058823529411766,175.0,23,450,-403.45,5.5
19711,1650.967741935484,3.2058823529411766,205.0,23,450,-403.45,5.5
19721,1650.967741935484,3.2058823529411766,135.0,23,450,-403.45,5.5
19731,1650.967741935484,3.2058823529411766,151.0,23,450,-403.45,5.5
19741,1650.967741935484,3.2058823529411766,7.0,23,450,-403.45,5.5
19761,3373.809523809524,2.450136363636364,193.0,23,450,266.99,5.5
19771,3373.809523809524,2.450136363636364,208.0,23,450,266.99,5.5
19781,3373.809523809524,2.450136363636364,153.0,23,450,266.99,5.5
19791,3373.809523809524,2.450136363636364,150.0,23,450,266.99,5.5
19811,2042.0,4.0,200.0,20,450,-1210.33,5.5
19821,2042.0,4.0,250.0,20,450,-1210.33,5.5
19831,2042.0,4.0,175.0,20,450,-1210.33,5.5
19841,2919.090909090909,3.1,200.0,23,450,-401.61,5.5
19851,2919.090909090909,3.1,250.0,23,450,-401.61,5.5
19861,2919.090909090909,3.1,175.0,23,450,-401.61,5.5
19871,2919.090909090909,3.1,200.0,23,450,-401.61,5.5
19881,3232.2916666666665,3.4,200.0,26,450,-60.97,5.5
19891,3232.2916666666665,3.4,175.0,26,450,-60.97,5.5
19901,3232.2916666666665,3.4,200.0,26,450,-60.97,5.5
19911,2627.2727272727275,3.4,200.0,22,450,-697.13,5.5
19921,2627.2727272727275,3.4,250.0,22,450,-697.13,5.5
19931,2627.2727272727275,3.4,175.0,22,450,-697.13,5.5
19941,2105.4430379746836,3.3,200.0,23,450,-636.59,5.5
19951,2105.4430379746836,3.3,250.0,23,450,-636.59,5.5
19961,2105.4430379746836,3.3,175.0,23,450,-636.59,5.5
19971,2231.224127735068,3.4,250.0,20,450,-209.26,5.5
19981,2231.224127735068,3.4,175.0,20,450,-209.26,5.5
19991,2231.224127735068,3.4,200.0,20,450,-209.26,5.5
20001,3004.8,3.3,200.0,22,450,-609.78,5.5
20011,3004.8,3.3,250.0,22,450,-609.78,5.5
20021,3004.8,3.3,175.0,22,450,-609.78,5.5
20231,2724.0163934426228,2.66,120.0,24,350,212.07,5.5
20241,2724.0163934426228,2.66,350.0,24,350,212.07,5.5
20251,2724.0163934426228,2.66,240.0,24,350,212.07,5.5
20271,2759.137931034483,2.25,120.0,23,350,525.88,5.5
20281,2759.137931034483,2.25,350.0,23,350,525.88,5.5
20301,2970.0,2.45,120.0,20,350,-501.85,5.5
20311,2970.0,2.45,350.0,20,350,-501.85,5.5
20321,2072.8,2.74,120.0,20,350,-367.94,5.5
20331,2072.8,2.74,350.0,20,350,-367.94,5.5
20351,2245.0,2.88,120.0,20,350,-447.93,5.5
20361,2245.0,2.88,350.0,20,350,-447.93,5.5
20381,2969.879518072289,2.45,120.0,19,350,286.75,5.5
20391,2969.879518072289,2.45,350.0,19,350,286.75,5.5
20401,2969.879518072289,2.45,240.0,19,350,286.75,5.5
20421,3495.3968253968255,2.41,120.0,23,350,420.36,5.5
20431,3495.3968253968255,2.41,350.0,23,350,420.36,5.5
20441,3495.3968253968255,2.41,240.0,23,350,420.36,5.5
20461,2970.0,2.45,120.0,21,350,327.75,5.5
20471,2970.0,2.45,350.0,21,350,327.75,5.5
20481,2970.0,2.45,240.0,21,350,327.75,5.5
20501,1685.0,2.5,120.0,20,350,232.41,5.5
20511,1685.0,2.5,350.0,20,350,232.41,5.5
20531,4907.7192982456145,3.436,300.0,18,450,742.69,5.5
20581,5038.326506729081,2.5,266.0,25,450,1488.34,5.5
20631,4973.421926910299,2.602702702702703,281.36,23,450,1491.18,5.5
20841,2108.2608695652175,2.5,370.0,17,350,1081.32,5.5
20961,3165.0561797752807,2.293846153846154,300.0,10,350,863.47,5.5
21011,3847.222222222222,3.785454545454545,300.0,13,350,-254.38,5.5
21071,1770.0,3.2555555555555555,300.0,12,350,9.29,5.5
21141,3013.9823008849557,2.006896551724138,143.0,23,450,1563.34,5.5
21151,3013.9823008849557,2.006896551724138,257.0,23,450,1563.34,5.5
21171,2443.9024390243903,1.9853658536585368,143.0,18,450,1375.42,5.5
21181,2443.9024390243903,1.9853658536585368,257.0,18,450,1375.42,5.5
21261,4699.857142857143,2.5,250.0,23,450,575.77,5.5
21271,4699.857142857143,2.5,200.0,23,450,575.77,5.5
21281,4699.857142857143,2.5,320.0,23,450,575.77,5.5
21311,5028.315789473684,2.45,250.0,19,450,519.62,5.5
21321,5028.315789473684,2.45,320.0,19,450,519.62,5.5
21331,5028.315789473684,2.45,200.0,19,450,519.62,5.5
21361,5892.413793103448,2.9,250.0,21,450,258.82,5.5
21371,5892.413793103448,2.9,320.0,21,450,258.82,5.5
21381,5892.413793103448,2.9,200.0,21,450,258.82,5.5
21411,4361.6,2.855,250.0,15,450,95.45,5.5
21421,4361.6,2.855,320.0,15,450,95.45,5.5
21431,4361.6,2.855,200.0,15,450,95.45,5.5
21461,4832.9807692307695,2.21,250.0,18,450,682.7,5.5
21471,4832.9807692307695,2.21,200.0,18,450,682.7,5.5
21481,4832.9807692307695,2.21,320.0,18,450,682.7,5.5
21511,3304.6875,2.5,480.0,15,350,823.01,6.7
21531,4148.536585365854,2.5,480.0,22,350,1048.2,6.3
21561,3275.3658536585367,2.5,480.0,23,350,978.31,6.3
21591,3338.9247311827958,2.5,480.0,24,350,1001.64,6.3
21621,4389.375,2.5,480.0,21,350,1050.3,6.7
21651,4778.367346938776,2.33,160.0,11,350,581.15,5.5
21691,4260.0,2.1,160.0,15,350,22.05,5.5
21721,2904.0047405066416,2.2,245.0,23,350,1256.69,5.5
21761,2729.873772791024,3.1,245.0,20,350,525.31,5.5
21801,2730.0527240773285,2.6,245.0,21,350,917.24,5.5
22161,3245.4761904761904,2.15,160.0,21,450,372.01,5.5
22171,3245.4761904761904,2.15,205.0,21,450,372.01,5.5
22181,3245.4761904761904,2.15,142.0,21,450,372.01,5.5
22191,3245.4761904761904,2.15,125.0,21,450,372.01,5.5
22201,3245.4761904761904,2.15,157.0,21,450,372.01,5.5
22211,308.3333333333333,1.85,150.0,27,450,808.53,5.5
22221,308.3333333333333,1.85,172.0,27,450,808.53,5.5
22261,3120.0,2.5,400.0,19,350,1291.91,5.5
22851,2853.0158730158732,2.6387363038714398,250.0,17,350,239.54,6.651935719503285
22881,3682.205882352941,2.60996584605058,250.0,22,350,393.43,6.305998262689277
22911,3414.6363636363635,3.6932432432432423,250.0,18,350,-473.88,6.021621621621621
23001,2660.9473684210525,3.6208333333333336,200.0,11,350,-109.83,5.5
23011,2660.9473684210525,3.6208333333333336,320.0,11,350,-109.83,5.5
23031,4368.0,3.6583333333333337,200.0,14,350,-113.96,5.5
23041,4368.0,3.6583333333333337,320.0,14,350,-113.96,5.5
23061,5049.666666666667,3.6125,200.0,11,350,4.76,5.5
23071,5049.666666666667,3.6125,320.0,11,350,4.76,5.5
23091,2661.0,3.201639344262295,200.0,11,350,201.58,5.5
23101,2661.0,3.201639344262295,320.0,11,350,201.58,5.5
23121,4468.16,3.778688524590164,200.0,14,350,-199.84,5.5
23131,4468.16,3.778688524590164,320.0,14,350,-199.84,5.5
23151,3978.0,3.756666666666667,200.0,13,350,-219.87,5.5
23161,3978.0,3.756666666666667,320.0,13,350,-219.87,5.5
23181,5134.3,4.241269841269841,320.0,16,450,-302.4,5.5
23221,2887.8688524590166,2.501639344262295,320.0,16,450,901.63,5.5
23261,4369.538461538462,2.5,320.0,12,450,865.69,5.5
23301,2043.851851851852,2.963235294117647,270.0,17,450,508.42,5.5
23341,5810.75,3.01,450.0,15,450,-615.47,5.5
23351,5810.75,3.01,200.0,15,450,-615.47,5.5
23521,5395.076923076923,3.196551724137931,185.0,26,450,587.82,5.5
23571,5373.0,2.01,290.0,19,450,1700.85,5.5
23631,5075.684210526316,2.8991625,165.0,17,450,-172.76,5.5
23641,5075.684210526316,2.8991625,205.0,17,450,-172.76,5.5
23651,5075.684210526316,2.8991625,170.0,17,450,-172.76,5.5
23661,5075.684210526316,2.8991625,105.0,17,450,-172.76,5.5
23671,5075.684210526316,2.8991625,150.0,17,450,-172.76,5.5
23681,5157.798165137615,3.4415333333333336,130.0,22,450,-545.77,5.5
23691,5157.798165137615,3.4415333333333336,205.0,22,450,-545.77,5.5
23701,5157.798165137615,3.4415333333333336,102.0,22,450,-545.77,5.5
23711,5157.798165137615,3.4415333333333336,151.0,22,450,-545.77,5.5
23721,5157.798165137615,3.4415333333333336,150.0,22,450,-545.77,5.5
23731,4042.8,2.0653,142.0,19,450,403.06,5.5
23741,4042.8,2.0653,205.0,19,450,403.06,5.5
23751,4042.8,2.0653,130.0,19,450,403.06,5.5
23761,4042.8,2.0653,140.0,19,450,403.06,5.5
23771,4042.8,2.0653,150.0,19,450,403.06,5.5
23791,5603.1,3.068792307692308,140.0,22,450,-269.84,5.5
23801,5603.1,3.068792307692308,150.0,22,450,-269.84,5.5
23811,5603.1,3.068792307692308,130.0,22,450,-269.84,5.5
24031,2700.058241118229,2.55,120.0,13,350,74.28,5.5
24041,2700.058241118229,2.55,350.0,13,350,74.28,5.5
24051,2700.058241118229,2.55,240.0,13,350,74.28,5.5
24071,2719.196428571429,2.55,128.0,15,350,127.18,5.5
24081,2719.196428571429,2.55,350.0,15,350,127.18,5.5
24091,2719.196428571429,2.55,240.0,15,350,127.18,5.5
24111,2719.251336898396,2.46,120.0,15,350,193.44,5.5
24121,2719.251336898396,2.46,350.0,15,350,193.44,5.5
24131,2719.251336898396,2.46,240.0,15,350,193.44,5.5
24151,2719.310344827586,2.43,120.0,15,350,215.73,5.5
24161,2719.310344827586,2.43,350.0,15,350,215.73,5.5
24171,2719.310344827586,2.43,240.0,15,350,215.73,5.5
24191,2640.2966625463537,2.375,120.0,9,350,128.99,5.5
24201,2640.2966625463537,2.375,350.0,9,350,128.99,5.5
24211,2640.2966625463537,2.375,240.0,9,350,128.99,5.5
24271,3660.0,3.574647887323944,220.0,15,350,-140.26,5.5
24371,3353.75,1.7,125.0,21,450,710.23,5.5
24381,3353.75,1.7,450.0,21,450,710.23,5.5
24391,3353.75,1.7,150.0,21,450,710.23,5.5
24401,3353.75,1.7,130.0,21,450,710.23,5.5
24411,3353.75,1.7,210.0,21,450,710.23,5.5
24421,3145.5550437586367,2.45,105.0,21,450,201.1,5.5
24431,3145.5550437586367,2.45,305.0,21,450,201.1,5.5
24441,3145.5550437586367,2.45,104.0,21,450,201.1,5.5
24451,3145.5550437586367,2.45,200.0,21,450,201.1,5.5
24461,3145.5550437586367,2.45,150.0,21,450,201.1,5.5
24471,3773.75,1.6,105.0,27,450,830.19,5.5
24481,3773.75,1.6,322.0,27,450,830.19,5.5
24491,3773.75,1.6,160.0,27,450,830.19,5.5
24501,3773.75,1.6,200.0,27,450,830.19,5.5
24511,3773.75,1.6,90.0,27,450,830.19,5.5
24691,3339.549180327869,3.5431200000000005,204.0,14,450,291.22,5.5
24771,2870.9166666666665,2.132941176470588,200.0,15,350,-503.51,5.5
24791,1980.0,1.8857142857142857,250.0,16,350,1363.32,5.5
24831,1500.0,1.7,250.0,15,350,1199.44,5.5
24871,1206.0869565217392,2.20625,253.0,15,350,949.9,5.5
24901,1740.0,1.586111111111111,253.0,11,350,1283.56,5.5
24931,1980.0,1.9933333333333332,250.0,17,350,1303.87,5.5
24961,2100.0,2.225,250.0,12,350,890.51,5.5
25001,4226.8421052631575,1.5,200.0,15,450,75.63,5.5
25011,4226.8421052631575,1.5,180.0,15,450,75.63,5.5
25021,4521.5625,1.9,200.0,8,450,53.55,5.5
25031,4521.5625,1.9,200.0,8,450,53.55,5.5
25051,3201.714285714286,2.0,200.0,15,450,382.73,5.5
25061,3201.714285714286,2.0,200.0,15,450,382.73,5.5
25071,3201.714285714286,2.0,200.0,15,450,382.73,5.5
25091,4201.111111111111,2.0,200.0,15,450,-251.63,5.5
25101,4201.111111111111,2.0,180.0,15,450,-251.63,5.5
25111,4200.0,2.5,280.0,21,350,1038.11,5.5
25151,4410.0,2.5,280.0,19,350,205.61,5.5
25181,3088.214285714286,2.2,400.0,15,450,-382.54,5.5
25201,2706.153846153846,3.4420000076293946,320.0,14,450,108.08,5.5
25221,2663.913043478261,3.322222179836697,320.0,13,450,168.08,5.5
25241,2391.8571428571427,3.3119999980926518,320.0,13,450,167.67,5.5
25271,991.2258064516129,3.047962962962964,250.0,18,450,78.64,5.5
25281,991.2258064516129,3.047962962962964,250.0,18,450,78.64,5.5
25321,2100.0,1.5,250.0,12,350,1306.64,5.5
25351,4844.262295081967,3.1,450.0,19,350,595.45,5.5
25391,4913.333333333333,3.1,450.0,18,350,661.0,5.5
25421,3728.3333333333335,2.3,450.0,15,450,-434.81,5.5
25451,4126.333333333333,2.3788,200.0,15,450,939.66,5.5
25461,4126.333333333333,2.3788,166.7,15,450,939.66,5.5
25551,3779.982418686425,2.1875,235.0,23,350,1210.74,5.5
25581,3780.0174194351125,1.8125,235.0,21,350,1448.31,5.5
25611,2700.0,2.24,280.0,21,350,1373.13,5.5
25641,3780.0382717292778,1.988888888888889,235.0,22,350,1351.55,5.5
25671,3959.9851521900523,1.776923076923077,235.0,21,350,1638.82,5.5
25711,3959.989522624582,1.6933333333333334,260.0,21,350,1721.33,5.5
25891,2914.75,1.9209,205.0,16,450,1522.96,5.5
25961,4942.797202797203,2.275,280.0,20,450,805.19,5.5
25971,4942.797202797203,2.275,200.0,20,450,805.19,5.5
26001,4295.598349381018,3.0,278.0,13,450,558.08,5.5
26041,2474.8888888888887,2.543229166666667,190.0,20,450,864.86,5.5
26111,2790.0,2.5,350.0,20,450,228.94,5.5
26121,2790.0,2.5,250.0,20,450,228.94,5.5
26131,2790.0,2.5,120.0,20,450,228.94,5.5
26151,3827.5653923541245,3.642635294117648,350.0,17,450,-216.25,5.5
26161,3827.5653923541245,3.642635294117648,250.0,17,450,-216.25,5.5
26191,5967.142857142857,2.040909090909091,255.0,18,450,1609.77,5.5
26721,1100.0,2.5,300.0,15,450,429.34,5.5
26761,628.0,2.5,300.0,15,450,406.39,5.5
27071,2400.0,2.8,210.0,27,350,567.91,5.5
27111,2340.0,3.5,210.0,27,350,56.43,5.5
27231,4380.588235294118,1.708695652173913,250.0,22,450,1716.36,5.5
27271,4382.972582972583,2.5,248.0,20,450,242.86,5.5
27281,4382.972582972583,2.5,130.0,20,450,242.86,5.5
27291,4382.972582972583,2.5,170.0,20,450,242.86,5.5
27301,4382.972582972583,2.5,140.0,20,450,242.86,5.5
27361,1122.7118644067796,2.9,400.0,16,450,-527.09,5.5
27371,1122.7118644067796,2.9,175.0,16,450,-527.09,5.5
27381,1122.7118644067796,2.9,200.0,16,450,-527.09,5.5
27521,2640.0,2.542222222222222,200.0,24,350,571.3,5.5
27601,3704.0,2.5,400.0,27,450,995.51,5.5
27641,3497.28,2.5,400.0,24,450,932.95,5.5
27691,4473.888888888889,1.4,350.0,10,450,771.61,5.5
27721,3805.873015873016,1.5,350.0,12,450,696.66,5.5
27751,2411.8478260869565,2.45,350.0,10,450,-753.31,5.5
27801,2254.8571428571427,2.69875,200.0,12,350,546.65,5.5
27841,3772.1666666666665,2.89,200.0,19,350,643.77,5.5
27881,2606.8571428571427,2.635,200.0,18,350,767.85,5.5
27921,3882.0,2.7625,200.0,17,350,706.31,5.5
27961,2730.5128205128203,2.38,200.0,17,350,950.91,5.5
28001,2254.8,4.4,200.0,15,350,-2246.65,5.5
28021,2254.7619047619046,2.93,200.0,15,350,-1154.65,5.5
28041,2400.0,3.3,210.0,17,350,83.5,5.5
28081,3717.0,3.1,210.0,29,350,349.32,5.5
28121,3540.0,3.35,210.0,27,350,116.95,5.5
28161,3540.0,3.05,210.0,30,350,401.31,5.5
28201,5880.0,2.8,380.0,15,350,-768.13,5.5
28521,3200.8264462809916,3.6976714285714287,250.0,20,450,-717.18,5.5
28531,3200.8264462809916,3.6976714285714287,70.0,20,450,-717.18,5.5
28541,3200.8264462809916,3.6976714285714287,190.0,20,450,-717.18,5.5
28551,3200.8264462809916,3.6976714285714287,180.0,20,450,-717.18,5.5
28571,4074.9354005167957,3.628457142857143,260.0,20,450,911.44,5.5
28581,4074.9354005167957,3.628457142857143,190.0,20,450,911.44,5.5
28621,2681.75,4.88125,340.0,17,450,-350.22,5.5
28671,2829.6103896103896,5.907407407407407,340.0,21,450,-233.82,5.5
28721,3032.3,4.1125,300.0,15,450,-1866.87,5.5
28731,5715.0,3.922118181818182,450.0,15,450,-131.55,5.5
28761,5823.725490196079,4.611764705882353,340.0,22,450,-148.62,5.5
29111,3327.5,3.7,340.0,23,450,456.16,5.5
29381,3754.186046511628,2.5,200.0,25,350,572.75,5.5
29391,3754.186046511628,2.5,150.0,25,350,572.75,5.5
29491,2580.0,2.5708333333333333,280.0,14,350,1348.88,5.5
29671,2963.9473684210525,3.2,280.0,15,350,354.92,5.5
29701,3840.0,4.2,240.0,15,350,-355.63,5.5
29731,3312.0833333333335,3.5,240.0,15,350,131.19,5.5
29761,3311.978021978022,3.6,240.0,15,350,109.16,5.5
29791,3834.0,4.4,240.0,15,350,-504.55,5.5
29821,3834.0,2.3,240.0,15,350,1055.45,5.5
29851,3140.990990990991,2.7071428571428573,240.0,22,350,848.81,5.5
29881,2915.3571428571427,2.4,240.0,19,350,995.0,5.5
30111,2580.0,3.046875,280.0,17,350,635.2,5.5
30181,3215.714285714286,2.5,320.0,15,450,-665.62,5.5
30201,3057.021276595745,3.2,300.0,15,450,-643.96,5.5
30211,2390.566037735849,2.8,300.0,15,450,-399.78,5.5
30271,2242.5641025641025,2.5,450.0,15,350,863.69,5.5
30311,2979.5833333333335,3.1,450.0,15,350,514.75,5.5
30341,4719.558823529412,3.1,450.0,15,350,580.45,5.5
30381,3630.8571428571427,3.1,160.0,15,450,-337.4,5.5
30391,3630.8571428571427,3.1,450.0,15,450,-337.4,5.5
30411,4014.4,2.1,160.0,15,450,438.65,5.5
30421,4014.4,2.1,450.0,15,450,438.65,5.5
30441,4473.6,2.5,450.0,15,450,848.98,5.5
31381,2776.6666666666665,2.7,360.0,15,350,-610.22,5.5
31391,2776.6666666666665,2.7,200.0,15,350,-610.22,5.5
31401,2940.0,2.66,360.0,15,350,-81.29,5.5
31421,4710.0,2.5,400.0,25,350,237.95,5.5
31431,4710.0,2.5,200.0,25,350,237.95,5.5
31671,3116.176470588235,4.16,250.0,18,350,-648.15,5.5
31691,3510.0,2.5,250.0,21,350,912.52,5.5
31711,1540.8064516129032,2.91,250.0,22,350,529.23,5.5
31731,3194.8837209302324,3.3466666666666667,250.0,18,350,202.99,5.5
